image_path,steering,speed,source,sequence_key,chunk_id
data\training_data\6647.png,85.0,1.0,csv,csv_000006647,13
data\training_data\10008.png,89.375,0.0,csv,csv_000010008,19
data\training_data\1365.png,85.0,1.0,csv,csv_000001365,2
data\training_data\4347.png,80.625,1.0,csv,csv_000004347,8
car\data\drive_frames\1773066025265_65_35.png,65.0,35.0,drive_frames,drive_1773066025265,29
data\training_data\2235.png,93.75,1.0,csv,csv_000002235,4
data\training_data\3663.png,89.375,1.0,csv,csv_000003663,7
data\training_data\7043.png,85.0,1.0,csv,csv_000007043,14
data\training_data\3782.png,58.75,1.0,csv,csv_000003782,7
data\training_data\11264.png,98.125,0.0,csv,csv_000011264,22
data\training_data\12572.png,85.0,1.0,csv,csv_000012572,25
car\data\drive_frames\1773147867734_80_35.png,80.0,35.0,drive_frames,drive_1773147867734,31
data\training_data\6629.png,50.0,1.0,csv,csv_000006629,13
data\training_data\5824.png,85.0,1.0,csv,csv_000005824,11
data\training_data\10337.png,63.125,1.0,csv,csv_000010337,20
car\data\drive_frames\1773065769970_75_35.png,75.0,35.0,drive_frames,drive_1773065769970,29
data\training_data\12888.png,106.875,1.0,csv,csv_000012888,25
data\training_data\10255.png,80.625,1.0,csv,csv_000010255,20
data\training_data\1308.png,85.0,0.0,csv,csv_000001308,2
data\training_data\5945.png,58.75,0.0,csv,csv_000005945,11
data\training_data\5604.png,76.25,1.0,csv,csv_000005604,11
data\training_data\13380.png,85.0,0.0,csv,csv_000013380,26
data\training_data\8511.png,63.125,1.0,csv,csv_000008511,16
data\training_data\10247.png,85.0,1.0,csv,csv_000010247,20
data\training_data\5766.png,89.375,1.0,csv,csv_000005766,11
car\data\drive_frames\1772210043285_90_35.png,90.0,35.0,drive_frames,drive_1772210043285,29
data\training_data\3695.png,85.0,0.0,csv,csv_000003695,7
data\training_data\7447.png,93.75,1.0,csv,csv_000007447,14
data\training_data\11100.png,102.5,1.0,csv,csv_000011100,22
data\training_data\11452.png,93.75,1.0,csv,csv_000011452,22
data\training_data\11915.png,102.5,1.0,csv,csv_000011915,23
data\training_data\14346.png,63.125,1.0,csv,csv_000014346,28
car\data\drive_frames\1773148003278_80_35.png,80.0,35.0,drive_frames,drive_1773148003278,31
data\training_data\2995.png,85.0,1.0,csv,csv_000002995,5
data\training_data\9809.png,102.5,1.0,csv,csv_000009809,19
data\training_data\2733.png,80.625,1.0,csv,csv_000002733,5
data\training_data\1044.png,67.5,1.0,csv,csv_000001044,2
data\training_data\10506.png,89.375,1.0,csv,csv_000010506,20
data\training_data\5852.png,67.5,1.0,csv,csv_000005852,11
data\training_data\7315.png,102.5,1.0,csv,csv_000007315,14
data\training_data\12962.png,76.25,1.0,csv,csv_000012962,25
data\training_data\5723.png,93.75,1.0,csv,csv_000005723,11
data\training_data\4165.png,54.375,1.0,csv,csv_000004165,8
data\training_data\8482.png,89.375,1.0,csv,csv_000008482,16
data\training_data\11397.png,58.75,1.0,csv,csv_000011397,22
data\training_data\5356.png,80.625,1.0,csv,csv_000005356,10
data\training_data\2923.png,85.0,1.0,csv,csv_000002923,5
data\training_data\6674.png,85.0,1.0,csv,csv_000006674,13
data\training_data\2392.png,89.375,1.0,csv,csv_000002392,4
data\training_data\10081.png,85.0,0.0,csv,csv_000010081,20
data\training_data\8943.png,85.0,1.0,csv,csv_000008943,17
data\training_data\3548.png,85.0,0.0,csv,csv_000003548,7
data\training_data\6532.png,85.0,0.0,csv,csv_000006532,13
data\training_data\1381.png,102.5,1.0,csv,csv_000001381,2
data\training_data\13146.png,93.75,1.0,csv,csv_000013146,26
data\training_data\13262.png,85.0,1.0,csv,csv_000013262,26
data\training_data\9850.png,98.125,1.0,csv,csv_000009850,19
data\training_data\7099.png,85.0,1.0,csv,csv_000007099,14
data\training_data\4471.png,106.875,1.0,csv,csv_000004471,8
car\data\drive_frames\1773148033030_85_35.png,85.0,35.0,drive_frames,drive_1773148033030,31
data\training_data\9983.png,98.125,0.0,csv,csv_000009983,19
data\training_data\2590.png,106.875,1.0,csv,csv_000002590,5
data\training_data\8055.png,111.25,0.0,csv,csv_000008055,16
car\data\drive_frames\1772210055724_85_35.png,85.0,35.0,drive_frames,drive_1772210055724,29
data\training_data\8954.png,85.0,1.0,csv,csv_000008954,17
car\data\drive_frames\1773147802325_120_35.png,120.0,35.0,drive_frames,drive_1773147802325,31
data\training_data\11055.png,85.0,1.0,csv,csv_000011055,22
data\training_data\7166.png,85.0,0.0,csv,csv_000007166,14
data\training_data\11824.png,50.0,1.0,csv,csv_000011824,23
data\training_data\3002.png,67.5,1.0,csv,csv_000003002,5
data\training_data\5342.png,93.75,1.0,csv,csv_000005342,10
data\training_data\2237.png,102.5,1.0,csv,csv_000002237,4
car\data\drive_frames\1772210035012_90_35.png,90.0,35.0,drive_frames,drive_1772210035012,29
data\training_data\12890.png,58.75,1.0,csv,csv_000012890,25
data\training_data\5075.png,93.75,1.0,csv,csv_000005075,10
data\training_data\13420.png,85.0,0.0,csv,csv_000013420,26
data\training_data\6585.png,106.875,1.0,csv,csv_000006585,13
data\training_data\9912.png,85.0,1.0,csv,csv_000009912,19
data\training_data\7406.png,89.375,1.0,csv,csv_000007406,14
data\training_data\7457.png,102.5,1.0,csv,csv_000007457,14
data\training_data\12928.png,102.5,1.0,csv,csv_000012928,25
car\data\drive_frames\1772209964598_125_35.png,120.0,35.0,drive_frames,drive_1772209964598,28
data\training_data\6698.png,71.875,1.0,csv,csv_000006698,13
data\training_data\9752.png,85.0,1.0,csv,csv_000009752,19
data\training_data\12535.png,85.0,0.0,csv,csv_000012535,25
car\data\drive_frames\1773065717904_95_35.png,95.0,35.0,drive_frames,drive_1773065717904,29
data\training_data\8630.png,106.875,1.0,csv,csv_000008630,17
data\training_data\14169.png,106.875,1.0,csv,csv_000014169,28
data\training_data\13038.png,85.0,0.0,csv,csv_000013038,26
data\training_data\2082.png,80.625,1.0,csv,csv_000002082,4
data\training_data\14251.png,89.375,1.0,csv,csv_000014251,28
data\training_data\11627.png,93.75,1.0,csv,csv_000011627,23
data\training_data\8189.png,98.125,1.0,csv,csv_000008189,16
data\training_data\9533.png,111.25,1.0,csv,csv_000009533,19
data\training_data\1040.png,98.125,0.0,csv,csv_000001040,2
data\training_data\594.png,80.625,1.0,csv,csv_000000594,1
data\training_data\6633.png,85.0,1.0,csv,csv_000006633,13
car\data\drive_frames\1773066023202_90_0.png,90.0,0.0,drive_frames,drive_1773066023202,29
data\training_data\12031.png,106.875,0.0,csv,csv_000012031,23
data\training_data\601.png,58.75,1.0,csv,csv_000000601,1
data\training_data\14309.png,111.25,0.0,csv,csv_000014309,28
data\training_data\1194.png,89.375,1.0,csv,csv_000001194,2
data\training_data\11802.png,85.0,0.0,csv,csv_000011802,23
data\training_data\2285.png,58.75,1.0,csv,csv_000002285,4
data\training_data\5113.png,85.0,0.0,csv,csv_000005113,10
data\training_data\2410.png,98.125,1.0,csv,csv_000002410,4
data\training_data\2225.png,106.875,1.0,csv,csv_000002225,4
data\training_data\9933.png,71.875,1.0,csv,csv_000009933,19
car\data\drive_frames\1773147929868_85_35.png,85.0,35.0,drive_frames,drive_1773147929868,31
data\training_data\13289.png,98.125,1.0,csv,csv_000013289,26
data\training_data\5203.png,98.125,0.0,csv,csv_000005203,10
data\training_data\8832.png,85.0,1.0,csv,csv_000008832,17
data\training_data\773.png,102.5,1.0,csv,csv_000000773,1
data\training_data\7133.png,80.625,1.0,csv,csv_000007133,14
data\training_data\1486.png,106.875,1.0,csv,csv_000001486,2
data\training_data\11879.png,58.75,1.0,csv,csv_000011879,23
car\data\drive_frames\1772209971836_115_35.png,115.0,35.0,drive_frames,drive_1772209971836,28
data\training_data\3656.png,80.625,1.0,csv,csv_000003656,7
data\training_data\9611.png,106.875,1.0,csv,csv_000009611,19
data\training_data\5546.png,85.0,1.0,csv,csv_000005546,11
data\training_data\4384.png,85.0,1.0,csv,csv_000004384,8
data\training_data\2690.png,71.875,1.0,csv,csv_000002690,5
data\training_data\7393.png,85.0,1.0,csv,csv_000007393,14
data\training_data\1151.png,106.875,1.0,csv,csv_000001151,2
data\training_data\1314.png,71.875,1.0,csv,csv_000001314,2
data\training_data\1250.png,106.875,1.0,csv,csv_000001250,2
data\training_data\4143.png,76.25,1.0,csv,csv_000004143,8
data\training_data\8300.png,80.625,1.0,csv,csv_000008300,16
data\training_data\2364.png,80.625,0.0,csv,csv_000002364,4
data\training_data\10299.png,89.375,1.0,csv,csv_000010299,20
data\training_data\13196.png,85.0,0.0,csv,csv_000013196,26
data\training_data\12773.png,89.375,0.0,csv,csv_000012773,25
car\data\drive_frames\1773147927773_85_35.png,85.0,35.0,drive_frames,drive_1773147927773,31
data\training_data\11373.png,106.875,1.0,csv,csv_000011373,22
data\training_data\1380.png,71.875,1.0,csv,csv_000001380,2
data\training_data\4379.png,89.375,1.0,csv,csv_000004379,8
data\training_data\8072.png,89.375,1.0,csv,csv_000008072,16
data\training_data\5085.png,71.875,1.0,csv,csv_000005085,10
data\training_data\650.png,85.0,0.0,csv,csv_000000650,1
data\training_data\717.png,98.125,1.0,csv,csv_000000717,1
data\training_data\12791.png,98.125,1.0,csv,csv_000012791,25
car\data\drive_frames\1772210078473_100_35.png,100.0,35.0,drive_frames,drive_1772210078473,29
data\training_data\11895.png,102.5,0.0,csv,csv_000011895,23
data\training_data\6773.png,85.0,1.0,csv,csv_000006773,13
data\training_data\4420.png,85.0,0.0,csv,csv_000004420,8
data\training_data\6807.png,106.875,1.0,csv,csv_000006807,13
data\training_data\1131.png,85.0,1.0,csv,csv_000001131,2
data\training_data\5122.png,98.125,1.0,csv,csv_000005122,10
car\data\drive_frames\1773066075981_65_35.png,65.0,35.0,drive_frames,drive_1773066075981,29
data\training_data\1007.png,85.0,1.0,csv,csv_000001007,1
data\training_data\12694.png,76.25,1.0,csv,csv_000012694,25
data\training_data\2247.png,93.75,1.0,csv,csv_000002247,4
data\training_data\5347.png,93.75,1.0,csv,csv_000005347,10
data\training_data\4429.png,89.375,1.0,csv,csv_000004429,8
data\training_data\8137.png,98.125,1.0,csv,csv_000008137,16
data\training_data\2933.png,93.75,1.0,csv,csv_000002933,5
data\training_data\7516.png,106.875,1.0,csv,csv_000007516,14
data\training_data\1415.png,85.0,0.0,csv,csv_000001415,2
car\data\drive_frames\1772209968735_85_35.png,85.0,35.0,drive_frames,drive_1772209968735,28
data\training_data\2483.png,93.75,1.0,csv,csv_000002483,4
data\training_data\11252.png,115.625,1.0,csv,csv_000011252,22
data\training_data\10270.png,98.125,1.0,csv,csv_000010270,20
data\training_data\6860.png,85.0,1.0,csv,csv_000006860,13
data\training_data\8958.png,93.75,1.0,csv,csv_000008958,17
data\training_data\12933.png,58.75,1.0,csv,csv_000012933,25
data\training_data\10177.png,106.875,1.0,csv,csv_000010177,20
car\data\drive_frames\1773147791987_120_35.png,120.0,35.0,drive_frames,drive_1773147791987,31
data\training_data\2097.png,85.0,1.0,csv,csv_000002097,4
data\training_data\5858.png,93.75,1.0,csv,csv_000005858,11
data\training_data\11837.png,54.375,1.0,csv,csv_000011837,23
car\data\drive_frames\1773066190769_75_0.png,75.0,0.0,drive_frames,drive_1773066190769,29
data\training_data\13285.png,106.875,0.0,csv,csv_000013285,26
data\training_data\13282.png,93.75,1.0,csv,csv_000013282,26
car\data\drive_frames\1773147953647_85_35.png,85.0,35.0,drive_frames,drive_1773147953647,31
data\training_data\12971.png,58.75,1.0,csv,csv_000012971,25
data\training_data\6865.png,98.125,1.0,csv,csv_000006865,13
car\data\drive_frames\1773148047504_95_35.png,95.0,35.0,drive_frames,drive_1773148047504,31
data\training_data\5803.png,76.25,1.0,csv,csv_000005803,11
data\training_data\8841.png,102.5,1.0,csv,csv_000008841,17
data\training_data\7213.png,85.0,1.0,csv,csv_000007213,14
data\training_data\4127.png,50.0,0.0,csv,csv_000004127,8
data\training_data\4349.png,89.375,1.0,csv,csv_000004349,8
data\training_data\1317.png,93.75,1.0,csv,csv_000001317,2
data\training_data\7159.png,102.5,1.0,csv,csv_000007159,14
data\training_data\10087.png,102.5,1.0,csv,csv_000010087,20
data\training_data\4067.png,106.875,1.0,csv,csv_000004067,8
data\training_data\11258.png,80.625,1.0,csv,csv_000011258,22
data\training_data\5465.png,98.125,1.0,csv,csv_000005465,10
data\training_data\9874.png,98.125,1.0,csv,csv_000009874,19
data\training_data\8889.png,67.5,1.0,csv,csv_000008889,17
data\training_data\5696.png,106.875,1.0,csv,csv_000005696,11
car\data\drive_frames\1773065843382_90_35.png,90.0,35.0,drive_frames,drive_1773065843382,29
data\training_data\820.png,98.125,1.0,csv,csv_000000820,1
data\training_data\5545.png,54.375,1.0,csv,csv_000005545,11
data\training_data\7182.png,106.875,1.0,csv,csv_000007182,14
data\training_data\2375.png,80.625,0.0,csv,csv_000002375,4
data\training_data\1061.png,111.25,0.0,csv,csv_000001061,2
data\training_data\995.png,80.625,1.0,csv,csv_000000995,1
data\training_data\13243.png,106.875,1.0,csv,csv_000013243,26
car\data\drive_frames\1773065840280_60_35.png,60.0,35.0,drive_frames,drive_1773065840280,29
data\training_data\8661.png,67.5,0.0,csv,csv_000008661,17
data\training_data\1482.png,67.5,1.0,csv,csv_000001482,2
car\data\drive_frames\1773066153540_50_35.png,50.0,35.0,drive_frames,drive_1773066153540,29
data\training_data\6631.png,54.375,1.0,csv,csv_000006631,13
data\training_data\13472.png,63.125,1.0,csv,csv_000013472,26
data\training_data\8813.png,85.0,1.0,csv,csv_000008813,17
data\training_data\8771.png,89.375,1.0,csv,csv_000008771,17
data\training_data\12739.png,115.625,0.0,csv,csv_000012739,25
data\training_data\6707.png,85.0,0.0,csv,csv_000006707,13
data\training_data\9857.png,85.0,0.0,csv,csv_000009857,19
data\training_data\12574.png,102.5,1.0,csv,csv_000012574,25
data\training_data\2209.png,98.125,1.0,csv,csv_000002209,4
data\training_data\9660.png,85.0,1.0,csv,csv_000009660,19
data\training_data\10071.png,111.25,0.0,csv,csv_000010071,20
car\data\drive_frames\1772210008130_125_35.png,120.0,35.0,drive_frames,drive_1772210008130,29
car\data\drive_frames\1773066169057_90_35.png,90.0,35.0,drive_frames,drive_1773066169057,29
data\training_data\5866.png,111.25,0.0,csv,csv_000005866,11
car\data\drive_frames\1772209951156_120_35.png,120.0,35.0,drive_frames,drive_1772209951156,28
data\training_data\13006.png,80.625,1.0,csv,csv_000013006,25
data\training_data\8361.png,76.25,1.0,csv,csv_000008361,16
data\training_data\9914.png,71.875,1.0,csv,csv_000009914,19
data\training_data\3941.png,93.75,1.0,csv,csv_000003941,7
data\training_data\692.png,89.375,0.0,csv,csv_000000692,1
data\training_data\8769.png,85.0,1.0,csv,csv_000008769,17
data\training_data\1124.png,85.0,1.0,csv,csv_000001124,2
data\training_data\2078.png,76.25,1.0,csv,csv_000002078,4
data\training_data\7215.png,89.375,1.0,csv,csv_000007215,14
data\training_data\11849.png,85.0,1.0,csv,csv_000011849,23
data\training_data\9879.png,85.0,0.0,csv,csv_000009879,19
data\training_data\11260.png,106.875,1.0,csv,csv_000011260,22
data\training_data\8089.png,93.75,1.0,csv,csv_000008089,16
data\training_data\11730.png,93.75,1.0,csv,csv_000011730,23
data\training_data\12783.png,80.625,1.0,csv,csv_000012783,25
data\training_data\12010.png,80.625,1.0,csv,csv_000012010,23
data\training_data\1461.png,106.875,1.0,csv,csv_000001461,2
data\training_data\2323.png,85.0,0.0,csv,csv_000002323,4
data\training_data\12910.png,80.625,1.0,csv,csv_000012910,25
data\training_data\7080.png,89.375,1.0,csv,csv_000007080,14
data\training_data\12635.png,58.75,1.0,csv,csv_000012635,25
data\training_data\8713.png,80.625,1.0,csv,csv_000008713,17
data\training_data\4381.png,80.625,0.0,csv,csv_000004381,8
data\training_data\7387.png,76.25,1.0,csv,csv_000007387,14
data\training_data\5162.png,71.875,1.0,csv,csv_000005162,10
data\training_data\9639.png,98.125,1.0,csv,csv_000009639,19
data\training_data\3682.png,76.25,1.0,csv,csv_000003682,7
data\training_data\5154.png,58.75,1.0,csv,csv_000005154,10
data\training_data\8309.png,93.75,1.0,csv,csv_000008309,16
data\training_data\14336.png,89.375,1.0,csv,csv_000014336,28
data\training_data\11307.png,85.0,1.0,csv,csv_000011307,22
data\training_data\8524.png,102.5,1.0,csv,csv_000008524,17
data\training_data\2105.png,80.625,1.0,csv,csv_000002105,4
data\training_data\12919.png,89.375,1.0,csv,csv_000012919,25
data\training_data\14413.png,111.25,1.0,csv,csv_000014413,28
data\training_data\5428.png,85.0,0.0,csv,csv_000005428,10
data\training_data\11291.png,89.375,1.0,csv,csv_000011291,22
data\training_data\9003.png,58.75,1.0,csv,csv_000009003,17
data\training_data\13405.png,58.75,1.0,csv,csv_000013405,26
data\training_data\14042.png,93.75,1.0,csv,csv_000014042,28
car\data\drive_frames\1773147858428_95_35.png,95.0,35.0,drive_frames,drive_1773147858428,31
data\training_data\14319.png,85.0,1.0,csv,csv_000014319,28
car\data\drive_frames\1773147883239_90_35.png,90.0,35.0,drive_frames,drive_1773147883239,31
data\training_data\8970.png,85.0,1.0,csv,csv_000008970,17
data\training_data\2719.png,102.5,1.0,csv,csv_000002719,5
data\training_data\11472.png,106.875,1.0,csv,csv_000011472,22
data\training_data\741.png,85.0,1.0,csv,csv_000000741,1
data\training_data\6886.png,58.75,0.0,csv,csv_000006886,13
data\training_data\3608.png,85.0,1.0,csv,csv_000003608,7
car\data\drive_frames\1772210036044_105_35.png,105.0,35.0,drive_frames,drive_1772210036044,29
data\training_data\6544.png,93.75,1.0,csv,csv_000006544,13
data\training_data\4446.png,80.625,1.0,csv,csv_000004446,8
car\data\drive_frames\1773145031894_90_0.png,90.0,0.0,drive_frames,drive_1773145031894,29
data\training_data\2774.png,93.75,1.0,csv,csv_000002774,5
data\training_data\6845.png,85.0,0.0,csv,csv_000006845,13
data\training_data\3748.png,85.0,1.0,csv,csv_000003748,7
data\training_data\5190.png,89.375,1.0,csv,csv_000005190,10
data\training_data\14112.png,85.0,0.0,csv,csv_000014112,28
data\training_data\7377.png,80.625,1.0,csv,csv_000007377,14
car\data\drive_frames\1773147928814_90_35.png,90.0,35.0,drive_frames,drive_1773147928814,31
data\training_data\5492.png,89.375,1.0,csv,csv_000005492,10
data\training_data\2751.png,106.875,0.0,csv,csv_000002751,5
car\data\drive_frames\1773065991137_85_35.png,85.0,35.0,drive_frames,drive_1773065991137,29
data\training_data\4467.png,93.75,1.0,csv,csv_000004467,8
car\data\drive_frames\1773147923632_120_35.png,120.0,35.0,drive_frames,drive_1773147923632,31
data\training_data\4074.png,106.875,1.0,csv,csv_000004074,8
data\training_data\4255.png,76.25,0.0,csv,csv_000004255,8
data\training_data\7036.png,54.375,1.0,csv,csv_000007036,14
data\training_data\11254.png,63.125,1.0,csv,csv_000011254,22
data\training_data\6530.png,85.0,1.0,csv,csv_000006530,13
data\training_data\7333.png,85.0,1.0,csv,csv_000007333,14
data\training_data\14363.png,93.75,0.0,csv,csv_000014363,28
data\training_data\11048.png,106.875,1.0,csv,csv_000011048,22
data\training_data\13372.png,58.75,1.0,csv,csv_000013372,26
data\training_data\8212.png,85.0,0.0,csv,csv_000008212,16
data\training_data\13521.png,85.0,1.0,csv,csv_000013521,26
data\training_data\13116.png,102.5,1.0,csv,csv_000013116,26
car\data\drive_frames\1773147976397_95_35.png,95.0,35.0,drive_frames,drive_1773147976397,31
data\training_data\3685.png,93.75,1.0,csv,csv_000003685,7
data\training_data\6913.png,102.5,1.0,csv,csv_000006913,13
data\training_data\8097.png,111.25,0.0,csv,csv_000008097,16
data\training_data\6601.png,98.125,1.0,csv,csv_000006601,13
data\training_data\679.png,85.0,1.0,csv,csv_000000679,1
data\training_data\6705.png,71.875,1.0,csv,csv_000006705,13
data\training_data\5975.png,89.375,0.0,csv,csv_000005975,11
data\training_data\4160.png,85.0,1.0,csv,csv_000004160,8
data\training_data\13202.png,71.875,1.0,csv,csv_000013202,26
data\training_data\4123.png,50.0,1.0,csv,csv_000004123,8
data\training_data\6638.png,85.0,1.0,csv,csv_000006638,13
data\training_data\7433.png,102.5,1.0,csv,csv_000007433,14
data\training_data\12815.png,85.0,1.0,csv,csv_000012815,25
data\training_data\8592.png,93.75,1.0,csv,csv_000008592,17
data\training_data\11599.png,102.5,1.0,csv,csv_000011599,23
data\training_data\4218.png,67.5,0.0,csv,csv_000004218,8
car\data\drive_frames\1773065838211_60_35.png,60.0,35.0,drive_frames,drive_1773065838211,29
data\training_data\8479.png,89.375,1.0,csv,csv_000008479,16
data\training_data\6833.png,80.625,1.0,csv,csv_000006833,13
data\training_data\11709.png,98.125,1.0,csv,csv_000011709,23
data\training_data\6985.png,106.875,1.0,csv,csv_000006985,13
data\training_data\9598.png,93.75,1.0,csv,csv_000009598,19
data\training_data\10423.png,80.625,1.0,csv,csv_000010423,20
data\training_data\12003.png,102.5,1.0,csv,csv_000012003,23
data\training_data\7501.png,58.75,1.0,csv,csv_000007501,14
data\training_data\11194.png,93.75,1.0,csv,csv_000011194,22
car\data\drive_frames\1773065802022_55_35.png,55.0,35.0,drive_frames,drive_1773065802022,29
data\training_data\4305.png,98.125,1.0,csv,csv_000004305,8
data\training_data\3523.png,63.125,1.0,csv,csv_000003523,7
data\training_data\2152.png,102.5,1.0,csv,csv_000002152,4
data\training_data\8111.png,85.0,0.0,csv,csv_000008111,16
car\data\drive_frames\1773148029932_85_35.png,85.0,35.0,drive_frames,drive_1773148029932,31
data\training_data\5924.png,89.375,1.0,csv,csv_000005924,11
car\data\drive_frames\1773065689991_90_35.png,90.0,35.0,drive_frames,drive_1773065689991,29
data\training_data\5995.png,85.0,1.0,csv,csv_000005995,11
data\training_data\2455.png,67.5,1.0,csv,csv_000002455,4
data\training_data\3881.png,58.75,1.0,csv,csv_000003881,7
data\training_data\2380.png,85.0,1.0,csv,csv_000002380,4
data\training_data\1122.png,85.0,0.0,csv,csv_000001122,2
data\training_data\2516.png,98.125,1.0,csv,csv_000002516,5
data\training_data\7412.png,58.75,1.0,csv,csv_000007412,14
data\training_data\2297.png,85.0,0.0,csv,csv_000002297,4
data\training_data\2611.png,89.375,1.0,csv,csv_000002611,5
data\training_data\7208.png,93.75,1.0,csv,csv_000007208,14
data\training_data\9723.png,85.0,0.0,csv,csv_000009723,19
car\data\drive_frames\1772209934613_90_35.png,90.0,35.0,drive_frames,drive_1772209934613,28
data\training_data\3617.png,102.5,1.0,csv,csv_000003617,7
car\data\drive_frames\1773148022925_110_35.png,110.0,35.0,drive_frames,drive_1773148022925,31
data\training_data\10116.png,85.0,1.0,csv,csv_000010116,20
data\training_data\5324.png,80.625,1.0,csv,csv_000005324,10
data\training_data\7265.png,98.125,1.0,csv,csv_000007265,14
data\training_data\4215.png,80.625,1.0,csv,csv_000004215,8
data\training_data\13065.png,106.875,1.0,csv,csv_000013065,26
data\training_data\3735.png,67.5,1.0,csv,csv_000003735,7
data\training_data\3932.png,115.625,1.0,csv,csv_000003932,7
data\training_data\12963.png,50.0,1.0,csv,csv_000012963,25
data\training_data\8273.png,111.25,1.0,csv,csv_000008273,16
data\training_data\14245.png,89.375,1.0,csv,csv_000014245,28
data\training_data\8332.png,80.625,1.0,csv,csv_000008332,16
data\training_data\1190.png,102.5,1.0,csv,csv_000001190,2
data\training_data\9901.png,85.0,0.0,csv,csv_000009901,19
data\training_data\5308.png,93.75,1.0,csv,csv_000005308,10
data\training_data\5559.png,85.0,0.0,csv,csv_000005559,11
car\data\drive_frames\1773066083218_50_35.png,50.0,35.0,drive_frames,drive_1773066083218,29
data\training_data\12562.png,58.75,1.0,csv,csv_000012562,25
data\training_data\524.png,85.0,1.0,csv,csv_000000524,1
data\training_data\4444.png,85.0,1.0,csv,csv_000004444,8
data\training_data\11688.png,93.75,1.0,csv,csv_000011688,23
data\training_data\8330.png,85.0,1.0,csv,csv_000008330,16
car\data\drive_frames\1773065747887_85_35.png,85.0,35.0,drive_frames,drive_1773065747887,29
car\data\drive_frames\1773066131824_50_35.png,50.0,35.0,drive_frames,drive_1773066131824,29
car\data\drive_frames\1773148048539_115_35.png,115.0,35.0,drive_frames,drive_1773148048539,31
data\training_data\11300.png,85.0,0.0,csv,csv_000011300,22
data\training_data\12578.png,76.25,0.0,csv,csv_000012578,25
data\training_data\11315.png,111.25,0.0,csv,csv_000011315,22
data\training_data\13004.png,63.125,1.0,csv,csv_000013004,25
data\training_data\948.png,67.5,1.0,csv,csv_000000948,1
data\training_data\6579.png,76.25,1.0,csv,csv_000006579,13
data\training_data\10233.png,102.5,1.0,csv,csv_000010233,20
car\data\drive_frames\1773148007414_80_35.png,80.0,35.0,drive_frames,drive_1773148007414,31
data\training_data\7103.png,58.75,0.0,csv,csv_000007103,14
data\training_data\1199.png,89.375,1.0,csv,csv_000001199,2
data\training_data\10479.png,71.875,1.0,csv,csv_000010479,20
data\training_data\3864.png,85.0,1.0,csv,csv_000003864,7
data\training_data\1325.png,102.5,1.0,csv,csv_000001325,2
data\training_data\2150.png,85.0,1.0,csv,csv_000002150,4
data\training_data\1481.png,98.125,1.0,csv,csv_000001481,2
data\training_data\8928.png,85.0,1.0,csv,csv_000008928,17
data\training_data\11188.png,106.875,1.0,csv,csv_000011188,22
data\training_data\2381.png,71.875,1.0,csv,csv_000002381,4
data\training_data\2160.png,102.5,1.0,csv,csv_000002160,4
data\training_data\10161.png,85.0,1.0,csv,csv_000010161,20
data\training_data\3522.png,85.0,0.0,csv,csv_000003522,7
data\training_data\970.png,93.75,1.0,csv,csv_000000970,1
data\training_data\10317.png,98.125,1.0,csv,csv_000010317,20
data\training_data\645.png,98.125,1.0,csv,csv_000000645,1
data\training_data\6798.png,98.125,1.0,csv,csv_000006798,13
data\training_data\2927.png,102.5,1.0,csv,csv_000002927,5
data\training_data\2576.png,85.0,0.0,csv,csv_000002576,5
data\training_data\11580.png,93.75,0.0,csv,csv_000011580,23
data\training_data\1135.png,98.125,0.0,csv,csv_000001135,2
data\training_data\12006.png,89.375,1.0,csv,csv_000012006,23
data\training_data\8762.png,102.5,0.0,csv,csv_000008762,17
data\training_data\6768.png,80.625,1.0,csv,csv_000006768,13
data\training_data\633.png,93.75,0.0,csv,csv_000000633,1
data\training_data\3875.png,89.375,1.0,csv,csv_000003875,7
data\training_data\8230.png,106.875,1.0,csv,csv_000008230,16
data\training_data\1340.png,120.0,1.0,csv,csv_000001340,2
data\training_data\5576.png,58.75,1.0,csv,csv_000005576,11
data\training_data\8107.png,106.875,1.0,csv,csv_000008107,16
data\training_data\14195.png,106.875,1.0,csv,csv_000014195,28
data\training_data\2775.png,106.875,1.0,csv,csv_000002775,5
data\training_data\4018.png,98.125,1.0,csv,csv_000004018,8
data\training_data\5287.png,58.75,1.0,csv,csv_000005287,10
data\training_data\9559.png,111.25,1.0,csv,csv_000009559,19
data\training_data\7016.png,106.875,0.0,csv,csv_000007016,13
data\training_data\12981.png,89.375,1.0,csv,csv_000012981,25
data\training_data\554.png,111.25,1.0,csv,csv_000000554,1
data\training_data\6936.png,71.875,1.0,csv,csv_000006936,13
data\training_data\8124.png,102.5,0.0,csv,csv_000008124,16
data\training_data\5448.png,102.5,1.0,csv,csv_000005448,10
car\data\drive_frames\1772210012263_90_35.png,90.0,35.0,drive_frames,drive_1772210012263,29
data\training_data\11143.png,80.625,1.0,csv,csv_000011143,22
data\training_data\13076.png,106.875,1.0,csv,csv_000013076,26
data\training_data\663.png,85.0,1.0,csv,csv_000000663,1
data\training_data\3531.png,80.625,1.0,csv,csv_000003531,7
car\data\drive_frames\1773066150435_65_35.png,65.0,35.0,drive_frames,drive_1773066150435,29
data\training_data\8218.png,111.25,0.0,csv,csv_000008218,16
data\training_data\3629.png,67.5,1.0,csv,csv_000003629,7
car\data\drive_frames\1773147942277_90_35.png,90.0,35.0,drive_frames,drive_1773147942277,31
data\training_data\7415.png,93.75,1.0,csv,csv_000007415,14
data\training_data\2854.png,102.5,1.0,csv,csv_000002854,5
data\training_data\4370.png,85.0,1.0,csv,csv_000004370,8
data\training_data\625.png,85.0,1.0,csv,csv_000000625,1
data\training_data\13125.png,85.0,1.0,csv,csv_000013125,26
car\data\drive_frames\1773147864629_110_35.png,110.0,35.0,drive_frames,drive_1773147864629,31
data\training_data\11317.png,102.5,1.0,csv,csv_000011317,22
data\training_data\5072.png,89.375,1.0,csv,csv_000005072,10
data\training_data\13115.png,111.25,1.0,csv,csv_000013115,26
data\training_data\4468.png,89.375,1.0,csv,csv_000004468,8
data\training_data\11761.png,89.375,0.0,csv,csv_000011761,23
data\training_data\1334.png,85.0,1.0,csv,csv_000001334,2
data\training_data\2581.png,85.0,1.0,csv,csv_000002581,5
data\training_data\920.png,85.0,1.0,csv,csv_000000920,1
data\training_data\3849.png,80.625,1.0,csv,csv_000003849,7
data\training_data\8707.png,111.25,0.0,csv,csv_000008707,17
data\training_data\2754.png,93.75,1.0,csv,csv_000002754,5
data\training_data\2630.png,85.0,0.0,csv,csv_000002630,5
data\training_data\951.png,85.0,1.0,csv,csv_000000951,1
data\training_data\13101.png,89.375,0.0,csv,csv_000013101,26
data\training_data\8861.png,98.125,1.0,csv,csv_000008861,17
data\training_data\2919.png,85.0,0.0,csv,csv_000002919,5
data\training_data\12733.png,89.375,1.0,csv,csv_000012733,25
car\data\drive_frames\1773066033539_105_35.png,105.0,35.0,drive_frames,drive_1773066033539,29
data\training_data\12937.png,89.375,1.0,csv,csv_000012937,25
data\training_data\1388.png,102.5,1.0,csv,csv_000001388,2
data\training_data\6816.png,98.125,1.0,csv,csv_000006816,13
data\training_data\2804.png,102.5,1.0,csv,csv_000002804,5
data\training_data\872.png,58.75,1.0,csv,csv_000000872,1
data\training_data\13167.png,111.25,1.0,csv,csv_000013167,26
data\training_data\7077.png,50.0,1.0,csv,csv_000007077,14
data\training_data\1289.png,98.125,1.0,csv,csv_000001289,2
data\training_data\8674.png,93.75,1.0,csv,csv_000008674,17
data\training_data\5859.png,85.0,0.0,csv,csv_000005859,11
data\training_data\1396.png,93.75,1.0,csv,csv_000001396,2
data\training_data\4024.png,89.375,1.0,csv,csv_000004024,8
data\training_data\2769.png,106.875,1.0,csv,csv_000002769,5
car\data\drive_frames\1773148067182_95_35.png,95.0,35.0,drive_frames,drive_1773148067182,31
data\training_data\13363.png,58.75,1.0,csv,csv_000013363,26
data\training_data\1307.png,63.125,1.0,csv,csv_000001307,2
data\training_data\12641.png,85.0,0.0,csv,csv_000012641,25
car\data\drive_frames\1773147896681_115_35.png,115.0,35.0,drive_frames,drive_1773147896681,31
data\training_data\8373.png,85.0,1.0,csv,csv_000008373,16
data\training_data\5757.png,106.875,1.0,csv,csv_000005757,11
data\training_data\1013.png,93.75,1.0,csv,csv_000001013,2
data\training_data\14036.png,85.0,1.0,csv,csv_000014036,28
data\training_data\1196.png,63.125,1.0,csv,csv_000001196,2
data\training_data\986.png,54.375,1.0,csv,csv_000000986,1
data\training_data\5496.png,89.375,1.0,csv,csv_000005496,10
data\training_data\11850.png,85.0,0.0,csv,csv_000011850,23
data\training_data\1120.png,67.5,0.0,csv,csv_000001120,2
data\training_data\10280.png,85.0,1.0,csv,csv_000010280,20
data\training_data\9681.png,63.125,1.0,csv,csv_000009681,19
data\training_data\12725.png,89.375,1.0,csv,csv_000012725,25
data\training_data\6828.png,80.625,1.0,csv,csv_000006828,13
data\training_data\4126.png,106.875,1.0,csv,csv_000004126,8
data\training_data\2281.png,71.875,1.0,csv,csv_000002281,4
data\training_data\2980.png,98.125,1.0,csv,csv_000002980,5
car\data\drive_frames\1773147950547_85_35.png,85.0,35.0,drive_frames,drive_1773147950547,31
car\data\drive_frames\1773065795817_90_35.png,90.0,35.0,drive_frames,drive_1773065795817,29
data\training_data\2013.png,89.375,0.0,csv,csv_000002013,4
data\training_data\11553.png,89.375,0.0,csv,csv_000011553,23
data\training_data\2668.png,89.375,1.0,csv,csv_000002668,5
data\training_data\12701.png,85.0,1.0,csv,csv_000012701,25
car\data\drive_frames\1772210070204_125_35.png,120.0,35.0,drive_frames,drive_1772210070204,29
data\training_data\8139.png,76.25,1.0,csv,csv_000008139,16
data\training_data\8963.png,98.125,1.0,csv,csv_000008963,17
data\training_data\12586.png,120.0,1.0,csv,csv_000012586,25
car\data\drive_frames\1772210071235_125_35.png,120.0,35.0,drive_frames,drive_1772210071235,29
data\training_data\5503.png,85.0,1.0,csv,csv_000005503,10
car\data\drive_frames\1773147967089_70_35.png,70.0,35.0,drive_frames,drive_1773147967089,31
data\training_data\6723.png,85.0,1.0,csv,csv_000006723,13
data\training_data\11137.png,98.125,1.0,csv,csv_000011137,22
data\training_data\6750.png,93.75,0.0,csv,csv_000006750,13
car\data\drive_frames\1773066134925_95_35.png,95.0,35.0,drive_frames,drive_1773066134925,29
data\training_data\12989.png,71.875,1.0,csv,csv_000012989,25
data\training_data\4411.png,71.875,1.0,csv,csv_000004411,8
data\training_data\3933.png,106.875,1.0,csv,csv_000003933,7
data\training_data\705.png,102.5,1.0,csv,csv_000000705,1
data\training_data\10253.png,111.25,1.0,csv,csv_000010253,20
data\training_data\2907.png,71.875,1.0,csv,csv_000002907,5
data\training_data\2084.png,98.125,1.0,csv,csv_000002084,4
data\training_data\7441.png,80.625,1.0,csv,csv_000007441,14
data\training_data\544.png,98.125,0.0,csv,csv_000000544,1
data\training_data\11415.png,80.625,1.0,csv,csv_000011415,22
data\training_data\11250.png,93.75,1.0,csv,csv_000011250,22
data\training_data\10000.png,85.0,0.0,csv,csv_000010000,19
data\training_data\2371.png,102.5,1.0,csv,csv_000002371,4
data\training_data\9649.png,89.375,1.0,csv,csv_000009649,19
car\data\drive_frames\1773066016992_80_0.png,80.0,0.0,drive_frames,drive_1773066016992,29
data\training_data\5651.png,106.875,1.0,csv,csv_000005651,11
data\training_data\6651.png,102.5,1.0,csv,csv_000006651,13
data\training_data\14265.png,63.125,1.0,csv,csv_000014265,28
data\training_data\2231.png,98.125,0.0,csv,csv_000002231,4
data\training_data\4158.png,89.375,0.0,csv,csv_000004158,8
data\training_data\5933.png,106.875,1.0,csv,csv_000005933,11
data\training_data\5335.png,89.375,1.0,csv,csv_000005335,10
data\training_data\804.png,85.0,0.0,csv,csv_000000804,1
car\data\drive_frames\1773147972262_120_35.png,120.0,35.0,drive_frames,drive_1773147972262,31
data\training_data\772.png,89.375,0.0,csv,csv_000000772,1
data\training_data\5879.png,120.0,1.0,csv,csv_000005879,11
data\training_data\8035.png,111.25,1.0,csv,csv_000008035,16
data\training_data\8213.png,85.0,1.0,csv,csv_000008213,16
car\data\drive_frames\1772205742024_65_35.png,65.0,35.0,drive_frames,drive_1772205742024,28
data\training_data\13051.png,102.5,1.0,csv,csv_000013051,26
data\training_data\9650.png,89.375,1.0,csv,csv_000009650,19
car\data\drive_frames\1773066119419_60_35.png,60.0,35.0,drive_frames,drive_1773066119419,29
data\training_data\2963.png,63.125,1.0,csv,csv_000002963,5
data\training_data\10204.png,102.5,1.0,csv,csv_000010204,20
data\training_data\12752.png,63.125,1.0,csv,csv_000012752,25
data\training_data\9945.png,98.125,1.0,csv,csv_000009945,19
data\training_data\2200.png,85.0,1.0,csv,csv_000002200,4
data\training_data\5531.png,85.0,0.0,csv,csv_000005531,11
data\training_data\7164.png,58.75,1.0,csv,csv_000007164,14
data\training_data\3605.png,106.875,0.0,csv,csv_000003605,7
data\training_data\3792.png,102.5,1.0,csv,csv_000003792,7
data\training_data\14395.png,76.25,0.0,csv,csv_000014395,28
data\training_data\8274.png,106.875,1.0,csv,csv_000008274,16
data\training_data\9835.png,98.125,0.0,csv,csv_000009835,19
data\training_data\509.png,89.375,1.0,csv,csv_000000509,1
data\training_data\1311.png,58.75,1.0,csv,csv_000001311,2
data\training_data\6911.png,85.0,0.0,csv,csv_000006911,13
data\training_data\1496.png,93.75,1.0,csv,csv_000001496,2
data\training_data\11547.png,80.625,1.0,csv,csv_000011547,23
data\training_data\3839.png,98.125,1.0,csv,csv_000003839,7
data\training_data\2414.png,106.875,1.0,csv,csv_000002414,4
data\training_data\1011.png,85.0,0.0,csv,csv_000001011,2
data\training_data\11405.png,102.5,1.0,csv,csv_000011405,22
data\training_data\2586.png,102.5,1.0,csv,csv_000002586,5
car\data\drive_frames\1773066132857_90_35.png,90.0,35.0,drive_frames,drive_1773066132857,29
data\training_data\14124.png,85.0,1.0,csv,csv_000014124,28
data\training_data\2898.png,102.5,1.0,csv,csv_000002898,5
data\training_data\1389.png,85.0,0.0,csv,csv_000001389,2
data\training_data\11918.png,106.875,1.0,csv,csv_000011918,23
data\training_data\6549.png,89.375,1.0,csv,csv_000006549,13
data\training_data\10391.png,67.5,0.0,csv,csv_000010391,20
data\training_data\5410.png,85.0,0.0,csv,csv_000005410,10
data\training_data\3850.png,76.25,0.0,csv,csv_000003850,7
data\training_data\2205.png,102.5,1.0,csv,csv_000002205,4
data\training_data\980.png,85.0,0.0,csv,csv_000000980,1
data\training_data\1202.png,54.375,1.0,csv,csv_000001202,2
data\training_data\4159.png,106.875,1.0,csv,csv_000004159,8
data\training_data\990.png,106.875,1.0,csv,csv_000000990,1
data\training_data\8677.png,106.875,1.0,csv,csv_000008677,17
data\training_data\771.png,58.75,1.0,csv,csv_000000771,1
data\training_data\583.png,89.375,1.0,csv,csv_000000583,1
data\training_data\7042.png,85.0,1.0,csv,csv_000007042,14
data\training_data\2264.png,80.625,1.0,csv,csv_000002264,4
data\training_data\5303.png,80.625,1.0,csv,csv_000005303,10
data\training_data\3624.png,58.75,1.0,csv,csv_000003624,7
car\data\drive_frames\1773147903921_95_35.png,95.0,35.0,drive_frames,drive_1773147903921,31
data\training_data\7332.png,58.75,1.0,csv,csv_000007332,14
data\training_data\13213.png,80.625,1.0,csv,csv_000013213,26
car\data\drive_frames\1773145034995_90_0.png,90.0,0.0,drive_frames,drive_1773145034995,29
data\training_data\8085.png,102.5,1.0,csv,csv_000008085,16
data\training_data\3948.png,111.25,1.0,csv,csv_000003948,7
data\training_data\13480.png,80.625,1.0,csv,csv_000013480,26
data\training_data\8414.png,76.25,1.0,csv,csv_000008414,16
data\training_data\10474.png,89.375,1.0,csv,csv_000010474,20
car\data\drive_frames\1773065740651_90_35.png,90.0,35.0,drive_frames,drive_1773065740651,29
data\training_data\3759.png,93.75,1.0,csv,csv_000003759,7
car\data\drive_frames\1773066176294_50_35.png,50.0,35.0,drive_frames,drive_1773066176294,29
data\training_data\7355.png,102.5,0.0,csv,csv_000007355,14
data\training_data\12634.png,85.0,1.0,csv,csv_000012634,25
car\data\drive_frames\1773066147338_70_35.png,70.0,35.0,drive_frames,drive_1773066147338,29
data\training_data\895.png,106.875,1.0,csv,csv_000000895,1
data\training_data\1420.png,85.0,1.0,csv,csv_000001420,2
data\training_data\5432.png,106.875,1.0,csv,csv_000005432,10
data\training_data\2373.png,102.5,1.0,csv,csv_000002373,4
data\training_data\7487.png,85.0,0.0,csv,csv_000007487,14
data\training_data\4386.png,80.625,1.0,csv,csv_000004386,8
data\training_data\9662.png,89.375,1.0,csv,csv_000009662,19
data\training_data\9006.png,85.0,0.0,csv,csv_000009006,17
data\training_data\5544.png,85.0,1.0,csv,csv_000005544,11
car\data\drive_frames\1773147882207_85_35.png,85.0,35.0,drive_frames,drive_1773147882207,31
data\training_data\652.png,102.5,0.0,csv,csv_000000652,1
data\training_data\1160.png,102.5,1.0,csv,csv_000001160,2
data\training_data\5055.png,50.0,1.0,csv,csv_000005055,10
data\training_data\5403.png,89.375,1.0,csv,csv_000005403,10
data\training_data\8785.png,111.25,1.0,csv,csv_000008785,17
data\training_data\2667.png,85.0,0.0,csv,csv_000002667,5
data\training_data\13482.png,98.125,1.0,csv,csv_000013482,26
data\training_data\5095.png,106.875,1.0,csv,csv_000005095,10
car\data\drive_frames\1773145050505_90_0.png,90.0,0.0,drive_frames,drive_1773145050505,29
data\training_data\11955.png,93.75,1.0,csv,csv_000011955,23
data\training_data\9577.png,102.5,1.0,csv,csv_000009577,19
data\training_data\14224.png,89.375,1.0,csv,csv_000014224,28
car\data\drive_frames\1773065693091_50_35.png,50.0,35.0,drive_frames,drive_1773065693091,29
data\training_data\14415.png,80.625,1.0,csv,csv_000014415,28
data\training_data\8591.png,85.0,1.0,csv,csv_000008591,17
data\training_data\2065.png,67.5,1.0,csv,csv_000002065,4
data\training_data\8900.png,89.375,1.0,csv,csv_000008900,17
data\training_data\718.png,63.125,1.0,csv,csv_000000718,1
data\training_data\3870.png,63.125,1.0,csv,csv_000003870,7
car\data\drive_frames\1772209943919_100_35.png,100.0,35.0,drive_frames,drive_1772209943919,28
data\training_data\14147.png,102.5,1.0,csv,csv_000014147,28
data\training_data\911.png,89.375,0.0,csv,csv_000000911,1
data\training_data\8951.png,102.5,1.0,csv,csv_000008951,17
data\training_data\12990.png,80.625,1.0,csv,csv_000012990,25
data\training_data\12952.png,85.0,0.0,csv,csv_000012952,25
data\training_data\2092.png,102.5,1.0,csv,csv_000002092,4
car\data\drive_frames\1772210085714_90_35.png,90.0,35.0,drive_frames,drive_1772210085714,29
data\training_data\700.png,80.625,1.0,csv,csv_000000700,1
data\training_data\12636.png,85.0,1.0,csv,csv_000012636,25
data\training_data\8730.png,106.875,1.0,csv,csv_000008730,17
data\training_data\8041.png,85.0,1.0,csv,csv_000008041,16
data\training_data\12560.png,89.375,1.0,csv,csv_000012560,25
data\training_data\10021.png,93.75,1.0,csv,csv_000010021,19
data\training_data\8876.png,58.75,1.0,csv,csv_000008876,17
data\training_data\13039.png,76.25,1.0,csv,csv_000013039,26
data\training_data\2239.png,80.625,1.0,csv,csv_000002239,4
data\training_data\9753.png,67.5,1.0,csv,csv_000009753,19
data\training_data\3679.png,85.0,0.0,csv,csv_000003679,7
data\training_data\7481.png,93.75,1.0,csv,csv_000007481,14
data\training_data\8118.png,102.5,1.0,csv,csv_000008118,16
data\training_data\5507.png,85.0,1.0,csv,csv_000005507,10
data\training_data\10354.png,106.875,1.0,csv,csv_000010354,20
data\training_data\9531.png,102.5,1.0,csv,csv_000009531,19
data\training_data\1350.png,102.5,1.0,csv,csv_000001350,2
data\training_data\3888.png,85.0,1.0,csv,csv_000003888,7
car\data\drive_frames\1773148011551_125_35.png,120.0,35.0,drive_frames,drive_1773148011551,31
data\training_data\9574.png,85.0,1.0,csv,csv_000009574,19
data\training_data\2661.png,102.5,1.0,csv,csv_000002661,5
data\training_data\2658.png,89.375,1.0,csv,csv_000002658,5
data\training_data\5999.png,58.75,1.0,csv,csv_000005999,11
car\data\drive_frames\1772209962530_125_35.png,120.0,35.0,drive_frames,drive_1772209962530,28
data\training_data\5462.png,98.125,1.0,csv,csv_000005462,10
data\training_data\8647.png,54.375,1.0,csv,csv_000008647,17
data\training_data\9916.png,89.375,1.0,csv,csv_000009916,19
data\training_data\8619.png,85.0,1.0,csv,csv_000008619,17
data\training_data\1192.png,93.75,1.0,csv,csv_000001192,2
car\data\drive_frames\1773147795089_100_35.png,100.0,35.0,drive_frames,drive_1773147795089,31
data\training_data\7455.png,102.5,0.0,csv,csv_000007455,14
data\training_data\4063.png,98.125,1.0,csv,csv_000004063,8
data\training_data\13204.png,93.75,0.0,csv,csv_000013204,26
data\training_data\790.png,80.625,1.0,csv,csv_000000790,1
car\data\drive_frames\1773147995009_90_35.png,90.0,35.0,drive_frames,drive_1773147995009,31
data\training_data\6622.png,71.875,1.0,csv,csv_000006622,13
car\data\drive_frames\1773147849119_120_35.png,120.0,35.0,drive_frames,drive_1773147849119,31
data\training_data\7218.png,111.25,1.0,csv,csv_000007218,14
data\training_data\7170.png,106.875,1.0,csv,csv_000007170,14
data\training_data\9638.png,89.375,1.0,csv,csv_000009638,19
data\training_data\5027.png,67.5,1.0,csv,csv_000005027,10
data\training_data\10512.png,76.25,1.0,csv,csv_000010512,20
data\training_data\725.png,111.25,0.0,csv,csv_000000725,1
data\training_data\13092.png,58.75,1.0,csv,csv_000013092,26
data\training_data\8242.png,102.5,1.0,csv,csv_000008242,16
data\training_data\4145.png,102.5,0.0,csv,csv_000004145,8
data\training_data\2562.png,76.25,1.0,csv,csv_000002562,5
data\training_data\2050.png,89.375,0.0,csv,csv_000002050,4
data\training_data\12805.png,115.625,1.0,csv,csv_000012805,25
data\training_data\1376.png,106.875,1.0,csv,csv_000001376,2
data\training_data\1447.png,106.875,1.0,csv,csv_000001447,2
data\training_data\8068.png,89.375,1.0,csv,csv_000008068,16
data\training_data\10072.png,93.75,1.0,csv,csv_000010072,20
data\training_data\2325.png,102.5,0.0,csv,csv_000002325,4
data\training_data\4454.png,85.0,1.0,csv,csv_000004454,8
data\training_data\11690.png,106.875,1.0,csv,csv_000011690,23
data\training_data\12858.png,98.125,1.0,csv,csv_000012858,25
data\training_data\4094.png,58.75,1.0,csv,csv_000004094,8
data\training_data\818.png,54.375,1.0,csv,csv_000000818,1
data\training_data\8265.png,98.125,1.0,csv,csv_000008265,16
data\training_data\13045.png,102.5,1.0,csv,csv_000013045,26
data\training_data\11840.png,98.125,1.0,csv,csv_000011840,23
data\training_data\12594.png,85.0,1.0,csv,csv_000012594,25
data\training_data\14357.png,89.375,1.0,csv,csv_000014357,28
data\training_data\1003.png,89.375,1.0,csv,csv_000001003,1
data\training_data\12997.png,89.375,1.0,csv,csv_000012997,25
car\data\drive_frames\1773066175258_65_35.png,65.0,35.0,drive_frames,drive_1773066175258,29
data\training_data\6639.png,63.125,1.0,csv,csv_000006639,13
data\training_data\12028.png,85.0,0.0,csv,csv_000012028,23
data\training_data\3564.png,106.875,1.0,csv,csv_000003564,7
data\training_data\8922.png,80.625,1.0,csv,csv_000008922,17
data\training_data\6945.png,102.5,0.0,csv,csv_000006945,13
data\training_data\12892.png,85.0,1.0,csv,csv_000012892,25
car\data\drive_frames\1773145061878_90_0.png,90.0,0.0,drive_frames,drive_1773145061878,29
data\training_data\11360.png,98.125,1.0,csv,csv_000011360,22
data\training_data\14347.png,102.5,1.0,csv,csv_000014347,28
data\training_data\3648.png,80.625,1.0,csv,csv_000003648,7
car\data\drive_frames\1772205758566_95_0.png,95.0,0.0,drive_frames,drive_1772205758566,28
data\training_data\1103.png,58.75,1.0,csv,csv_000001103,2
data\training_data\14185.png,102.5,1.0,csv,csv_000014185,28
data\training_data\8579.png,93.75,0.0,csv,csv_000008579,17
data\training_data\6552.png,98.125,1.0,csv,csv_000006552,13
data\training_data\5210.png,106.875,1.0,csv,csv_000005210,10
data\training_data\6636.png,111.25,1.0,csv,csv_000006636,13
data\training_data\2096.png,58.75,1.0,csv,csv_000002096,4
car\data\drive_frames\1773065712736_55_35.png,55.0,35.0,drive_frames,drive_1773065712736,29
data\training_data\13444.png,120.0,0.0,csv,csv_000013444,26
data\training_data\13030.png,102.5,1.0,csv,csv_000013030,25
data\training_data\8166.png,102.5,0.0,csv,csv_000008166,16
data\training_data\10030.png,85.0,1.0,csv,csv_000010030,20
data\training_data\10197.png,58.75,1.0,csv,csv_000010197,20
data\training_data\7321.png,98.125,1.0,csv,csv_000007321,14
data\training_data\12678.png,58.75,1.0,csv,csv_000012678,25
data\training_data\9861.png,85.0,0.0,csv,csv_000009861,19
data\training_data\11863.png,102.5,1.0,csv,csv_000011863,23
data\training_data\969.png,93.75,1.0,csv,csv_000000969,1
data\training_data\2282.png,89.375,1.0,csv,csv_000002282,4
data\training_data\8354.png,58.75,1.0,csv,csv_000008354,16
data\training_data\13031.png,115.625,0.0,csv,csv_000013031,25
data\training_data\11411.png,98.125,0.0,csv,csv_000011411,22
data\training_data\600.png,58.75,1.0,csv,csv_000000600,1
data\training_data\13168.png,102.5,1.0,csv,csv_000013168,26
data\training_data\8263.png,102.5,0.0,csv,csv_000008263,16
data\training_data\782.png,85.0,1.0,csv,csv_000000782,1
data\training_data\7071.png,67.5,1.0,csv,csv_000007071,14
data\training_data\1063.png,98.125,1.0,csv,csv_000001063,2
data\training_data\1413.png,93.75,1.0,csv,csv_000001413,2
data\training_data\11524.png,89.375,1.0,csv,csv_000011524,22
data\training_data\5277.png,85.0,1.0,csv,csv_000005277,10
data\training_data\8040.png,89.375,1.0,csv,csv_000008040,16
data\training_data\3558.png,54.375,1.0,csv,csv_000003558,7
data\training_data\10510.png,85.0,0.0,csv,csv_000010510,20
data\training_data\14066.png,85.0,0.0,csv,csv_000014066,28
data\training_data\13459.png,80.625,1.0,csv,csv_000013459,26
data\training_data\7329.png,63.125,1.0,csv,csv_000007329,14
data\training_data\6804.png,85.0,1.0,csv,csv_000006804,13
data\training_data\5840.png,85.0,1.0,csv,csv_000005840,11
data\training_data\9898.png,85.0,1.0,csv,csv_000009898,19
data\training_data\526.png,89.375,1.0,csv,csv_000000526,1
data\training_data\4487.png,89.375,1.0,csv,csv_000004487,8
data\training_data\2062.png,102.5,1.0,csv,csv_000002062,4
data\training_data\13349.png,85.0,0.0,csv,csv_000013349,26
data\training_data\11334.png,106.875,1.0,csv,csv_000011334,22
data\training_data\2902.png,89.375,1.0,csv,csv_000002902,5
data\training_data\6664.png,93.75,1.0,csv,csv_000006664,13
data\training_data\13509.png,93.75,1.0,csv,csv_000013509,26
data\training_data\10480.png,58.75,1.0,csv,csv_000010480,20
data\training_data\2428.png,106.875,1.0,csv,csv_000002428,4
car\data\drive_frames\1773065733414_60_35.png,60.0,35.0,drive_frames,drive_1773065733414,29
data\training_data\8372.png,85.0,1.0,csv,csv_000008372,16
data\training_data\8777.png,58.75,1.0,csv,csv_000008777,17
data\training_data\5304.png,50.0,1.0,csv,csv_000005304,10
data\training_data\11207.png,54.375,1.0,csv,csv_000011207,22
data\training_data\7326.png,54.375,1.0,csv,csv_000007326,14
data\training_data\12940.png,111.25,0.0,csv,csv_000012940,25
data\training_data\13284.png,102.5,1.0,csv,csv_000013284,26
data\training_data\8194.png,102.5,1.0,csv,csv_000008194,16
data\training_data\2040.png,80.625,1.0,csv,csv_000002040,4
data\training_data\8586.png,102.5,1.0,csv,csv_000008586,17
car\data\drive_frames\1773065797886_80_35.png,80.0,35.0,drive_frames,drive_1773065797886,29
data\training_data\10346.png,89.375,1.0,csv,csv_000010346,20
data\training_data\11921.png,85.0,0.0,csv,csv_000011921,23
data\training_data\13286.png,54.375,1.0,csv,csv_000013286,26
data\training_data\7033.png,76.25,0.0,csv,csv_000007033,14
data\training_data\11826.png,85.0,1.0,csv,csv_000011826,23
data\training_data\8126.png,85.0,0.0,csv,csv_000008126,16
data\training_data\8420.png,93.75,1.0,csv,csv_000008420,16
data\training_data\13267.png,98.125,0.0,csv,csv_000013267,26
data\training_data\10501.png,89.375,1.0,csv,csv_000010501,20
data\training_data\11871.png,102.5,0.0,csv,csv_000011871,23
data\training_data\9996.png,85.0,1.0,csv,csv_000009996,19
data\training_data\8105.png,102.5,1.0,csv,csv_000008105,16
data\training_data\8103.png,63.125,1.0,csv,csv_000008103,16
data\training_data\12930.png,85.0,1.0,csv,csv_000012930,25
data\training_data\719.png,106.875,1.0,csv,csv_000000719,1
data\training_data\4395.png,89.375,1.0,csv,csv_000004395,8
data\training_data\8964.png,89.375,1.0,csv,csv_000008964,17
car\data\drive_frames\1773066148367_105_35.png,105.0,35.0,drive_frames,drive_1773066148367,29
data\training_data\9895.png,106.875,1.0,csv,csv_000009895,19
data\training_data\7291.png,98.125,1.0,csv,csv_000007291,14
data\training_data\11336.png,102.5,0.0,csv,csv_000011336,22
data\training_data\11643.png,80.625,1.0,csv,csv_000011643,23
data\training_data\10404.png,85.0,0.0,csv,csv_000010404,20
car\data\drive_frames\1773147807497_80_35.png,80.0,35.0,drive_frames,drive_1773147807497,31
data\training_data\8653.png,80.625,1.0,csv,csv_000008653,17
data\training_data\6009.png,89.375,1.0,csv,csv_000006009,11
data\training_data\11139.png,98.125,1.0,csv,csv_000011139,22
data\training_data\2439.png,85.0,1.0,csv,csv_000002439,4
data\training_data\7018.png,102.5,1.0,csv,csv_000007018,13
data\training_data\4242.png,85.0,1.0,csv,csv_000004242,8
data\training_data\4495.png,85.0,1.0,csv,csv_000004495,8
data\training_data\14065.png,80.625,1.0,csv,csv_000014065,28
data\training_data\10452.png,93.75,1.0,csv,csv_000010452,20
data\training_data\4132.png,98.125,1.0,csv,csv_000004132,8
data\training_data\8434.png,120.0,0.0,csv,csv_000008434,16
data\training_data\5922.png,63.125,1.0,csv,csv_000005922,11
car\data\drive_frames\1773065723077_70_35.png,70.0,35.0,drive_frames,drive_1773065723077,29
car\data\drive_frames\1773065730314_90_35.png,90.0,35.0,drive_frames,drive_1773065730314,29
data\training_data\13165.png,111.25,0.0,csv,csv_000013165,26
data\training_data\3867.png,67.5,1.0,csv,csv_000003867,7
data\training_data\8200.png,76.25,1.0,csv,csv_000008200,16
data\training_data\4403.png,98.125,1.0,csv,csv_000004403,8
data\training_data\1338.png,98.125,1.0,csv,csv_000001338,2
data\training_data\2750.png,85.0,1.0,csv,csv_000002750,5
data\training_data\1175.png,85.0,0.0,csv,csv_000001175,2
data\training_data\14143.png,85.0,1.0,csv,csv_000014143,28
data\training_data\2159.png,58.75,1.0,csv,csv_000002159,4
data\training_data\7079.png,76.25,0.0,csv,csv_000007079,14
data\training_data\11064.png,67.5,1.0,csv,csv_000011064,22
data\training_data\8104.png,89.375,1.0,csv,csv_000008104,16
data\training_data\2278.png,71.875,1.0,csv,csv_000002278,4
data\training_data\5564.png,98.125,1.0,csv,csv_000005564,11
data\training_data\7429.png,85.0,0.0,csv,csv_000007429,14
data\training_data\11164.png,89.375,1.0,csv,csv_000011164,22
data\training_data\1424.png,98.125,1.0,csv,csv_000001424,2
car\data\drive_frames\1773066111146_90_35.png,90.0,35.0,drive_frames,drive_1773066111146,29
data\training_data\7163.png,102.5,1.0,csv,csv_000007163,14
data\training_data\11418.png,80.625,1.0,csv,csv_000011418,22
data\training_data\11834.png,80.625,1.0,csv,csv_000011834,23
data\training_data\844.png,85.0,0.0,csv,csv_000000844,1
data\training_data\5672.png,85.0,1.0,csv,csv_000005672,11
data\training_data\12831.png,93.75,1.0,csv,csv_000012831,25
data\training_data\4385.png,106.875,1.0,csv,csv_000004385,8
data\training_data\3946.png,89.375,1.0,csv,csv_000003946,7
data\training_data\1448.png,76.25,1.0,csv,csv_000001448,2
data\training_data\6628.png,93.75,1.0,csv,csv_000006628,13
data\training_data\964.png,54.375,1.0,csv,csv_000000964,1
car\data\drive_frames\1773065762729_55_35.png,55.0,35.0,drive_frames,drive_1773065762729,29
data\training_data\12625.png,89.375,1.0,csv,csv_000012625,25
data\training_data\11966.png,85.0,0.0,csv,csv_000011966,23
data\training_data\8488.png,71.875,1.0,csv,csv_000008488,16
car\data\drive_frames\1772205751327_60_35.png,60.0,35.0,drive_frames,drive_1772205751327,28
data\training_data\5338.png,85.0,0.0,csv,csv_000005338,10
data\training_data\5964.png,80.625,1.0,csv,csv_000005964,11
data\training_data\2049.png,98.125,1.0,csv,csv_000002049,4
data\training_data\12595.png,106.875,1.0,csv,csv_000012595,25
data\training_data\9642.png,111.25,1.0,csv,csv_000009642,19
data\training_data\6883.png,106.875,1.0,csv,csv_000006883,13
data\training_data\10016.png,89.375,1.0,csv,csv_000010016,19
data\training_data\9762.png,63.125,1.0,csv,csv_000009762,19
data\training_data\9704.png,89.375,1.0,csv,csv_000009704,19
data\training_data\1085.png,106.875,1.0,csv,csv_000001085,2
data\training_data\3883.png,98.125,1.0,csv,csv_000003883,7
data\training_data\10295.png,102.5,1.0,csv,csv_000010295,20
data\training_data\5218.png,102.5,0.0,csv,csv_000005218,10
data\training_data\5249.png,89.375,0.0,csv,csv_000005249,10
data\training_data\5882.png,85.0,1.0,csv,csv_000005882,11
car\data\drive_frames\1773148037166_110_35.png,110.0,35.0,drive_frames,drive_1773148037166,31
data\training_data\7349.png,50.0,1.0,csv,csv_000007349,14
data\training_data\9587.png,85.0,1.0,csv,csv_000009587,19
data\training_data\14149.png,106.875,1.0,csv,csv_000014149,28
data\training_data\2852.png,89.375,0.0,csv,csv_000002852,5
data\training_data\9537.png,80.625,1.0,csv,csv_000009537,19
data\training_data\8547.png,54.375,1.0,csv,csv_000008547,17
data\training_data\7423.png,80.625,1.0,csv,csv_000007423,14
data\training_data\2858.png,63.125,1.0,csv,csv_000002858,5
data\training_data\2423.png,102.5,1.0,csv,csv_000002423,4
data\training_data\10469.png,102.5,1.0,csv,csv_000010469,20
data\training_data\5697.png,71.875,1.0,csv,csv_000005697,11
data\training_data\2372.png,98.125,1.0,csv,csv_000002372,4
data\training_data\8539.png,67.5,1.0,csv,csv_000008539,17
data\training_data\9790.png,111.25,1.0,csv,csv_000009790,19
data\training_data\9585.png,85.0,1.0,csv,csv_000009585,19
data\training_data\5690.png,85.0,0.0,csv,csv_000005690,11
data\training_data\8329.png,71.875,1.0,csv,csv_000008329,16
data\training_data\5711.png,85.0,1.0,csv,csv_000005711,11
data\training_data\9552.png,85.0,0.0,csv,csv_000009552,19
data\training_data\1055.png,54.375,1.0,csv,csv_000001055,2
data\training_data\2123.png,85.0,1.0,csv,csv_000002123,4
car\data\drive_frames\1773065743755_55_35.png,55.0,35.0,drive_frames,drive_1773065743755,29
car\data\drive_frames\1772205722388_85_35.png,85.0,35.0,drive_frames,drive_1772205722388,28
data\training_data\2681.png,102.5,1.0,csv,csv_000002681,5
data\training_data\5243.png,93.75,1.0,csv,csv_000005243,10
data\training_data\954.png,89.375,1.0,csv,csv_000000954,1
data\training_data\6581.png,89.375,1.0,csv,csv_000006581,13
data\training_data\13194.png,93.75,1.0,csv,csv_000013194,26
data\training_data\14386.png,102.5,1.0,csv,csv_000014386,28
data\training_data\724.png,58.75,1.0,csv,csv_000000724,1
data\training_data\2962.png,98.125,1.0,csv,csv_000002962,5
data\training_data\11868.png,93.75,1.0,csv,csv_000011868,23
data\training_data\6564.png,85.0,1.0,csv,csv_000006564,13
data\training_data\9968.png,50.0,0.0,csv,csv_000009968,19
data\training_data\11521.png,54.375,1.0,csv,csv_000011521,22
data\training_data\10368.png,85.0,0.0,csv,csv_000010368,20
data\training_data\11294.png,63.125,1.0,csv,csv_000011294,22
data\training_data\11552.png,80.625,1.0,csv,csv_000011552,23
data\training_data\8060.png,85.0,1.0,csv,csv_000008060,16
data\training_data\4273.png,58.75,1.0,csv,csv_000004273,8
data\training_data\8472.png,89.375,1.0,csv,csv_000008472,16
data\training_data\8995.png,102.5,1.0,csv,csv_000008995,17
data\training_data\11601.png,89.375,1.0,csv,csv_000011601,23
data\training_data\7259.png,89.375,1.0,csv,csv_000007259,14
data\training_data\2642.png,85.0,0.0,csv,csv_000002642,5
data\training_data\13362.png,102.5,1.0,csv,csv_000013362,26
data\training_data\2676.png,111.25,0.0,csv,csv_000002676,5
data\training_data\10195.png,85.0,1.0,csv,csv_000010195,20
data\training_data\3837.png,89.375,0.0,csv,csv_000003837,7
data\training_data\2641.png,85.0,1.0,csv,csv_000002641,5
data\training_data\12819.png,106.875,1.0,csv,csv_000012819,25
data\training_data\11218.png,85.0,0.0,csv,csv_000011218,22
data\training_data\10237.png,85.0,1.0,csv,csv_000010237,20
data\training_data\6984.png,93.75,1.0,csv,csv_000006984,13
data\training_data\3013.png,102.5,1.0,csv,csv_000003013,5
data\training_data\710.png,85.0,1.0,csv,csv_000000710,1
car\data\drive_frames\1773148050608_115_35.png,115.0,35.0,drive_frames,drive_1773148050608,31
data\training_data\945.png,80.625,1.0,csv,csv_000000945,1
data\training_data\9580.png,93.75,0.0,csv,csv_000009580,19
data\training_data\4102.png,106.875,1.0,csv,csv_000004102,8
data\training_data\2131.png,63.125,1.0,csv,csv_000002131,4
data\training_data\13483.png,85.0,0.0,csv,csv_000013483,26
data\training_data\11070.png,67.5,1.0,csv,csv_000011070,22
data\training_data\1080.png,85.0,0.0,csv,csv_000001080,2
car\data\drive_frames\1772210023637_90_35.png,90.0,35.0,drive_frames,drive_1772210023637,29
data\training_data\2805.png,85.0,1.0,csv,csv_000002805,5
data\training_data\7176.png,89.375,1.0,csv,csv_000007176,14
data\training_data\5548.png,85.0,1.0,csv,csv_000005548,11
data\training_data\2833.png,76.25,1.0,csv,csv_000002833,5
data\training_data\7173.png,80.625,1.0,csv,csv_000007173,14
data\training_data\9588.png,106.875,1.0,csv,csv_000009588,19
data\training_data\7158.png,58.75,1.0,csv,csv_000007158,14
data\training_data\8391.png,102.5,1.0,csv,csv_000008391,16
data\training_data\11878.png,85.0,1.0,csv,csv_000011878,23
data\training_data\14364.png,98.125,1.0,csv,csv_000014364,28
data\training_data\527.png,106.875,1.0,csv,csv_000000527,1
data\training_data\11234.png,85.0,1.0,csv,csv_000011234,22
car\data\drive_frames\1772210054692_90_35.png,90.0,35.0,drive_frames,drive_1772210054692,29
data\training_data\14117.png,85.0,1.0,csv,csv_000014117,28
car\data\drive_frames\1773066079085_90_35.png,90.0,35.0,drive_frames,drive_1773066079085,29
data\training_data\8366.png,85.0,1.0,csv,csv_000008366,16
data\training_data\11257.png,89.375,1.0,csv,csv_000011257,22
data\training_data\8804.png,98.125,1.0,csv,csv_000008804,17
data\training_data\1095.png,106.875,1.0,csv,csv_000001095,2
car\data\drive_frames\1773147999141_125_35.png,120.0,35.0,drive_frames,drive_1773147999141,31
data\training_data\6749.png,85.0,0.0,csv,csv_000006749,13
data\training_data\7390.png,58.75,1.0,csv,csv_000007390,14
data\training_data\2607.png,89.375,0.0,csv,csv_000002607,5
data\training_data\1300.png,102.5,1.0,csv,csv_000001300,2
data\training_data\12842.png,80.625,1.0,csv,csv_000012842,25
data\training_data\1494.png,63.125,1.0,csv,csv_000001494,2
data\training_data\4402.png,89.375,0.0,csv,csv_000004402,8
data\training_data\14040.png,98.125,0.0,csv,csv_000014040,28
data\training_data\10438.png,63.125,1.0,csv,csv_000010438,20
data\training_data\2245.png,58.75,1.0,csv,csv_000002245,4
data\training_data\2427.png,58.75,1.0,csv,csv_000002427,4
data\training_data\8655.png,80.625,1.0,csv,csv_000008655,17
data\training_data\2942.png,58.75,1.0,csv,csv_000002942,5
data\training_data\5416.png,85.0,1.0,csv,csv_000005416,10
data\training_data\7351.png,93.75,1.0,csv,csv_000007351,14
data\training_data\620.png,93.75,0.0,csv,csv_000000620,1
car\data\drive_frames\1772209969767_85_35.png,85.0,35.0,drive_frames,drive_1772209969767,28
data\training_data\3957.png,85.0,1.0,csv,csv_000003957,7
data\training_data\7300.png,58.75,1.0,csv,csv_000007300,14
data\training_data\14383.png,54.375,1.0,csv,csv_000014383,28
data\training_data\842.png,85.0,1.0,csv,csv_000000842,1
data\training_data\5900.png,120.0,1.0,csv,csv_000005900,11
data\training_data\6669.png,89.375,1.0,csv,csv_000006669,13
data\training_data\8892.png,115.625,1.0,csv,csv_000008892,17
data\training_data\4198.png,106.875,1.0,csv,csv_000004198,8
car\data\drive_frames\1773147834613_90_35.png,90.0,35.0,drive_frames,drive_1773147834613,31
data\training_data\5297.png,85.0,1.0,csv,csv_000005297,10
data\training_data\11726.png,106.875,1.0,csv,csv_000011726,23
data\training_data\13386.png,85.0,1.0,csv,csv_000013386,26
data\training_data\8258.png,102.5,1.0,csv,csv_000008258,16
data\training_data\13058.png,58.75,1.0,csv,csv_000013058,26
data\training_data\5630.png,85.0,1.0,csv,csv_000005630,11
data\training_data\13356.png,102.5,1.0,csv,csv_000013356,26
data\training_data\3553.png,89.375,0.0,csv,csv_000003553,7
data\training_data\4071.png,63.125,1.0,csv,csv_000004071,8
data\training_data\6950.png,85.0,1.0,csv,csv_000006950,13
data\training_data\1351.png,120.0,0.0,csv,csv_000001351,2
data\training_data\10147.png,102.5,1.0,csv,csv_000010147,20
data\training_data\2839.png,89.375,1.0,csv,csv_000002839,5
data\training_data\9560.png,58.75,1.0,csv,csv_000009560,19
data\training_data\9625.png,93.75,1.0,csv,csv_000009625,19
data\training_data\7312.png,98.125,1.0,csv,csv_000007312,14
data\training_data\11330.png,89.375,1.0,csv,csv_000011330,22
data\training_data\727.png,98.125,1.0,csv,csv_000000727,1
data\training_data\8543.png,111.25,1.0,csv,csv_000008543,17
data\training_data\14093.png,85.0,0.0,csv,csv_000014093,28
data\training_data\11649.png,115.625,0.0,csv,csv_000011649,23
data\training_data\8121.png,63.125,1.0,csv,csv_000008121,16
data\training_data\4037.png,63.125,1.0,csv,csv_000004037,8
data\training_data\6611.png,85.0,1.0,csv,csv_000006611,13
data\training_data\5717.png,98.125,1.0,csv,csv_000005717,11
car\data\drive_frames\1772209978041_85_35.png,85.0,35.0,drive_frames,drive_1772209978041,28
data\training_data\7204.png,98.125,1.0,csv,csv_000007204,14
data\training_data\7089.png,93.75,1.0,csv,csv_000007089,14
data\training_data\5446.png,50.0,1.0,csv,csv_000005446,10
data\training_data\11190.png,93.75,1.0,csv,csv_000011190,22
data\training_data\11774.png,85.0,1.0,csv,csv_000011774,23
data\training_data\4089.png,120.0,1.0,csv,csv_000004089,8
data\training_data\8460.png,102.5,0.0,csv,csv_000008460,16
car\data\drive_frames\1773066113214_75_35.png,75.0,35.0,drive_frames,drive_1773066113214,29
data\training_data\13211.png,93.75,1.0,csv,csv_000013211,26
data\training_data\14315.png,106.875,1.0,csv,csv_000014315,28
data\training_data\11986.png,93.75,1.0,csv,csv_000011986,23
data\training_data\875.png,80.625,1.0,csv,csv_000000875,1
car\data\drive_frames\1773147984668_110_35.png,110.0,35.0,drive_frames,drive_1773147984668,31
data\training_data\2487.png,85.0,1.0,csv,csv_000002487,4
data\training_data\11249.png,89.375,1.0,csv,csv_000011249,22
data\training_data\14310.png,76.25,1.0,csv,csv_000014310,28
data\training_data\9789.png,85.0,1.0,csv,csv_000009789,19
data\training_data\927.png,89.375,0.0,csv,csv_000000927,1
data\training_data\10444.png,58.75,1.0,csv,csv_000010444,20
data\training_data\6709.png,98.125,0.0,csv,csv_000006709,13
data\training_data\1023.png,58.75,1.0,csv,csv_000001023,2
data\training_data\11973.png,120.0,0.0,csv,csv_000011973,23
data\training_data\2567.png,106.875,1.0,csv,csv_000002567,5
data\training_data\11155.png,89.375,1.0,csv,csv_000011155,22
car\data\drive_frames\1773148054744_85_35.png,85.0,35.0,drive_frames,drive_1773148054744,31
data\training_data\2071.png,98.125,1.0,csv,csv_000002071,4
data\training_data\8115.png,76.25,1.0,csv,csv_000008115,16
data\training_data\6946.png,106.875,1.0,csv,csv_000006946,13
data\training_data\7046.png,89.375,1.0,csv,csv_000007046,14
data\training_data\13073.png,85.0,0.0,csv,csv_000013073,26
data\training_data\5185.png,102.5,1.0,csv,csv_000005185,10
data\training_data\12590.png,85.0,0.0,csv,csv_000012590,25
data\training_data\5786.png,85.0,1.0,csv,csv_000005786,11
data\training_data\7285.png,102.5,1.0,csv,csv_000007285,14
data\training_data\2179.png,93.75,1.0,csv,csv_000002179,4
data\training_data\8852.png,85.0,0.0,csv,csv_000008852,17
data\training_data\1449.png,89.375,0.0,csv,csv_000001449,2
data\training_data\10389.png,85.0,1.0,csv,csv_000010389,20
data\training_data\4306.png,102.5,0.0,csv,csv_000004306,8
data\training_data\5946.png,102.5,1.0,csv,csv_000005946,11
data\training_data\977.png,93.75,1.0,csv,csv_000000977,1
data\training_data\4303.png,85.0,0.0,csv,csv_000004303,8
data\training_data\8350.png,85.0,1.0,csv,csv_000008350,16
data\training_data\644.png,102.5,1.0,csv,csv_000000644,1
car\data\drive_frames\1773065986987_90_0.png,90.0,0.0,drive_frames,drive_1773065986987,29
data\training_data\9684.png,76.25,1.0,csv,csv_000009684,19
car\data\drive_frames\1772205737888_70_35.png,70.0,35.0,drive_frames,drive_1772205737888,28
data\training_data\9613.png,102.5,1.0,csv,csv_000009613,19
data\training_data\8853.png,58.75,1.0,csv,csv_000008853,17
data\training_data\8184.png,76.25,1.0,csv,csv_000008184,16
data\training_data\5597.png,111.25,0.0,csv,csv_000005597,11
data\training_data\1201.png,67.5,1.0,csv,csv_000001201,2
data\training_data\5575.png,106.875,0.0,csv,csv_000005575,11
data\training_data\11920.png,106.875,1.0,csv,csv_000011920,23
data\training_data\12813.png,98.125,1.0,csv,csv_000012813,25
data\training_data\5834.png,98.125,1.0,csv,csv_000005834,11
data\training_data\6015.png,50.0,1.0,csv,csv_000006015,11
data\training_data\2693.png,98.125,1.0,csv,csv_000002693,5
data\training_data\1379.png,58.75,1.0,csv,csv_000001379,2
data\training_data\7277.png,102.5,1.0,csv,csv_000007277,14
data\training_data\13179.png,85.0,0.0,csv,csv_000013179,26
data\training_data\521.png,106.875,1.0,csv,csv_000000521,1
data\training_data\11811.png,58.75,1.0,csv,csv_000011811,23
data\training_data\4149.png,120.0,1.0,csv,csv_000004149,8
data\training_data\1133.png,102.5,1.0,csv,csv_000001133,2
data\training_data\691.png,63.125,1.0,csv,csv_000000691,1
data\training_data\6801.png,85.0,1.0,csv,csv_000006801,13
data\training_data\2628.png,102.5,1.0,csv,csv_000002628,5
data\training_data\7336.png,67.5,1.0,csv,csv_000007336,14
data\training_data\10005.png,85.0,1.0,csv,csv_000010005,19
data\training_data\5381.png,85.0,1.0,csv,csv_000005381,10
data\training_data\4419.png,85.0,1.0,csv,csv_000004419,8
data\training_data\11230.png,85.0,1.0,csv,csv_000011230,22
data\training_data\4251.png,106.875,1.0,csv,csv_000004251,8
data\training_data\9713.png,85.0,0.0,csv,csv_000009713,19
data\training_data\5058.png,98.125,1.0,csv,csv_000005058,10
data\training_data\11950.png,85.0,0.0,csv,csv_000011950,23
data\training_data\1345.png,85.0,1.0,csv,csv_000001345,2
data\training_data\13361.png,102.5,1.0,csv,csv_000013361,26
data\training_data\11759.png,93.75,0.0,csv,csv_000011759,23
car\data\drive_frames\1773147820135_85_35.png,85.0,35.0,drive_frames,drive_1773147820135,31
data\training_data\5091.png,85.0,1.0,csv,csv_000005091,10
data\training_data\1065.png,85.0,1.0,csv,csv_000001065,2
data\training_data\854.png,89.375,1.0,csv,csv_000000854,1
data\training_data\5821.png,89.375,1.0,csv,csv_000005821,11
data\training_data\5060.png,89.375,1.0,csv,csv_000005060,10
data\training_data\11066.png,85.0,1.0,csv,csv_000011066,22
car\data\drive_frames\1773065704463_55_35.png,55.0,35.0,drive_frames,drive_1773065704463,29
data\training_data\10450.png,106.875,0.0,csv,csv_000010450,20
data\training_data\8933.png,89.375,1.0,csv,csv_000008933,17
data\training_data\10336.png,93.75,1.0,csv,csv_000010336,20
data\training_data\12953.png,80.625,1.0,csv,csv_000012953,25
data\training_data\6690.png,58.75,1.0,csv,csv_000006690,13
data\training_data\5054.png,58.75,1.0,csv,csv_000005054,10
data\training_data\3958.png,98.125,0.0,csv,csv_000003958,7
data\training_data\10290.png,102.5,1.0,csv,csv_000010290,20
data\training_data\12900.png,50.0,0.0,csv,csv_000012900,25
data\training_data\4223.png,63.125,1.0,csv,csv_000004223,8
data\training_data\5406.png,106.875,1.0,csv,csv_000005406,10
data\training_data\8930.png,85.0,1.0,csv,csv_000008930,17
data\training_data\8422.png,106.875,1.0,csv,csv_000008422,16
data\training_data\7498.png,111.25,1.0,csv,csv_000007498,14
data\training_data\1359.png,80.625,1.0,csv,csv_000001359,2
data\training_data\10218.png,85.0,1.0,csv,csv_000010218,20
data\training_data\5378.png,76.25,1.0,csv,csv_000005378,10
data\training_data\2939.png,58.75,1.0,csv,csv_000002939,5
data\training_data\4162.png,58.75,1.0,csv,csv_000004162,8
data\training_data\13193.png,106.875,1.0,csv,csv_000013193,26
data\training_data\14334.png,93.75,1.0,csv,csv_000014334,28
data\training_data\13470.png,85.0,0.0,csv,csv_000013470,26
data\training_data\11519.png,85.0,1.0,csv,csv_000011519,22
data\training_data\4268.png,102.5,1.0,csv,csv_000004268,8
data\training_data\9732.png,76.25,1.0,csv,csv_000009732,19
data\training_data\11817.png,102.5,1.0,csv,csv_000011817,23
data\training_data\7188.png,89.375,1.0,csv,csv_000007188,14
data\training_data\9837.png,89.375,1.0,csv,csv_000009837,19
car\data\drive_frames\1773065846480_55_35.png,55.0,35.0,drive_frames,drive_1773065846480,29
data\training_data\11138.png,102.5,1.0,csv,csv_000011138,22
data\training_data\8566.png,85.0,1.0,csv,csv_000008566,17
data\training_data\14275.png,85.0,1.0,csv,csv_000014275,28
data\training_data\8560.png,111.25,0.0,csv,csv_000008560,17
data\training_data\4368.png,85.0,1.0,csv,csv_000004368,8
data\training_data\2437.png,54.375,1.0,csv,csv_000002437,4
data\training_data\11497.png,106.875,1.0,csv,csv_000011497,22
car\data\drive_frames\1772210033980_100_35.png,100.0,35.0,drive_frames,drive_1772210033980,29
data\training_data\11340.png,85.0,1.0,csv,csv_000011340,22
data\training_data\7224.png,89.375,1.0,csv,csv_000007224,14
data\training_data\5230.png,98.125,1.0,csv,csv_000005230,10
data\training_data\11099.png,54.375,1.0,csv,csv_000011099,22
data\training_data\14048.png,67.5,0.0,csv,csv_000014048,28
data\training_data\7222.png,98.125,0.0,csv,csv_000007222,14
data\training_data\4479.png,89.375,1.0,csv,csv_000004479,8
data\training_data\8896.png,89.375,1.0,csv,csv_000008896,17
data\training_data\6849.png,89.375,1.0,csv,csv_000006849,13
data\training_data\9756.png,89.375,1.0,csv,csv_000009756,19
data\training_data\2832.png,98.125,1.0,csv,csv_000002832,5
data\training_data\1118.png,85.0,0.0,csv,csv_000001118,2
data\training_data\9634.png,67.5,1.0,csv,csv_000009634,19
data\training_data\5807.png,98.125,0.0,csv,csv_000005807,11
data\training_data\5074.png,58.75,1.0,csv,csv_000005074,10
data\training_data\8027.png,80.625,1.0,csv,csv_000008027,16
data\training_data\11606.png,63.125,1.0,csv,csv_000011606,23
data\training_data\825.png,80.625,1.0,csv,csv_000000825,1
data\training_data\5078.png,102.5,1.0,csv,csv_000005078,10
data\training_data\4153.png,85.0,0.0,csv,csv_000004153,8
car\data\drive_frames\1773147832549_85_35.png,85.0,35.0,drive_frames,drive_1773147832549,31
data\training_data\8866.png,89.375,1.0,csv,csv_000008866,17
data\training_data\14098.png,50.0,0.0,csv,csv_000014098,28
data\training_data\1489.png,85.0,0.0,csv,csv_000001489,2
data\training_data\3995.png,85.0,0.0,csv,csv_000003995,7
data\training_data\10034.png,85.0,1.0,csv,csv_000010034,20
data\training_data\2712.png,63.125,1.0,csv,csv_000002712,5
data\training_data\7190.png,63.125,1.0,csv,csv_000007190,14
data\training_data\7082.png,102.5,1.0,csv,csv_000007082,14
data\training_data\6839.png,102.5,1.0,csv,csv_000006839,13
data\training_data\2593.png,106.875,1.0,csv,csv_000002593,5
data\training_data\7316.png,89.375,1.0,csv,csv_000007316,14
data\training_data\2353.png,80.625,1.0,csv,csv_000002353,4
car\data\drive_frames\1773065822701_90_35.png,90.0,35.0,drive_frames,drive_1773065822701,29
data\training_data\10265.png,102.5,1.0,csv,csv_000010265,20
data\training_data\13345.png,89.375,1.0,csv,csv_000013345,26
data\training_data\7499.png,80.625,1.0,csv,csv_000007499,14
data\training_data\10402.png,98.125,1.0,csv,csv_000010402,20
data\training_data\5978.png,89.375,1.0,csv,csv_000005978,11
car\data\drive_frames\1772205720320_55_35.png,55.0,35.0,drive_frames,drive_1772205720320,28
car\data\drive_frames\1773147884275_100_35.png,100.0,35.0,drive_frames,drive_1773147884275,31
data\training_data\10442.png,63.125,1.0,csv,csv_000010442,20
data\training_data\12587.png,102.5,1.0,csv,csv_000012587,25
data\training_data\2826.png,80.625,1.0,csv,csv_000002826,5
data\training_data\11812.png,80.625,1.0,csv,csv_000011812,23
car\data\drive_frames\1773147866697_85_35.png,85.0,35.0,drive_frames,drive_1773147866697,31
data\training_data\2780.png,85.0,0.0,csv,csv_000002780,5
data\training_data\2449.png,54.375,1.0,csv,csv_000002449,4
data\training_data\7276.png,106.875,1.0,csv,csv_000007276,14
data\training_data\5040.png,67.5,1.0,csv,csv_000005040,10
data\training_data\2620.png,85.0,1.0,csv,csv_000002620,5
data\training_data\706.png,80.625,1.0,csv,csv_000000706,1
data\training_data\13147.png,98.125,1.0,csv,csv_000013147,26
data\training_data\4022.png,85.0,1.0,csv,csv_000004022,8
data\training_data\5631.png,85.0,0.0,csv,csv_000005631,11
data\training_data\9655.png,85.0,1.0,csv,csv_000009655,19
data\training_data\14217.png,98.125,1.0,csv,csv_000014217,28
data\training_data\14129.png,85.0,1.0,csv,csv_000014129,28
data\training_data\7490.png,63.125,1.0,csv,csv_000007490,14
data\training_data\8078.png,85.0,1.0,csv,csv_000008078,16
data\training_data\12922.png,50.0,0.0,csv,csv_000012922,25
data\training_data\10282.png,98.125,1.0,csv,csv_000010282,20
data\training_data\2403.png,85.0,0.0,csv,csv_000002403,4
data\training_data\1225.png,89.375,1.0,csv,csv_000001225,2
data\training_data\8881.png,102.5,0.0,csv,csv_000008881,17
data\training_data\6808.png,102.5,0.0,csv,csv_000006808,13
data\training_data\10432.png,102.5,0.0,csv,csv_000010432,20
data\training_data\5192.png,93.75,1.0,csv,csv_000005192,10
data\training_data\1009.png,85.0,0.0,csv,csv_000001009,2
data\training_data\13155.png,89.375,1.0,csv,csv_000013155,26
data\training_data\7130.png,89.375,1.0,csv,csv_000007130,14
data\training_data\9622.png,89.375,1.0,csv,csv_000009622,19
data\training_data\792.png,106.875,1.0,csv,csv_000000792,1
data\training_data\3730.png,85.0,1.0,csv,csv_000003730,7
data\training_data\1440.png,85.0,0.0,csv,csv_000001440,2
data\training_data\12811.png,67.5,1.0,csv,csv_000012811,25
data\training_data\1043.png,85.0,1.0,csv,csv_000001043,2
data\training_data\14287.png,89.375,1.0,csv,csv_000014287,28
data\training_data\2289.png,71.875,1.0,csv,csv_000002289,4
data\training_data\3604.png,98.125,1.0,csv,csv_000003604,7
data\training_data\13226.png,85.0,1.0,csv,csv_000013226,26
data\training_data\2817.png,106.875,1.0,csv,csv_000002817,5
data\training_data\785.png,58.75,1.0,csv,csv_000000785,1
data\training_data\5889.png,106.875,1.0,csv,csv_000005889,11
data\training_data\12949.png,98.125,0.0,csv,csv_000012949,25
data\training_data\651.png,102.5,1.0,csv,csv_000000651,1
data\training_data\8577.png,63.125,1.0,csv,csv_000008577,17
data\training_data\14369.png,58.75,1.0,csv,csv_000014369,28
data\training_data\13185.png,89.375,1.0,csv,csv_000013185,26
data\training_data\2648.png,63.125,1.0,csv,csv_000002648,5
data\training_data\11204.png,102.5,1.0,csv,csv_000011204,22
data\training_data\7443.png,58.75,0.0,csv,csv_000007443,14
data\training_data\12825.png,85.0,1.0,csv,csv_000012825,25
data\training_data\6826.png,89.375,0.0,csv,csv_000006826,13
data\training_data\5500.png,85.0,1.0,csv,csv_000005500,10
data\training_data\5057.png,63.125,1.0,csv,csv_000005057,10
data\training_data\1471.png,120.0,1.0,csv,csv_000001471,2
data\training_data\8895.png,85.0,0.0,csv,csv_000008895,17
data\training_data\11680.png,71.875,1.0,csv,csv_000011680,23
data\training_data\9530.png,106.875,0.0,csv,csv_000009530,19
car\data\drive_frames\1773065785476_95_35.png,95.0,35.0,drive_frames,drive_1773065785476,29
data\training_data\11135.png,106.875,1.0,csv,csv_000011135,22
data\training_data\4413.png,89.375,0.0,csv,csv_000004413,8
car\data\drive_frames\1773066122519_95_35.png,95.0,35.0,drive_frames,drive_1773066122519,29
data\training_data\2429.png,85.0,0.0,csv,csv_000002429,4
data\training_data\5178.png,89.375,1.0,csv,csv_000005178,10
data\training_data\1006.png,89.375,1.0,csv,csv_000001006,1
data\training_data\573.png,85.0,1.0,csv,csv_000000573,1
data\training_data\11625.png,76.25,1.0,csv,csv_000011625,23
car\data\drive_frames\1773148008450_90_35.png,90.0,35.0,drive_frames,drive_1773148008450,31
data\training_data\10088.png,102.5,1.0,csv,csv_000010088,20
data\training_data\3594.png,102.5,1.0,csv,csv_000003594,7
data\training_data\2227.png,106.875,1.0,csv,csv_000002227,4
car\data\drive_frames\1773148039238_120_35.png,120.0,35.0,drive_frames,drive_1773148039238,31
data\training_data\13415.png,89.375,1.0,csv,csv_000013415,26
data\training_data\6547.png,93.75,0.0,csv,csv_000006547,13
data\training_data\12631.png,120.0,0.0,csv,csv_000012631,25
data\training_data\5745.png,89.375,1.0,csv,csv_000005745,11
data\training_data\778.png,89.375,1.0,csv,csv_000000778,1
data\training_data\11311.png,85.0,0.0,csv,csv_000011311,22
data\training_data\5439.png,71.875,1.0,csv,csv_000005439,10
data\training_data\11550.png,85.0,0.0,csv,csv_000011550,23
data\training_data\6934.png,102.5,1.0,csv,csv_000006934,13
data\training_data\1373.png,85.0,1.0,csv,csv_000001373,2
data\training_data\2904.png,85.0,1.0,csv,csv_000002904,5
data\training_data\968.png,89.375,1.0,csv,csv_000000968,1
data\training_data\2663.png,85.0,1.0,csv,csv_000002663,5
data\training_data\11466.png,85.0,1.0,csv,csv_000011466,22
data\training_data\5402.png,102.5,1.0,csv,csv_000005402,10
data\training_data\5233.png,111.25,0.0,csv,csv_000005233,10
data\training_data\8345.png,85.0,1.0,csv,csv_000008345,16
data\training_data\4325.png,93.75,1.0,csv,csv_000004325,8
data\training_data\11597.png,89.375,1.0,csv,csv_000011597,23
car\data\drive_frames\1773147965021_90_35.png,90.0,35.0,drive_frames,drive_1773147965021,31
data\training_data\14258.png,89.375,1.0,csv,csv_000014258,28
data\training_data\12862.png,102.5,1.0,csv,csv_000012862,25
car\data\drive_frames\1772209994698_120_35.png,120.0,35.0,drive_frames,drive_1772209994698,28
data\training_data\6803.png,89.375,1.0,csv,csv_000006803,13
car\data\drive_frames\1773066187668_75_0.png,75.0,0.0,drive_frames,drive_1773066187668,29
data\training_data\8405.png,106.875,1.0,csv,csv_000008405,16
data\training_data\2547.png,85.0,0.0,csv,csv_000002547,5
data\training_data\10170.png,54.375,0.0,csv,csv_000010170,20
data\training_data\14397.png,80.625,1.0,csv,csv_000014397,28
data\training_data\3807.png,85.0,1.0,csv,csv_000003807,7
data\training_data\2725.png,63.125,1.0,csv,csv_000002725,5
data\training_data\5617.png,111.25,1.0,csv,csv_000005617,11
data\training_data\9882.png,85.0,1.0,csv,csv_000009882,19
data\training_data\7075.png,85.0,0.0,csv,csv_000007075,14
data\training_data\11035.png,89.375,0.0,csv,csv_000011035,22
data\training_data\7439.png,111.25,1.0,csv,csv_000007439,14
data\training_data\9700.png,93.75,1.0,csv,csv_000009700,19
data\training_data\2484.png,85.0,1.0,csv,csv_000002484,4
data\training_data\8616.png,111.25,1.0,csv,csv_000008616,17
data\training_data\2532.png,93.75,1.0,csv,csv_000002532,5
data\training_data\3903.png,63.125,1.0,csv,csv_000003903,7
data\training_data\7254.png,58.75,1.0,csv,csv_000007254,14
data\training_data\8564.png,71.875,1.0,csv,csv_000008564,17
data\training_data\8082.png,106.875,1.0,csv,csv_000008082,16
data\training_data\5987.png,89.375,1.0,csv,csv_000005987,11
data\training_data\7425.png,85.0,1.0,csv,csv_000007425,14
data\training_data\5215.png,80.625,1.0,csv,csv_000005215,10
data\training_data\5822.png,80.625,1.0,csv,csv_000005822,11
data\training_data\1234.png,63.125,0.0,csv,csv_000001234,2
data\training_data\7243.png,93.75,1.0,csv,csv_000007243,14
data\training_data\8262.png,93.75,1.0,csv,csv_000008262,16
data\training_data\3942.png,85.0,0.0,csv,csv_000003942,7
data\training_data\8685.png,106.875,1.0,csv,csv_000008685,17
car\data\drive_frames\1773147750597_90_35.png,90.0,35.0,drive_frames,drive_1773147750597,31
data\training_data\5906.png,111.25,1.0,csv,csv_000005906,11
data\training_data\3926.png,76.25,1.0,csv,csv_000003926,7
car\data\drive_frames\1773065756528_95_35.png,95.0,35.0,drive_frames,drive_1773065756528,29
data\training_data\794.png,89.375,1.0,csv,csv_000000794,1
data\training_data\14362.png,98.125,1.0,csv,csv_000014362,28
data\training_data\9959.png,89.375,1.0,csv,csv_000009959,19
data\training_data\4171.png,93.75,1.0,csv,csv_000004171,8
data\training_data\6745.png,80.625,1.0,csv,csv_000006745,13
data\training_data\12001.png,85.0,1.0,csv,csv_000012001,23
data\training_data\11708.png,63.125,1.0,csv,csv_000011708,23
data\training_data\11883.png,102.5,1.0,csv,csv_000011883,23
data\training_data\2861.png,80.625,1.0,csv,csv_000002861,5
data\training_data\2479.png,115.625,1.0,csv,csv_000002479,4
data\training_data\5629.png,80.625,1.0,csv,csv_000005629,11
data\training_data\5136.png,85.0,0.0,csv,csv_000005136,10
data\training_data\2987.png,85.0,1.0,csv,csv_000002987,5
data\training_data\4057.png,85.0,0.0,csv,csv_000004057,8
data\training_data\7250.png,89.375,1.0,csv,csv_000007250,14
data\training_data\11342.png,85.0,1.0,csv,csv_000011342,22
data\training_data\7345.png,85.0,0.0,csv,csv_000007345,14
data\training_data\590.png,85.0,0.0,csv,csv_000000590,1
data\training_data\5343.png,102.5,1.0,csv,csv_000005343,10
data\training_data\6829.png,102.5,1.0,csv,csv_000006829,13
data\training_data\3660.png,80.625,1.0,csv,csv_000003660,7
data\training_data\6917.png,71.875,0.0,csv,csv_000006917,13
data\training_data\525.png,102.5,1.0,csv,csv_000000525,1
data\training_data\1091.png,98.125,1.0,csv,csv_000001091,2
data\training_data\5645.png,93.75,1.0,csv,csv_000005645,11
data\training_data\5539.png,85.0,1.0,csv,csv_000005539,11
car\data\drive_frames\1772210025706_110_35.png,110.0,35.0,drive_frames,drive_1772210025706,29
car\data\drive_frames\1773066018029_80_0.png,80.0,0.0,drive_frames,drive_1773066018029,29
data\training_data\6847.png,102.5,1.0,csv,csv_000006847,13
car\data\drive_frames\1773147761969_90_35.png,90.0,35.0,drive_frames,drive_1773147761969,31
data\training_data\8412.png,85.0,1.0,csv,csv_000008412,16
data\training_data\1390.png,102.5,1.0,csv,csv_000001390,2
data\training_data\13216.png,80.625,1.0,csv,csv_000013216,26
data\training_data\12955.png,85.0,0.0,csv,csv_000012955,25
data\training_data\2889.png,85.0,1.0,csv,csv_000002889,5
data\training_data\1216.png,89.375,0.0,csv,csv_000001216,2
data\training_data\4352.png,106.875,1.0,csv,csv_000004352,8
data\training_data\10226.png,58.75,0.0,csv,csv_000010226,20
data\training_data\5842.png,111.25,1.0,csv,csv_000005842,11
car\data\drive_frames\1772210040181_120_35.png,120.0,35.0,drive_frames,drive_1772210040181,29
data\training_data\3654.png,85.0,1.0,csv,csv_000003654,7
data\training_data\9931.png,115.625,0.0,csv,csv_000009931,19
data\training_data\5582.png,102.5,0.0,csv,csv_000005582,11
data\training_data\2388.png,85.0,1.0,csv,csv_000002388,4
data\training_data\5383.png,89.375,1.0,csv,csv_000005383,10
data\training_data\9820.png,58.75,1.0,csv,csv_000009820,19
data\training_data\5615.png,67.5,1.0,csv,csv_000005615,11
data\training_data\11059.png,106.875,1.0,csv,csv_000011059,22
data\training_data\3989.png,102.5,0.0,csv,csv_000003989,7
data\training_data\9554.png,80.625,1.0,csv,csv_000009554,19
data\training_data\10110.png,85.0,1.0,csv,csv_000010110,20
data\training_data\5251.png,63.125,1.0,csv,csv_000005251,10
data\training_data\545.png,54.375,1.0,csv,csv_000000545,1
data\training_data\972.png,93.75,1.0,csv,csv_000000972,1
data\training_data\8985.png,106.875,1.0,csv,csv_000008985,17
data\training_data\2696.png,106.875,1.0,csv,csv_000002696,5
data\training_data\7497.png,102.5,1.0,csv,csv_000007497,14
data\training_data\9827.png,93.75,1.0,csv,csv_000009827,19
data\training_data\1186.png,102.5,1.0,csv,csv_000001186,2
data\training_data\891.png,54.375,1.0,csv,csv_000000891,1
data\training_data\11097.png,85.0,1.0,csv,csv_000011097,22
data\training_data\13062.png,80.625,1.0,csv,csv_000013062,26
data\training_data\4312.png,85.0,0.0,csv,csv_000004312,8
data\training_data\3727.png,98.125,1.0,csv,csv_000003727,7
data\training_data\3584.png,102.5,1.0,csv,csv_000003584,7
data\training_data\4502.png,98.125,1.0,csv,csv_000004502,8
data\training_data\8314.png,71.875,1.0,csv,csv_000008314,16
data\training_data\6757.png,98.125,1.0,csv,csv_000006757,13
data\training_data\13365.png,85.0,1.0,csv,csv_000013365,26
data\training_data\8446.png,85.0,0.0,csv,csv_000008446,16
data\training_data\10104.png,93.75,1.0,csv,csv_000010104,20
data\training_data\5159.png,85.0,1.0,csv,csv_000005159,10
data\training_data\9007.png,106.875,1.0,csv,csv_000009007,17
car\data\drive_frames\1772210018468_125_35.png,120.0,35.0,drive_frames,drive_1772210018468,29
car\data\drive_frames\1772210082610_120_35.png,120.0,35.0,drive_frames,drive_1772210082610,29
data\training_data\2683.png,106.875,1.0,csv,csv_000002683,5
data\training_data\11857.png,85.0,0.0,csv,csv_000011857,23
data\training_data\12857.png,98.125,1.0,csv,csv_000012857,25
car\data\drive_frames\1773065811327_65_35.png,65.0,35.0,drive_frames,drive_1773065811327,29
data\training_data\5554.png,67.5,1.0,csv,csv_000005554,11
data\training_data\8378.png,89.375,1.0,csv,csv_000008378,16
data\training_data\7212.png,85.0,0.0,csv,csv_000007212,14
data\training_data\1049.png,89.375,0.0,csv,csv_000001049,2
data\training_data\7039.png,111.25,1.0,csv,csv_000007039,14
data\training_data\3722.png,98.125,1.0,csv,csv_000003722,7
data\training_data\12845.png,102.5,0.0,csv,csv_000012845,25
data\training_data\10313.png,98.125,1.0,csv,csv_000010313,20
data\training_data\11459.png,111.25,1.0,csv,csv_000011459,22
data\training_data\5573.png,58.75,1.0,csv,csv_000005573,11
data\training_data\7211.png,98.125,1.0,csv,csv_000007211,14
data\training_data\12558.png,93.75,1.0,csv,csv_000012558,25
data\training_data\13162.png,58.75,1.0,csv,csv_000013162,26
data\training_data\9987.png,67.5,1.0,csv,csv_000009987,19
data\training_data\4391.png,63.125,1.0,csv,csv_000004391,8
data\training_data\14146.png,85.0,1.0,csv,csv_000014146,28
data\training_data\5081.png,85.0,1.0,csv,csv_000005081,10
data\training_data\6562.png,89.375,1.0,csv,csv_000006562,13
data\training_data\8851.png,89.375,1.0,csv,csv_000008851,17
data\training_data\7397.png,54.375,0.0,csv,csv_000007397,14
data\training_data\917.png,76.25,0.0,csv,csv_000000917,1
data\training_data\5109.png,67.5,1.0,csv,csv_000005109,10
data\training_data\7062.png,102.5,1.0,csv,csv_000007062,14
car\data\drive_frames\1773066162853_60_35.png,60.0,35.0,drive_frames,drive_1773066162853,29
data\training_data\14087.png,63.125,1.0,csv,csv_000014087,28
data\training_data\6586.png,85.0,1.0,csv,csv_000006586,13
data\training_data\6889.png,102.5,0.0,csv,csv_000006889,13
data\training_data\6909.png,58.75,1.0,csv,csv_000006909,13
data\training_data\10074.png,80.625,1.0,csv,csv_000010074,20
data\training_data\1347.png,98.125,1.0,csv,csv_000001347,2
data\training_data\10332.png,85.0,1.0,csv,csv_000010332,20
data\training_data\5529.png,102.5,1.0,csv,csv_000005529,11
car\data\drive_frames\1772210038112_120_35.png,120.0,35.0,drive_frames,drive_1772210038112,29
data\training_data\8449.png,102.5,1.0,csv,csv_000008449,16
data\training_data\8081.png,85.0,1.0,csv,csv_000008081,16
data\training_data\8421.png,85.0,0.0,csv,csv_000008421,16
data\training_data\5588.png,98.125,1.0,csv,csv_000005588,11
data\training_data\2175.png,89.375,1.0,csv,csv_000002175,4
data\training_data\2195.png,98.125,1.0,csv,csv_000002195,4
data\training_data\8439.png,102.5,1.0,csv,csv_000008439,16
car\data\drive_frames\1773148034066_90_35.png,90.0,35.0,drive_frames,drive_1773148034066,31
data\training_data\5625.png,98.125,1.0,csv,csv_000005625,11
data\training_data\2684.png,89.375,1.0,csv,csv_000002684,5
data\training_data\6840.png,85.0,1.0,csv,csv_000006840,13
data\training_data\12799.png,89.375,1.0,csv,csv_000012799,25
data\training_data\2025.png,93.75,0.0,csv,csv_000002025,4
data\training_data\4408.png,63.125,1.0,csv,csv_000004408,8
data\training_data\835.png,80.625,1.0,csv,csv_000000835,1
data\training_data\9582.png,98.125,1.0,csv,csv_000009582,19
data\training_data\974.png,93.75,1.0,csv,csv_000000974,1
data\training_data\2418.png,58.75,1.0,csv,csv_000002418,4
data\training_data\5173.png,80.625,1.0,csv,csv_000005173,10
data\training_data\5553.png,106.875,1.0,csv,csv_000005553,11
car\data\drive_frames\1773145040168_90_0.png,90.0,0.0,drive_frames,drive_1773145040168,29
data\training_data\938.png,85.0,0.0,csv,csv_000000938,1
data\training_data\2636.png,93.75,1.0,csv,csv_000002636,5
data\training_data\4180.png,58.75,1.0,csv,csv_000004180,8
data\training_data\10406.png,85.0,0.0,csv,csv_000010406,20
data\training_data\6993.png,89.375,1.0,csv,csv_000006993,13
car\data\drive_frames\1773065988033_90_0.png,90.0,0.0,drive_frames,drive_1773065988033,29
data\training_data\11113.png,98.125,1.0,csv,csv_000011113,22
data\training_data\9653.png,106.875,1.0,csv,csv_000009653,19
data\training_data\3753.png,102.5,1.0,csv,csv_000003753,7
data\training_data\5570.png,54.375,1.0,csv,csv_000005570,11
data\training_data\7220.png,106.875,1.0,csv,csv_000007220,14
data\training_data\2029.png,98.125,1.0,csv,csv_000002029,4
car\data\drive_frames\1773065781343_60_35.png,60.0,35.0,drive_frames,drive_1773065781343,29
data\training_data\8536.png,89.375,1.0,csv,csv_000008536,17
data\training_data\6685.png,85.0,1.0,csv,csv_000006685,13
data\training_data\631.png,85.0,0.0,csv,csv_000000631,1
data\training_data\12680.png,85.0,1.0,csv,csv_000012680,25
data\training_data\5305.png,80.625,1.0,csv,csv_000005305,10
data\training_data\4480.png,106.875,1.0,csv,csv_000004480,8
data\training_data\2603.png,85.0,1.0,csv,csv_000002603,5
data\training_data\11486.png,85.0,1.0,csv,csv_000011486,22
data\training_data\2180.png,85.0,0.0,csv,csv_000002180,4
data\training_data\1298.png,106.875,1.0,csv,csv_000001298,2
data\training_data\10075.png,54.375,1.0,csv,csv_000010075,20
car\data\drive_frames\1773065790648_55_35.png,55.0,35.0,drive_frames,drive_1773065790648,29
data\training_data\8981.png,93.75,1.0,csv,csv_000008981,17
car\data\drive_frames\1773148042335_85_35.png,85.0,35.0,drive_frames,drive_1773148042335,31
data\training_data\3551.png,85.0,0.0,csv,csv_000003551,7
data\training_data\10496.png,106.875,1.0,csv,csv_000010496,20
car\data\drive_frames\1773065806159_85_35.png,85.0,35.0,drive_frames,drive_1773065806159,29
car\data\drive_frames\1773066026302_50_35.png,50.0,35.0,drive_frames,drive_1773066026302,29
data\training_data\903.png,85.0,0.0,csv,csv_000000903,1
car\data\drive_frames\1773066085302_50_35.png,50.0,35.0,drive_frames,drive_1773066085302,29
data\training_data\9806.png,85.0,1.0,csv,csv_000009806,19
car\data\drive_frames\1772210001921_95_35.png,95.0,35.0,drive_frames,drive_1772210001921,28
data\training_data\6743.png,106.875,1.0,csv,csv_000006743,13
data\training_data\13187.png,80.625,1.0,csv,csv_000013187,26
data\training_data\11639.png,89.375,1.0,csv,csv_000011639,23
data\training_data\880.png,71.875,1.0,csv,csv_000000880,1
data\training_data\3911.png,106.875,1.0,csv,csv_000003911,7
data\training_data\3546.png,106.875,1.0,csv,csv_000003546,7
data\training_data\13516.png,85.0,1.0,csv,csv_000013516,26
data\training_data\4207.png,106.875,1.0,csv,csv_000004207,8
data\training_data\10227.png,85.0,0.0,csv,csv_000010227,20
data\training_data\2113.png,54.375,0.0,csv,csv_000002113,4
data\training_data\7327.png,106.875,1.0,csv,csv_000007327,14
data\training_data\12768.png,93.75,1.0,csv,csv_000012768,25
data\training_data\5391.png,80.625,1.0,csv,csv_000005391,10
data\training_data\3947.png,80.625,1.0,csv,csv_000003947,7
data\training_data\1012.png,93.75,0.0,csv,csv_000001012,2
data\training_data\9629.png,85.0,1.0,csv,csv_000009629,19
car\data\drive_frames\1773147794056_105_35.png,105.0,35.0,drive_frames,drive_1773147794056,31
data\training_data\5455.png,106.875,1.0,csv,csv_000005455,10
data\training_data\4382.png,106.875,1.0,csv,csv_000004382,8
data\training_data\2824.png,85.0,1.0,csv,csv_000002824,5
data\training_data\4176.png,80.625,0.0,csv,csv_000004176,8
data\training_data\9011.png,98.125,1.0,csv,csv_000009011,17
car\data\drive_frames\1773065748923_80_35.png,80.0,35.0,drive_frames,drive_1773065748923,29
data\training_data\8061.png,89.375,1.0,csv,csv_000008061,16
data\training_data\3600.png,111.25,1.0,csv,csv_000003600,7
data\training_data\12983.png,89.375,1.0,csv,csv_000012983,25
data\training_data\699.png,89.375,0.0,csv,csv_000000699,1
data\training_data\3734.png,85.0,1.0,csv,csv_000003734,7
data\training_data\8829.png,85.0,1.0,csv,csv_000008829,17
car\data\drive_frames\1772210083646_120_35.png,120.0,35.0,drive_frames,drive_1772210083646,29
data\training_data\10521.png,111.25,1.0,csv,csv_000010521,20
data\training_data\11612.png,85.0,0.0,csv,csv_000011612,23
data\training_data\5317.png,67.5,1.0,csv,csv_000005317,10
data\training_data\6014.png,106.875,1.0,csv,csv_000006014,11
data\training_data\5395.png,106.875,1.0,csv,csv_000005395,10
data\training_data\3739.png,106.875,1.0,csv,csv_000003739,7
data\training_data\11714.png,85.0,1.0,csv,csv_000011714,23
data\training_data\1068.png,93.75,0.0,csv,csv_000001068,2
data\training_data\821.png,93.75,1.0,csv,csv_000000821,1
data\training_data\629.png,85.0,1.0,csv,csv_000000629,1
data\training_data\921.png,89.375,0.0,csv,csv_000000921,1
data\training_data\13507.png,93.75,1.0,csv,csv_000013507,26
car\data\drive_frames\1773147793020_125_35.png,120.0,35.0,drive_frames,drive_1773147793020,31
data\training_data\2845.png,102.5,1.0,csv,csv_000002845,5
data\training_data\9539.png,102.5,1.0,csv,csv_000009539,19
data\training_data\7153.png,89.375,1.0,csv,csv_000007153,14
data\training_data\8962.png,102.5,1.0,csv,csv_000008962,17
data\training_data\14148.png,63.125,1.0,csv,csv_000014148,28
data\training_data\13172.png,71.875,1.0,csv,csv_000013172,26
data\training_data\9951.png,85.0,1.0,csv,csv_000009951,19
data\training_data\2432.png,93.75,1.0,csv,csv_000002432,4
data\training_data\7418.png,76.25,1.0,csv,csv_000007418,14
data\training_data\5425.png,58.75,1.0,csv,csv_000005425,10
data\training_data\3642.png,89.375,1.0,csv,csv_000003642,7
data\training_data\10478.png,89.375,1.0,csv,csv_000010478,20
data\training_data\5741.png,98.125,1.0,csv,csv_000005741,11
data\training_data\12852.png,58.75,1.0,csv,csv_000012852,25
data\training_data\8942.png,111.25,1.0,csv,csv_000008942,17
data\training_data\3985.png,102.5,1.0,csv,csv_000003985,7
data\training_data\1323.png,102.5,1.0,csv,csv_000001323,2
car\data\drive_frames\1773066160790_75_35.png,75.0,35.0,drive_frames,drive_1773066160790,29
data\training_data\8374.png,58.75,1.0,csv,csv_000008374,16
data\training_data\8467.png,58.75,1.0,csv,csv_000008467,16
data\training_data\2634.png,80.625,1.0,csv,csv_000002634,5
data\training_data\12914.png,120.0,0.0,csv,csv_000012914,25
data\training_data\2883.png,58.75,1.0,csv,csv_000002883,5
data\training_data\7367.png,85.0,1.0,csv,csv_000007367,14
car\data\drive_frames\1773065676554_90_0.png,90.0,0.0,drive_frames,drive_1773065676554,29
data\training_data\3005.png,80.625,1.0,csv,csv_000003005,5
data\training_data\2822.png,102.5,1.0,csv,csv_000002822,5
data\training_data\1504.png,85.0,0.0,csv,csv_000001504,2
data\training_data\11067.png,58.75,1.0,csv,csv_000011067,22
data\training_data\2752.png,76.25,1.0,csv,csv_000002752,5
data\training_data\13139.png,85.0,1.0,csv,csv_000013139,26
data\training_data\11650.png,106.875,1.0,csv,csv_000011650,23
data\training_data\10400.png,85.0,0.0,csv,csv_000010400,20
data\training_data\6831.png,54.375,1.0,csv,csv_000006831,13
data\training_data\4073.png,89.375,1.0,csv,csv_000004073,8
data\training_data\11901.png,98.125,1.0,csv,csv_000011901,23
data\training_data\8867.png,102.5,1.0,csv,csv_000008867,17
data\training_data\10392.png,93.75,0.0,csv,csv_000010392,20
data\training_data\8916.png,85.0,0.0,csv,csv_000008916,17
data\training_data\3742.png,93.75,0.0,csv,csv_000003742,7
data\training_data\8342.png,63.125,1.0,csv,csv_000008342,16
data\training_data\2755.png,85.0,0.0,csv,csv_000002755,5
data\training_data\5262.png,89.375,0.0,csv,csv_000005262,10
data\training_data\4277.png,89.375,1.0,csv,csv_000004277,8
data\training_data\5412.png,85.0,1.0,csv,csv_000005412,10
data\training_data\7141.png,111.25,1.0,csv,csv_000007141,14
data\training_data\14199.png,111.25,0.0,csv,csv_000014199,28
data\training_data\7249.png,106.875,1.0,csv,csv_000007249,14
car\data\drive_frames\1773147842918_90_35.png,90.0,35.0,drive_frames,drive_1773147842918,31
data\training_data\8223.png,80.625,1.0,csv,csv_000008223,16
data\training_data\10086.png,85.0,1.0,csv,csv_000010086,20
data\training_data\7488.png,85.0,0.0,csv,csv_000007488,14
data\training_data\7335.png,98.125,1.0,csv,csv_000007335,14
data\training_data\9766.png,58.75,1.0,csv,csv_000009766,19
data\training_data\8589.png,106.875,1.0,csv,csv_000008589,17
data\training_data\5105.png,89.375,1.0,csv,csv_000005105,10
car\data\drive_frames\1772205753394_90_35.png,90.0,35.0,drive_frames,drive_1772205753394,28
data\training_data\5541.png,63.125,0.0,csv,csv_000005541,11
data\training_data\2704.png,98.125,1.0,csv,csv_000002704,5
data\training_data\2244.png,85.0,1.0,csv,csv_000002244,4
car\data\drive_frames\1773066179395_50_35.png,50.0,35.0,drive_frames,drive_1773066179395,29
data\training_data\8596.png,93.75,1.0,csv,csv_000008596,17
data\training_data\531.png,76.25,1.0,csv,csv_000000531,1
data\training_data\11740.png,106.875,1.0,csv,csv_000011740,23
data\training_data\2299.png,58.75,1.0,csv,csv_000002299,4
data\training_data\13515.png,71.875,1.0,csv,csv_000013515,26
data\training_data\9958.png,102.5,1.0,csv,csv_000009958,19
data\training_data\2350.png,58.75,0.0,csv,csv_000002350,4
data\training_data\9795.png,89.375,1.0,csv,csv_000009795,19
data\training_data\7152.png,93.75,1.0,csv,csv_000007152,14
data\training_data\8584.png,85.0,1.0,csv,csv_000008584,17
data\training_data\11422.png,54.375,0.0,csv,csv_000011422,22
data\training_data\1451.png,89.375,1.0,csv,csv_000001451,2
data\training_data\5370.png,93.75,1.0,csv,csv_000005370,10
data\training_data\14238.png,85.0,1.0,csv,csv_000014238,28
data\training_data\5547.png,63.125,1.0,csv,csv_000005547,11
data\training_data\8190.png,58.75,0.0,csv,csv_000008190,16
data\training_data\11477.png,98.125,1.0,csv,csv_000011477,22
data\training_data\5899.png,89.375,1.0,csv,csv_000005899,11
data\training_data\1370.png,67.5,0.0,csv,csv_000001370,2
data\training_data\2259.png,106.875,0.0,csv,csv_000002259,4
data\training_data\12639.png,89.375,1.0,csv,csv_000012639,25
data\training_data\511.png,80.625,1.0,csv,csv_000000511,1
data\training_data\870.png,98.125,1.0,csv,csv_000000870,1
data\training_data\4491.png,85.0,0.0,csv,csv_000004491,8
data\training_data\1207.png,102.5,1.0,csv,csv_000001207,2
car\data\drive_frames\1773148074423_105_35.png,105.0,35.0,drive_frames,drive_1773148074423,31
data\training_data\10122.png,76.25,1.0,csv,csv_000010122,20
data\training_data\5860.png,85.0,1.0,csv,csv_000005860,11
data\training_data\2170.png,85.0,1.0,csv,csv_000002170,4
data\training_data\7509.png,85.0,1.0,csv,csv_000007509,14
data\training_data\10454.png,54.375,0.0,csv,csv_000010454,20
data\training_data\5435.png,89.375,1.0,csv,csv_000005435,10
data\training_data\8030.png,89.375,0.0,csv,csv_000008030,16
data\training_data\8609.png,58.75,1.0,csv,csv_000008609,17
data\training_data\5743.png,85.0,1.0,csv,csv_000005743,11
car\data\drive_frames\1773147773346_80_35.png,80.0,35.0,drive_frames,drive_1773147773346,31
data\training_data\5667.png,85.0,0.0,csv,csv_000005667,11
data\training_data\11749.png,85.0,1.0,csv,csv_000011749,23
data\training_data\5652.png,71.875,1.0,csv,csv_000005652,11
data\training_data\4355.png,98.125,1.0,csv,csv_000004355,8
data\training_data\7468.png,80.625,1.0,csv,csv_000007468,14
data\training_data\11538.png,106.875,1.0,csv,csv_000011538,23
data\training_data\5846.png,85.0,0.0,csv,csv_000005846,11
data\training_data\698.png,54.375,1.0,csv,csv_000000698,1
data\training_data\13531.png,58.75,1.0,csv,csv_000013531,26
data\training_data\9925.png,106.875,1.0,csv,csv_000009925,19
data\training_data\6769.png,102.5,1.0,csv,csv_000006769,13
data\training_data\9858.png,67.5,1.0,csv,csv_000009858,19
data\training_data\11439.png,80.625,1.0,csv,csv_000011439,22
data\training_data\8875.png,58.75,1.0,csv,csv_000008875,17
data\training_data\5315.png,63.125,1.0,csv,csv_000005315,10
data\training_data\627.png,111.25,0.0,csv,csv_000000627,1
data\training_data\915.png,85.0,0.0,csv,csv_000000915,1
data\training_data\4407.png,85.0,1.0,csv,csv_000004407,8
data\training_data\14228.png,85.0,0.0,csv,csv_000014228,28
data\training_data\5928.png,102.5,1.0,csv,csv_000005928,11
data\training_data\13129.png,89.375,0.0,csv,csv_000013129,26
data\training_data\9938.png,85.0,1.0,csv,csv_000009938,19
data\training_data\5689.png,106.875,1.0,csv,csv_000005689,11
data\training_data\9774.png,85.0,0.0,csv,csv_000009774,19
data\training_data\8770.png,85.0,1.0,csv,csv_000008770,17
data\training_data\12598.png,76.25,1.0,csv,csv_000012598,25
data\training_data\5256.png,67.5,0.0,csv,csv_000005256,10
data\training_data\12988.png,106.875,1.0,csv,csv_000012988,25
data\training_data\11586.png,54.375,1.0,csv,csv_000011586,23
data\training_data\8498.png,76.25,1.0,csv,csv_000008498,16
data\training_data\5302.png,98.125,0.0,csv,csv_000005302,10
data\training_data\9803.png,85.0,1.0,csv,csv_000009803,19
data\training_data\1356.png,89.375,0.0,csv,csv_000001356,2
data\training_data\2795.png,76.25,1.0,csv,csv_000002795,5
data\training_data\9868.png,85.0,1.0,csv,csv_000009868,19
data\training_data\6758.png,85.0,1.0,csv,csv_000006758,13
data\training_data\3879.png,85.0,1.0,csv,csv_000003879,7
data\training_data\2464.png,85.0,0.0,csv,csv_000002464,4
data\training_data\14276.png,85.0,1.0,csv,csv_000014276,28
data\training_data\4178.png,67.5,1.0,csv,csv_000004178,8
data\training_data\5327.png,93.75,1.0,csv,csv_000005327,10
data\training_data\10176.png,85.0,0.0,csv,csv_000010176,20
data\training_data\5499.png,102.5,1.0,csv,csv_000005499,10
data\training_data\13232.png,102.5,1.0,csv,csv_000013232,26
data\training_data\2475.png,58.75,1.0,csv,csv_000002475,4
data\training_data\12796.png,58.75,1.0,csv,csv_000012796,25
car\data\drive_frames\1773066101840_80_35.png,80.0,35.0,drive_frames,drive_1773066101840,29
data\training_data\12741.png,98.125,0.0,csv,csv_000012741,25
data\training_data\5092.png,106.875,1.0,csv,csv_000005092,10
data\training_data\4498.png,85.0,1.0,csv,csv_000004498,8
data\training_data\6836.png,85.0,0.0,csv,csv_000006836,13
data\training_data\11068.png,106.875,1.0,csv,csv_000011068,22
data\training_data\4493.png,106.875,1.0,csv,csv_000004493,8
data\training_data\12563.png,98.125,0.0,csv,csv_000012563,25
data\training_data\11329.png,85.0,0.0,csv,csv_000011329,22
car\data\drive_frames\1773065691023_80_35.png,80.0,35.0,drive_frames,drive_1773065691023,29
data\training_data\1100.png,98.125,1.0,csv,csv_000001100,2
car\data\drive_frames\1773147873934_120_35.png,120.0,35.0,drive_frames,drive_1773147873934,31
data\training_data\2477.png,106.875,1.0,csv,csv_000002477,4
data\training_data\5344.png,85.0,0.0,csv,csv_000005344,10
data\training_data\6932.png,80.625,1.0,csv,csv_000006932,13
car\data\drive_frames\1773066143198_70_35.png,70.0,35.0,drive_frames,drive_1773066143198,29
data\training_data\11570.png,89.375,1.0,csv,csv_000011570,23
data\training_data\6550.png,85.0,0.0,csv,csv_000006550,13
data\training_data\8318.png,89.375,1.0,csv,csv_000008318,16
data\training_data\10092.png,102.5,1.0,csv,csv_000010092,20
car\data\drive_frames\1773147840851_120_35.png,120.0,35.0,drive_frames,drive_1773147840851,31
data\training_data\1278.png,89.375,1.0,csv,csv_000001278,2
data\training_data\8248.png,93.75,1.0,csv,csv_000008248,16
data\training_data\10133.png,58.75,1.0,csv,csv_000010133,20
data\training_data\8559.png,85.0,1.0,csv,csv_000008559,17
car\data\drive_frames\1773065772038_55_35.png,55.0,35.0,drive_frames,drive_1773065772038,29
data\training_data\7092.png,85.0,1.0,csv,csv_000007092,14
data\training_data\985.png,98.125,1.0,csv,csv_000000985,1
data\training_data\1219.png,106.875,1.0,csv,csv_000001219,2
data\training_data\3762.png,102.5,1.0,csv,csv_000003762,7
data\training_data\4244.png,50.0,1.0,csv,csv_000004244,8
data\training_data\3905.png,54.375,1.0,csv,csv_000003905,7
data\training_data\5992.png,63.125,1.0,csv,csv_000005992,11
data\training_data\8476.png,85.0,1.0,csv,csv_000008476,16
data\training_data\14391.png,85.0,1.0,csv,csv_000014391,28
data\training_data\6990.png,102.5,1.0,csv,csv_000006990,13
data\training_data\12795.png,85.0,0.0,csv,csv_000012795,25
data\training_data\11378.png,111.25,1.0,csv,csv_000011378,22
data\training_data\5845.png,102.5,1.0,csv,csv_000005845,11
data\training_data\8752.png,93.75,1.0,csv,csv_000008752,17
data\training_data\11739.png,85.0,1.0,csv,csv_000011739,23
data\training_data\2037.png,67.5,1.0,csv,csv_000002037,4
data\training_data\3698.png,85.0,1.0,csv,csv_000003698,7
data\training_data\1037.png,106.875,1.0,csv,csv_000001037,2
data\training_data\1324.png,102.5,1.0,csv,csv_000001324,2
data\training_data\8167.png,111.25,1.0,csv,csv_000008167,16
data\training_data\1328.png,89.375,0.0,csv,csv_000001328,2
data\training_data\5643.png,89.375,1.0,csv,csv_000005643,11
data\training_data\12951.png,54.375,1.0,csv,csv_000012951,25
car\data\drive_frames\1773066130792_55_35.png,55.0,35.0,drive_frames,drive_1773066130792,29
data\training_data\13370.png,98.125,1.0,csv,csv_000013370,26
data\training_data\642.png,63.125,1.0,csv,csv_000000642,1
data\training_data\10089.png,89.375,1.0,csv,csv_000010089,20
data\training_data\12626.png,98.125,1.0,csv,csv_000012626,25
data\training_data\1502.png,98.125,0.0,csv,csv_000001502,2
data\training_data\5635.png,67.5,1.0,csv,csv_000005635,11
data\training_data\2367.png,102.5,1.0,csv,csv_000002367,4
data\training_data\13074.png,63.125,1.0,csv,csv_000013074,26
data\training_data\8583.png,85.0,0.0,csv,csv_000008583,17
data\training_data\6869.png,106.875,1.0,csv,csv_000006869,13
data\training_data\9691.png,98.125,1.0,csv,csv_000009691,19
data\training_data\517.png,89.375,1.0,csv,csv_000000517,1
data\training_data\5944.png,80.625,0.0,csv,csv_000005944,11
data\training_data\11757.png,102.5,1.0,csv,csv_000011757,23
car\data\drive_frames\1772205733757_95_35.png,95.0,35.0,drive_frames,drive_1772205733757,28
data\training_data\6696.png,102.5,1.0,csv,csv_000006696,13
data\training_data\8801.png,98.125,1.0,csv,csv_000008801,17
data\training_data\9970.png,120.0,1.0,csv,csv_000009970,19
data\training_data\944.png,89.375,1.0,csv,csv_000000944,1
data\training_data\12596.png,80.625,1.0,csv,csv_000012596,25
data\training_data\1086.png,63.125,1.0,csv,csv_000001086,2
data\training_data\2811.png,63.125,1.0,csv,csv_000002811,5
data\training_data\5722.png,85.0,1.0,csv,csv_000005722,11
data\training_data\8803.png,85.0,1.0,csv,csv_000008803,17
data\training_data\11122.png,102.5,1.0,csv,csv_000011122,22
data\training_data\2678.png,98.125,1.0,csv,csv_000002678,5
data\training_data\9986.png,120.0,1.0,csv,csv_000009986,19
data\training_data\14312.png,58.75,1.0,csv,csv_000014312,28
data\training_data\7295.png,106.875,1.0,csv,csv_000007295,14
data\training_data\5820.png,80.625,1.0,csv,csv_000005820,11
data\training_data\2426.png,111.25,0.0,csv,csv_000002426,4
data\training_data\13124.png,54.375,1.0,csv,csv_000013124,26
data\training_data\11346.png,115.625,0.0,csv,csv_000011346,22
data\training_data\8625.png,63.125,1.0,csv,csv_000008625,17
data\training_data\13130.png,76.25,0.0,csv,csv_000013130,26
data\training_data\5108.png,106.875,1.0,csv,csv_000005108,10
data\training_data\3838.png,58.75,1.0,csv,csv_000003838,7
data\training_data\8673.png,58.75,1.0,csv,csv_000008673,17
car\data\drive_frames\1773147979499_80_35.png,80.0,35.0,drive_frames,drive_1773147979499,31
data\training_data\894.png,102.5,1.0,csv,csv_000000894,1
data\training_data\10416.png,106.875,1.0,csv,csv_000010416,20
data\training_data\9567.png,63.125,1.0,csv,csv_000009567,19
car\data\drive_frames\1773147781614_125_35.png,120.0,35.0,drive_frames,drive_1773147781614,31
data\training_data\5222.png,106.875,1.0,csv,csv_000005222,10
data\training_data\11508.png,98.125,1.0,csv,csv_000011508,22
data\training_data\4428.png,71.875,1.0,csv,csv_000004428,8
data\training_data\2682.png,80.625,1.0,csv,csv_000002682,5
data\training_data\10460.png,102.5,0.0,csv,csv_000010460,20
data\training_data\2406.png,58.75,1.0,csv,csv_000002406,4
data\training_data\981.png,63.125,1.0,csv,csv_000000981,1
data\training_data\1276.png,106.875,1.0,csv,csv_000001276,2
data\training_data\5931.png,93.75,1.0,csv,csv_000005931,11
data\training_data\2184.png,58.75,1.0,csv,csv_000002184,4
data\training_data\3524.png,89.375,1.0,csv,csv_000003524,7
data\training_data\11790.png,63.125,1.0,csv,csv_000011790,23
data\training_data\13381.png,54.375,1.0,csv,csv_000013381,26
data\training_data\13392.png,67.5,0.0,csv,csv_000013392,26
data\training_data\8159.png,93.75,0.0,csv,csv_000008159,16
data\training_data\3000.png,93.75,1.0,csv,csv_000003000,5
data\training_data\4459.png,89.375,1.0,csv,csv_000004459,8
data\training_data\13442.png,111.25,1.0,csv,csv_000013442,26
data\training_data\4281.png,85.0,0.0,csv,csv_000004281,8
data\training_data\13529.png,58.75,1.0,csv,csv_000013529,26
data\training_data\770.png,76.25,1.0,csv,csv_000000770,1
data\training_data\13501.png,102.5,1.0,csv,csv_000013501,26
car\data\drive_frames\1773065737550_90_35.png,90.0,35.0,drive_frames,drive_1773065737550,29
data\training_data\13033.png,58.75,1.0,csv,csv_000013033,25
data\training_data\10224.png,80.625,0.0,csv,csv_000010224,20
data\training_data\14376.png,98.125,1.0,csv,csv_000014376,28
data\training_data\9985.png,85.0,0.0,csv,csv_000009985,19
data\training_data\7140.png,50.0,1.0,csv,csv_000007140,14
data\training_data\8939.png,85.0,1.0,csv,csv_000008939,17
data\training_data\1459.png,85.0,1.0,csv,csv_000001459,2
data\training_data\2059.png,80.625,1.0,csv,csv_000002059,4
data\training_data\14180.png,106.875,1.0,csv,csv_000014180,28
data\training_data\5366.png,102.5,0.0,csv,csv_000005366,10
data\training_data\12655.png,98.125,0.0,csv,csv_000012655,25
data\training_data\766.png,102.5,1.0,csv,csv_000000766,1
data\training_data\4206.png,80.625,1.0,csv,csv_000004206,8
data\training_data\2199.png,85.0,1.0,csv,csv_000002199,4
data\training_data\3709.png,63.125,1.0,csv,csv_000003709,7
data\training_data\5600.png,63.125,1.0,csv,csv_000005600,11
data\training_data\2574.png,58.75,1.0,csv,csv_000002574,5
data\training_data\11836.png,93.75,1.0,csv,csv_000011836,23
data\training_data\13311.png,98.125,1.0,csv,csv_000013311,26
data\training_data\8199.png,102.5,0.0,csv,csv_000008199,16
car\data\drive_frames\1772210000889_90_35.png,90.0,35.0,drive_frames,drive_1772210000889,28
data\training_data\11933.png,102.5,1.0,csv,csv_000011933,23
data\training_data\11262.png,85.0,1.0,csv,csv_000011262,22
data\training_data\518.png,102.5,1.0,csv,csv_000000518,1
data\training_data\5806.png,71.875,1.0,csv,csv_000005806,11
data\training_data\8508.png,89.375,1.0,csv,csv_000008508,16
data\training_data\13071.png,89.375,1.0,csv,csv_000013071,26
data\training_data\8075.png,85.0,0.0,csv,csv_000008075,16
data\training_data\3655.png,54.375,1.0,csv,csv_000003655,7
data\training_data\11209.png,67.5,1.0,csv,csv_000011209,22
data\training_data\8261.png,111.25,1.0,csv,csv_000008261,16
data\training_data\13332.png,106.875,0.0,csv,csv_000013332,26
data\training_data\3858.png,89.375,1.0,csv,csv_000003858,7
data\training_data\14286.png,89.375,1.0,csv,csv_000014286,28
data\training_data\2527.png,63.125,1.0,csv,csv_000002527,5
data\training_data\9697.png,89.375,1.0,csv,csv_000009697,19
data\training_data\3754.png,98.125,1.0,csv,csv_000003754,7
data\training_data\9711.png,85.0,1.0,csv,csv_000009711,19
data\training_data\11902.png,85.0,1.0,csv,csv_000011902,23
data\training_data\13479.png,80.625,1.0,csv,csv_000013479,26
data\training_data\2847.png,93.75,1.0,csv,csv_000002847,5
data\training_data\3896.png,89.375,1.0,csv,csv_000003896,7
car\data\drive_frames\1773147759901_85_35.png,85.0,35.0,drive_frames,drive_1773147759901,31
data\training_data\6882.png,89.375,1.0,csv,csv_000006882,13
data\training_data\1466.png,89.375,1.0,csv,csv_000001466,2
data\training_data\2360.png,76.25,1.0,csv,csv_000002360,4
data\training_data\12765.png,85.0,0.0,csv,csv_000012765,25
data\training_data\1269.png,85.0,0.0,csv,csv_000001269,2
data\training_data\1087.png,76.25,0.0,csv,csv_000001087,2
data\training_data\10138.png,80.625,1.0,csv,csv_000010138,20
data\training_data\7184.png,58.75,0.0,csv,csv_000007184,14
data\training_data\10467.png,85.0,1.0,csv,csv_000010467,20
car\data\drive_frames\1773066059395_50_35.png,50.0,35.0,drive_frames,drive_1773066059395,29
data\training_data\5386.png,85.0,1.0,csv,csv_000005386,10
data\training_data\10505.png,89.375,1.0,csv,csv_000010505,20
data\training_data\8621.png,106.875,1.0,csv,csv_000008621,17
data\training_data\8334.png,85.0,1.0,csv,csv_000008334,16
data\training_data\4445.png,63.125,1.0,csv,csv_000004445,8
data\training_data\4229.png,85.0,1.0,csv,csv_000004229,8
data\training_data\5708.png,111.25,1.0,csv,csv_000005708,11
data\training_data\3976.png,50.0,1.0,csv,csv_000003976,7
data\training_data\8493.png,111.25,1.0,csv,csv_000008493,16
data\training_data\10470.png,85.0,0.0,csv,csv_000010470,20
data\training_data\829.png,85.0,1.0,csv,csv_000000829,1
data\training_data\2537.png,80.625,1.0,csv,csv_000002537,5
data\training_data\7248.png,102.5,1.0,csv,csv_000007248,14
car\data\drive_frames\1773148015687_90_35.png,90.0,35.0,drive_frames,drive_1773148015687,31
car\data\drive_frames\1773065779275_75_35.png,75.0,35.0,drive_frames,drive_1773065779275,29
data\training_data\3861.png,85.0,0.0,csv,csv_000003861,7
data\training_data\8807.png,89.375,1.0,csv,csv_000008807,17
data\training_data\13317.png,106.875,0.0,csv,csv_000013317,26
data\training_data\2875.png,106.875,1.0,csv,csv_000002875,5
data\training_data\4508.png,85.0,1.0,csv,csv_000004508,8
data\training_data\13426.png,89.375,1.0,csv,csv_000013426,26
data\training_data\5641.png,80.625,1.0,csv,csv_000005641,11
data\training_data\2319.png,85.0,1.0,csv,csv_000002319,4
data\training_data\591.png,85.0,1.0,csv,csv_000000591,1
data\training_data\5417.png,85.0,1.0,csv,csv_000005417,10
data\training_data\11819.png,120.0,1.0,csv,csv_000011819,23
data\training_data\9717.png,93.75,1.0,csv,csv_000009717,19
data\training_data\10278.png,85.0,1.0,csv,csv_000010278,20
car\data\drive_frames\1773147945378_115_35.png,115.0,35.0,drive_frames,drive_1773147945378,31
data\training_data\1182.png,54.375,1.0,csv,csv_000001182,2
data\training_data\2233.png,98.125,0.0,csv,csv_000002233,4
car\data\drive_frames\1773065708599_90_35.png,90.0,35.0,drive_frames,drive_1773065708599,29
data\training_data\6771.png,63.125,1.0,csv,csv_000006771,13
data\training_data\8499.png,98.125,1.0,csv,csv_000008499,16
data\training_data\9536.png,93.75,1.0,csv,csv_000009536,19
data\training_data\12643.png,80.625,0.0,csv,csv_000012643,25
data\training_data\2302.png,111.25,1.0,csv,csv_000002302,4
data\training_data\5207.png,89.375,0.0,csv,csv_000005207,10
data\training_data\4254.png,85.0,0.0,csv,csv_000004254,8
data\training_data\2785.png,102.5,1.0,csv,csv_000002785,5
data\training_data\11040.png,58.75,0.0,csv,csv_000011040,22
data\training_data\12029.png,85.0,1.0,csv,csv_000012029,23
car\data\drive_frames\1773148035098_110_35.png,110.0,35.0,drive_frames,drive_1773148035098,31
data\training_data\1243.png,106.875,1.0,csv,csv_000001243,2
data\training_data\13418.png,85.0,1.0,csv,csv_000013418,26
data\training_data\12021.png,54.375,1.0,csv,csv_000012021,23
data\training_data\13254.png,106.875,1.0,csv,csv_000013254,26
data\training_data\3921.png,93.75,1.0,csv,csv_000003921,7
data\training_data\11375.png,98.125,1.0,csv,csv_000011375,22
data\training_data\1140.png,58.75,1.0,csv,csv_000001140,2
data\training_data\14176.png,85.0,1.0,csv,csv_000014176,28
data\training_data\9786.png,111.25,1.0,csv,csv_000009786,19
data\training_data\5621.png,106.875,1.0,csv,csv_000005621,11
data\training_data\3670.png,98.125,1.0,csv,csv_000003670,7
data\training_data\13406.png,76.25,1.0,csv,csv_000013406,26
data\training_data\8305.png,89.375,1.0,csv,csv_000008305,16
data\training_data\3809.png,85.0,0.0,csv,csv_000003809,7
data\training_data\8048.png,89.375,1.0,csv,csv_000008048,16
data\training_data\2198.png,98.125,0.0,csv,csv_000002198,4
data\training_data\4376.png,54.375,0.0,csv,csv_000004376,8
data\training_data\8891.png,102.5,1.0,csv,csv_000008891,17
data\training_data\12969.png,85.0,0.0,csv,csv_000012969,25
data\training_data\12896.png,80.625,1.0,csv,csv_000012896,25
data\training_data\8997.png,89.375,1.0,csv,csv_000008997,17
data\training_data\3963.png,102.5,1.0,csv,csv_000003963,7
data\training_data\8580.png,102.5,0.0,csv,csv_000008580,17
data\training_data\1393.png,80.625,1.0,csv,csv_000001393,2
data\training_data\12851.png,58.75,1.0,csv,csv_000012851,25
data\training_data\5556.png,58.75,1.0,csv,csv_000005556,11
data\training_data\5624.png,85.0,1.0,csv,csv_000005624,11
data\training_data\8141.png,93.75,0.0,csv,csv_000008141,16
data\training_data\732.png,102.5,1.0,csv,csv_000000732,1
data\training_data\8691.png,67.5,1.0,csv,csv_000008691,17
data\training_data\5147.png,106.875,1.0,csv,csv_000005147,10
data\training_data\5537.png,93.75,1.0,csv,csv_000005537,11
data\training_data\12654.png,71.875,1.0,csv,csv_000012654,25
data\training_data\12568.png,102.5,1.0,csv,csv_000012568,25
data\training_data\11704.png,89.375,1.0,csv,csv_000011704,23
data\training_data\7389.png,93.75,1.0,csv,csv_000007389,14
data\training_data\3902.png,85.0,0.0,csv,csv_000003902,7
data\training_data\6701.png,85.0,1.0,csv,csv_000006701,13
data\training_data\5437.png,58.75,1.0,csv,csv_000005437,10
data\training_data\7247.png,80.625,1.0,csv,csv_000007247,14
data\training_data\8156.png,85.0,0.0,csv,csv_000008156,16
data\training_data\5963.png,98.125,1.0,csv,csv_000005963,11
data\training_data\11913.png,111.25,1.0,csv,csv_000011913,23
data\training_data\4290.png,89.375,1.0,csv,csv_000004290,8
data\training_data\8079.png,89.375,1.0,csv,csv_000008079,16
data\training_data\4461.png,98.125,1.0,csv,csv_000004461,8
data\training_data\11633.png,98.125,1.0,csv,csv_000011633,23
data\training_data\10121.png,54.375,0.0,csv,csv_000010121,20
data\training_data\2723.png,102.5,0.0,csv,csv_000002723,5
car\data\drive_frames\1773066142166_60_35.png,60.0,35.0,drive_frames,drive_1773066142166,29
data\training_data\5279.png,85.0,1.0,csv,csv_000005279,10
data\training_data\3756.png,102.5,0.0,csv,csv_000003756,7
data\training_data\10360.png,58.75,1.0,csv,csv_000010360,20
data\training_data\11078.png,89.375,0.0,csv,csv_000011078,22
data\training_data\1077.png,102.5,1.0,csv,csv_000001077,2
data\training_data\10371.png,115.625,1.0,csv,csv_000010371,20
data\training_data\2118.png,106.875,1.0,csv,csv_000002118,4
data\training_data\14102.png,54.375,1.0,csv,csv_000014102,28
data\training_data\5979.png,85.0,1.0,csv,csv_000005979,11
data\training_data\8631.png,89.375,1.0,csv,csv_000008631,17
data\training_data\12552.png,89.375,1.0,csv,csv_000012552,25
data\training_data\11803.png,58.75,1.0,csv,csv_000011803,23
car\data\drive_frames\1773145029826_90_0.png,90.0,0.0,drive_frames,drive_1773145029826,29
data\training_data\12580.png,89.375,1.0,csv,csv_000012580,25
data\training_data\1417.png,111.25,1.0,csv,csv_000001417,2
data\training_data\10471.png,98.125,0.0,csv,csv_000010471,20
data\training_data\11120.png,85.0,0.0,csv,csv_000011120,22
data\training_data\8028.png,85.0,0.0,csv,csv_000008028,16
car\data\drive_frames\1772205731690_70_35.png,70.0,35.0,drive_frames,drive_1772205731690,28
data\training_data\13274.png,58.75,1.0,csv,csv_000013274,26
data\training_data\3672.png,80.625,1.0,csv,csv_000003672,7
data\training_data\1020.png,115.625,1.0,csv,csv_000001020,2
data\training_data\10234.png,85.0,1.0,csv,csv_000010234,20
data\training_data\11345.png,76.25,1.0,csv,csv_000011345,22
data\training_data\5894.png,89.375,1.0,csv,csv_000005894,11
data\training_data\9591.png,58.75,0.0,csv,csv_000009591,19
data\training_data\8386.png,85.0,0.0,csv,csv_000008386,16
data\training_data\6680.png,80.625,1.0,csv,csv_000006680,13
data\training_data\4164.png,106.875,1.0,csv,csv_000004164,8
data\training_data\4054.png,106.875,1.0,csv,csv_000004054,8
data\training_data\8802.png,76.25,1.0,csv,csv_000008802,17
data\training_data\13429.png,71.875,0.0,csv,csv_000013429,26
data\training_data\1051.png,89.375,1.0,csv,csv_000001051,2
data\training_data\5265.png,111.25,1.0,csv,csv_000005265,10
data\training_data\13210.png,106.875,0.0,csv,csv_000013210,26
data\training_data\8873.png,115.625,0.0,csv,csv_000008873,17
data\training_data\2458.png,85.0,0.0,csv,csv_000002458,4
data\training_data\13319.png,106.875,1.0,csv,csv_000013319,26
data\training_data\11517.png,111.25,1.0,csv,csv_000011517,22
car\data\drive_frames\1773065732382_55_35.png,55.0,35.0,drive_frames,drive_1773065732382,29
data\training_data\11205.png,80.625,1.0,csv,csv_000011205,22
data\training_data\1438.png,54.375,1.0,csv,csv_000001438,2
data\training_data\11845.png,89.375,1.0,csv,csv_000011845,23
data\training_data\12770.png,63.125,1.0,csv,csv_000012770,25
data\training_data\1005.png,106.875,1.0,csv,csv_000001005,1
data\training_data\5063.png,85.0,0.0,csv,csv_000005063,10
data\training_data\12979.png,54.375,1.0,csv,csv_000012979,25
data\training_data\7064.png,102.5,1.0,csv,csv_000007064,14
data\training_data\8351.png,85.0,0.0,csv,csv_000008351,16
car\data\drive_frames\1773066005611_60_35.png,60.0,35.0,drive_frames,drive_1773066005611,29
data\training_data\5693.png,85.0,1.0,csv,csv_000005693,11
data\training_data\6766.png,80.625,1.0,csv,csv_000006766,13
data\training_data\5720.png,102.5,1.0,csv,csv_000005720,11
car\data\drive_frames\1773066020097_80_0.png,80.0,0.0,drive_frames,drive_1773066020097,29
data\training_data\1142.png,76.25,1.0,csv,csv_000001142,2
data\training_data\11279.png,102.5,1.0,csv,csv_000011279,22
data\training_data\9802.png,85.0,1.0,csv,csv_000009802,19
data\training_data\623.png,85.0,0.0,csv,csv_000000623,1
data\training_data\8221.png,89.375,1.0,csv,csv_000008221,16
car\data\drive_frames\1773148027861_100_35.png,100.0,35.0,drive_frames,drive_1773148027861,31
data\training_data\11583.png,106.875,1.0,csv,csv_000011583,23
data\training_data\7161.png,89.375,1.0,csv,csv_000007161,14
data\training_data\1427.png,106.875,1.0,csv,csv_000001427,2
data\training_data\4447.png,85.0,0.0,csv,csv_000004447,8
data\training_data\6779.png,58.75,1.0,csv,csv_000006779,13
data\training_data\13511.png,54.375,1.0,csv,csv_000013511,26
data\training_data\3822.png,89.375,0.0,csv,csv_000003822,7
data\training_data\8628.png,76.25,1.0,csv,csv_000008628,17
data\training_data\11899.png,85.0,0.0,csv,csv_000011899,23
car\data\drive_frames\1773147822203_90_35.png,90.0,35.0,drive_frames,drive_1773147822203,31
data\training_data\11036.png,93.75,1.0,csv,csv_000011036,22
data\training_data\6584.png,80.625,1.0,csv,csv_000006584,13
data\training_data\806.png,58.75,1.0,csv,csv_000000806,1
data\training_data\8188.png,85.0,0.0,csv,csv_000008188,16
data\training_data\3845.png,85.0,1.0,csv,csv_000003845,7
data\training_data\11951.png,58.75,1.0,csv,csv_000011951,23
car\data\drive_frames\1773147971226_115_35.png,115.0,35.0,drive_frames,drive_1773147971226,31
car\data\drive_frames\1773065833038_90_35.png,90.0,35.0,drive_frames,drive_1773065833038,29
car\data\drive_frames\1773148006382_90_35.png,90.0,35.0,drive_frames,drive_1773148006382,31
data\training_data\10316.png,111.25,0.0,csv,csv_000010316,20
data\training_data\1318.png,102.5,1.0,csv,csv_000001318,2
data\training_data\8154.png,80.625,1.0,csv,csv_000008154,16
data\training_data\2377.png,54.375,1.0,csv,csv_000002377,4
data\training_data\11679.png,80.625,1.0,csv,csv_000011679,23
data\training_data\8826.png,98.125,0.0,csv,csv_000008826,17
data\training_data\5700.png,50.0,1.0,csv,csv_000005700,11
data\training_data\588.png,111.25,1.0,csv,csv_000000588,1
data\training_data\7021.png,67.5,0.0,csv,csv_000007021,13
data\training_data\11721.png,58.75,1.0,csv,csv_000011721,23
data\training_data\7117.png,111.25,1.0,csv,csv_000007117,14
data\training_data\9828.png,120.0,1.0,csv,csv_000009828,19
data\training_data\780.png,106.875,0.0,csv,csv_000000780,1
data\training_data\4392.png,89.375,1.0,csv,csv_000004392,8
data\training_data\4095.png,106.875,1.0,csv,csv_000004095,8
data\training_data\1004.png,85.0,0.0,csv,csv_000001004,1
data\training_data\1425.png,89.375,0.0,csv,csv_000001425,2
data\training_data\4319.png,71.875,1.0,csv,csv_000004319,8
car\data\drive_frames\1773065809259_70_35.png,70.0,35.0,drive_frames,drive_1773065809259,29
car\data\drive_frames\1772209985414_120_35.png,120.0,35.0,drive_frames,drive_1772209985414,28
data\training_data\6975.png,54.375,1.0,csv,csv_000006975,13
data\training_data\13244.png,89.375,1.0,csv,csv_000013244,26
data\training_data\3633.png,98.125,1.0,csv,csv_000003633,7
data\training_data\5505.png,102.5,1.0,csv,csv_000005505,10
data\training_data\10351.png,80.625,1.0,csv,csv_000010351,20
data\training_data\11527.png,115.625,1.0,csv,csv_000011527,22
data\training_data\13001.png,106.875,1.0,csv,csv_000013001,25
data\training_data\7365.png,98.125,1.0,csv,csv_000007365,14
car\data\drive_frames\1773066091499_75_35.png,75.0,35.0,drive_frames,drive_1773066091499,29
data\training_data\3744.png,63.125,1.0,csv,csv_000003744,7
data\training_data\14358.png,89.375,0.0,csv,csv_000014358,28
data\training_data\5675.png,85.0,1.0,csv,csv_000005675,11
data\training_data\3004.png,115.625,0.0,csv,csv_000003004,5
data\training_data\5783.png,89.375,1.0,csv,csv_000005783,11
data\training_data\9810.png,89.375,0.0,csv,csv_000009810,19
data\training_data\11421.png,102.5,1.0,csv,csv_000011421,22
data\training_data\570.png,76.25,1.0,csv,csv_000000570,1
data\training_data\9644.png,85.0,1.0,csv,csv_000009644,19
data\training_data\12999.png,80.625,1.0,csv,csv_000012999,25
data\training_data\12867.png,85.0,0.0,csv,csv_000012867,25
data\training_data\8516.png,89.375,0.0,csv,csv_000008516,16
data\training_data\4114.png,85.0,1.0,csv,csv_000004114,8
data\training_data\4011.png,80.625,1.0,csv,csv_000004011,7
data\training_data\8133.png,85.0,1.0,csv,csv_000008133,16
data\training_data\2609.png,89.375,0.0,csv,csv_000002609,5
data\training_data\12027.png,85.0,0.0,csv,csv_000012027,23
data\training_data\10248.png,85.0,0.0,csv,csv_000010248,20
data\training_data\8237.png,85.0,0.0,csv,csv_000008237,16
data\training_data\14071.png,85.0,1.0,csv,csv_000014071,28
data\training_data\12958.png,85.0,1.0,csv,csv_000012958,25
data\training_data\11644.png,102.5,1.0,csv,csv_000011644,23
data\training_data\10528.png,98.125,1.0,csv,csv_000010528,20
data\training_data\8915.png,80.625,0.0,csv,csv_000008915,17
data\training_data\8283.png,85.0,1.0,csv,csv_000008283,16
data\training_data\2083.png,102.5,1.0,csv,csv_000002083,4
car\data\drive_frames\1773065701366_85_35.png,85.0,35.0,drive_frames,drive_1773065701366,29
data\training_data\11780.png,111.25,0.0,csv,csv_000011780,23
data\training_data\2474.png,102.5,1.0,csv,csv_000002474,4
data\training_data\2601.png,85.0,1.0,csv,csv_000002601,5
car\data\drive_frames\1773147746460_120_35.png,120.0,35.0,drive_frames,drive_1773147746460,31
data\training_data\6691.png,85.0,1.0,csv,csv_000006691,13
data\training_data\10144.png,80.625,1.0,csv,csv_000010144,20
data\training_data\14075.png,67.5,1.0,csv,csv_000014075,28
data\training_data\2534.png,85.0,1.0,csv,csv_000002534,5
data\training_data\8990.png,76.25,1.0,csv,csv_000008990,17
data\training_data\893.png,85.0,1.0,csv,csv_000000893,1
data\training_data\14077.png,85.0,1.0,csv,csv_000014077,28
data\training_data\12992.png,93.75,1.0,csv,csv_000012992,25
data\training_data\12591.png,106.875,1.0,csv,csv_000012591,25
data\training_data\6555.png,89.375,0.0,csv,csv_000006555,13
data\training_data\10306.png,76.25,1.0,csv,csv_000010306,20
data\training_data\10286.png,89.375,1.0,csv,csv_000010286,20
car\data\drive_frames\1773065793751_95_35.png,95.0,35.0,drive_frames,drive_1773065793751,29
data\training_data\7185.png,85.0,1.0,csv,csv_000007185,14
data\training_data\10500.png,63.125,1.0,csv,csv_000010500,20
data\training_data\4009.png,76.25,1.0,csv,csv_000004009,7
data\training_data\1171.png,102.5,1.0,csv,csv_000001171,2
data\training_data\3637.png,80.625,1.0,csv,csv_000003637,7
data\training_data\4513.png,111.25,1.0,csv,csv_000004513,8
data\training_data\2206.png,80.625,1.0,csv,csv_000002206,4
data\training_data\6817.png,106.875,1.0,csv,csv_000006817,13
car\data\drive_frames\1773065705499_75_35.png,75.0,35.0,drive_frames,drive_1773065705499,29
data\training_data\5877.png,85.0,1.0,csv,csv_000005877,11
data\training_data\6880.png,89.375,1.0,csv,csv_000006880,13
data\training_data\5408.png,71.875,1.0,csv,csv_000005408,10
data\training_data\5784.png,67.5,1.0,csv,csv_000005784,11
car\data\drive_frames\1772209945987_90_35.png,90.0,35.0,drive_frames,drive_1772209945987,28
data\training_data\7374.png,89.375,0.0,csv,csv_000007374,14
data\training_data\11229.png,58.75,1.0,csv,csv_000011229,22
data\training_data\4410.png,85.0,1.0,csv,csv_000004410,8
data\training_data\5577.png,102.5,1.0,csv,csv_000005577,11
data\training_data\10131.png,63.125,1.0,csv,csv_000010131,20
data\training_data\9538.png,102.5,1.0,csv,csv_000009538,19
data\training_data\5756.png,85.0,0.0,csv,csv_000005756,11
data\training_data\5454.png,89.375,1.0,csv,csv_000005454,10
data\training_data\11681.png,106.875,1.0,csv,csv_000011681,23
data\training_data\1352.png,85.0,1.0,csv,csv_000001352,2
data\training_data\516.png,111.25,0.0,csv,csv_000000516,1
data\training_data\11989.png,85.0,0.0,csv,csv_000011989,23
data\training_data\11481.png,102.5,1.0,csv,csv_000011481,22
data\training_data\1002.png,58.75,1.0,csv,csv_000001002,1
data\training_data\6596.png,80.625,1.0,csv,csv_000006596,13
data\training_data\11353.png,63.125,1.0,csv,csv_000011353,22
data\training_data\5077.png,85.0,1.0,csv,csv_000005077,10
data\training_data\13314.png,89.375,1.0,csv,csv_000013314,26
data\training_data\9555.png,76.25,1.0,csv,csv_000009555,19
data\training_data\2901.png,63.125,0.0,csv,csv_000002901,5
data\training_data\3802.png,102.5,1.0,csv,csv_000003802,7
data\training_data\11976.png,67.5,1.0,csv,csv_000011976,23
data\training_data\5809.png,89.375,0.0,csv,csv_000005809,11
data\training_data\2654.png,80.625,1.0,csv,csv_000002654,5
data\training_data\8266.png,102.5,1.0,csv,csv_000008266,16
data\training_data\8737.png,85.0,0.0,csv,csv_000008737,17
data\training_data\11952.png,111.25,0.0,csv,csv_000011952,23
data\training_data\11226.png,85.0,1.0,csv,csv_000011226,22
data\training_data\8510.png,102.5,1.0,csv,csv_000008510,16
data\training_data\11736.png,98.125,1.0,csv,csv_000011736,23
data\training_data\14084.png,58.75,1.0,csv,csv_000014084,28
data\training_data\11822.png,93.75,1.0,csv,csv_000011822,23
data\training_data\13421.png,89.375,1.0,csv,csv_000013421,26
data\training_data\10275.png,71.875,1.0,csv,csv_000010275,20
car\data\drive_frames\1773065731346_80_35.png,80.0,35.0,drive_frames,drive_1773065731346,29
car\data\drive_frames\1773148025793_120_35.png,120.0,35.0,drive_frames,drive_1773148025793,31
data\training_data\10292.png,98.125,1.0,csv,csv_000010292,20
data\training_data\13397.png,106.875,1.0,csv,csv_000013397,26
data\training_data\14333.png,85.0,0.0,csv,csv_000014333,28
car\data\drive_frames\1773065799954_55_35.png,55.0,35.0,drive_frames,drive_1773065799954,29
data\training_data\10468.png,63.125,1.0,csv,csv_000010468,20
data\training_data\1470.png,98.125,0.0,csv,csv_000001470,2
data\training_data\10273.png,54.375,1.0,csv,csv_000010273,20
data\training_data\14293.png,76.25,1.0,csv,csv_000014293,28
data\training_data\5459.png,102.5,0.0,csv,csv_000005459,10
data\training_data\12566.png,102.5,1.0,csv,csv_000012566,25
data\training_data\5760.png,85.0,0.0,csv,csv_000005760,11
data\training_data\5586.png,93.75,1.0,csv,csv_000005586,11
data\training_data\6545.png,106.875,1.0,csv,csv_000006545,13
data\training_data\8495.png,50.0,0.0,csv,csv_000008495,16
data\training_data\8532.png,102.5,1.0,csv,csv_000008532,17
data\training_data\10249.png,76.25,1.0,csv,csv_000010249,20
data\training_data\14232.png,85.0,0.0,csv,csv_000014232,28
data\training_data\13384.png,111.25,0.0,csv,csv_000013384,26
data\training_data\8796.png,80.625,1.0,csv,csv_000008796,17
data\training_data\6965.png,50.0,1.0,csv,csv_000006965,13
data\training_data\2991.png,85.0,0.0,csv,csv_000002991,5
data\training_data\13148.png,85.0,1.0,csv,csv_000013148,26
data\training_data\8637.png,89.375,1.0,csv,csv_000008637,17
data\training_data\13067.png,58.75,1.0,csv,csv_000013067,26
data\training_data\13334.png,71.875,1.0,csv,csv_000013334,26
data\training_data\8614.png,93.75,1.0,csv,csv_000008614,17
data\training_data\9626.png,85.0,0.0,csv,csv_000009626,19
data\training_data\12846.png,89.375,1.0,csv,csv_000012846,25
data\training_data\8760.png,85.0,0.0,csv,csv_000008760,17
car\data\drive_frames\1773147847054_85_35.png,85.0,35.0,drive_frames,drive_1773147847054,31
data\training_data\5341.png,58.75,1.0,csv,csv_000005341,10
data\training_data\12663.png,80.625,1.0,csv,csv_000012663,25
data\training_data\5849.png,85.0,1.0,csv,csv_000005849,11
car\data\drive_frames\1773148010515_110_35.png,110.0,35.0,drive_frames,drive_1773148010515,31
data\training_data\2972.png,80.625,1.0,csv,csv_000002972,5
data\training_data\7353.png,89.375,1.0,csv,csv_000007353,14
car\data\drive_frames\1772209987479_95_35.png,95.0,35.0,drive_frames,drive_1772209987479,28
data\training_data\2635.png,120.0,0.0,csv,csv_000002635,5
data\training_data\8038.png,85.0,0.0,csv,csv_000008038,16
data\training_data\8114.png,80.625,1.0,csv,csv_000008114,16
data\training_data\8162.png,85.0,1.0,csv,csv_000008162,16
data\training_data\1279.png,89.375,1.0,csv,csv_000001279,2
data\training_data\10320.png,85.0,1.0,csv,csv_000010320,20
data\training_data\9952.png,111.25,1.0,csv,csv_000009952,19
car\data\drive_frames\1773066182499_95_35.png,95.0,35.0,drive_frames,drive_1773066182499,29
data\training_data\8731.png,93.75,1.0,csv,csv_000008731,17
data\training_data\11227.png,54.375,1.0,csv,csv_000011227,22
car\data\drive_frames\1773065702400_70_35.png,70.0,35.0,drive_frames,drive_1773065702400,29
data\training_data\5782.png,58.75,1.0,csv,csv_000005782,11
data\training_data\6695.png,102.5,1.0,csv,csv_000006695,13
data\training_data\8606.png,85.0,1.0,csv,csv_000008606,17
data\training_data\10189.png,98.125,0.0,csv,csv_000010189,20
data\training_data\11788.png,67.5,1.0,csv,csv_000011788,23
data\training_data\11632.png,58.75,1.0,csv,csv_000011632,23
data\training_data\5070.png,111.25,1.0,csv,csv_000005070,10
data\training_data\14045.png,85.0,0.0,csv,csv_000014045,28
data\training_data\12657.png,85.0,1.0,csv,csv_000012657,25
data\training_data\1033.png,102.5,1.0,csv,csv_000001033,2
data\training_data\11085.png,89.375,1.0,csv,csv_000011085,22
data\training_data\3959.png,85.0,1.0,csv,csv_000003959,7
data\training_data\533.png,63.125,0.0,csv,csv_000000533,1
data\training_data\2575.png,93.75,1.0,csv,csv_000002575,5
data\training_data\8348.png,54.375,1.0,csv,csv_000008348,16
data\training_data\9686.png,106.875,1.0,csv,csv_000009686,19
data\training_data\2434.png,85.0,0.0,csv,csv_000002434,4
data\training_data\8659.png,102.5,1.0,csv,csv_000008659,17
data\training_data\10178.png,111.25,0.0,csv,csv_000010178,20
data\training_data\9927.png,71.875,1.0,csv,csv_000009927,19
data\training_data\4472.png,85.0,1.0,csv,csv_000004472,8
data\training_data\9776.png,89.375,1.0,csv,csv_000009776,19
data\training_data\1495.png,89.375,1.0,csv,csv_000001495,2
data\training_data\12539.png,89.375,1.0,csv,csv_000012539,25
data\training_data\858.png,89.375,1.0,csv,csv_000000858,1
data\training_data\6899.png,50.0,1.0,csv,csv_000006899,13
data\training_data\2598.png,58.75,1.0,csv,csv_000002598,5
data\training_data\8736.png,89.375,0.0,csv,csv_000008736,17
data\training_data\10165.png,102.5,1.0,csv,csv_000010165,20
data\training_data\7072.png,93.75,1.0,csv,csv_000007072,14
data\training_data\867.png,102.5,1.0,csv,csv_000000867,1
data\training_data\1433.png,89.375,1.0,csv,csv_000001433,2
data\training_data\12850.png,85.0,1.0,csv,csv_000012850,25
data\training_data\10127.png,85.0,0.0,csv,csv_000010127,20
data\training_data\3943.png,93.75,1.0,csv,csv_000003943,7
data\training_data\2261.png,85.0,0.0,csv,csv_000002261,4
data\training_data\4416.png,106.875,1.0,csv,csv_000004416,8
data\training_data\5411.png,85.0,1.0,csv,csv_000005411,10
data\training_data\7504.png,85.0,1.0,csv,csv_000007504,14
data\training_data\11794.png,85.0,0.0,csv,csv_000011794,23
car\data\drive_frames\1772205725487_85_35.png,85.0,35.0,drive_frames,drive_1772205725487,28
data\training_data\11731.png,93.75,1.0,csv,csv_000011731,23
data\training_data\11235.png,85.0,1.0,csv,csv_000011235,22
data\training_data\13120.png,106.875,1.0,csv,csv_000013120,26
data\training_data\5473.png,85.0,1.0,csv,csv_000005473,10
data\training_data\8548.png,58.75,1.0,csv,csv_000008548,17
data\training_data\7348.png,85.0,0.0,csv,csv_000007348,14
data\training_data\5701.png,98.125,1.0,csv,csv_000005701,11
data\training_data\7124.png,106.875,1.0,csv,csv_000007124,14
data\training_data\14184.png,102.5,1.0,csv,csv_000014184,28
car\data\drive_frames\1772210067098_95_35.png,95.0,35.0,drive_frames,drive_1772210067098,29
data\training_data\9989.png,93.75,1.0,csv,csv_000009989,19
data\training_data\9763.png,98.125,1.0,csv,csv_000009763,19
data\training_data\11647.png,85.0,1.0,csv,csv_000011647,23
data\training_data\13342.png,115.625,1.0,csv,csv_000013342,26
data\training_data\9565.png,98.125,1.0,csv,csv_000009565,19
car\data\drive_frames\1773066051125_75_35.png,75.0,35.0,drive_frames,drive_1773066051125,29
data\training_data\6799.png,102.5,1.0,csv,csv_000006799,13
data\training_data\2978.png,54.375,1.0,csv,csv_000002978,5
data\training_data\12551.png,85.0,1.0,csv,csv_000012551,25
data\training_data\3661.png,85.0,1.0,csv,csv_000003661,7
data\training_data\6951.png,85.0,1.0,csv,csv_000006951,13
data\training_data\14231.png,102.5,1.0,csv,csv_000014231,28
data\training_data\2979.png,89.375,1.0,csv,csv_000002979,5
data\training_data\6650.png,111.25,0.0,csv,csv_000006650,13
data\training_data\5971.png,106.875,1.0,csv,csv_000005971,11
data\training_data\12004.png,67.5,0.0,csv,csv_000012004,23
data\training_data\14277.png,85.0,1.0,csv,csv_000014277,28
car\data\drive_frames\1773066109077_50_35.png,50.0,35.0,drive_frames,drive_1773066109077,29
data\training_data\7143.png,80.625,1.0,csv,csv_000007143,14
car\data\drive_frames\1773066154571_50_35.png,50.0,35.0,drive_frames,drive_1773066154571,29
data\training_data\7514.png,85.0,0.0,csv,csv_000007514,14
data\training_data\11343.png,85.0,0.0,csv,csv_000011343,22
data\training_data\7432.png,80.625,1.0,csv,csv_000007432,14
data\training_data\10498.png,106.875,1.0,csv,csv_000010498,20
data\training_data\8150.png,71.875,1.0,csv,csv_000008150,16
data\training_data\11516.png,102.5,1.0,csv,csv_000011516,22
data\training_data\3904.png,89.375,1.0,csv,csv_000003904,7
data\training_data\7471.png,106.875,1.0,csv,csv_000007471,14
data\training_data\8739.png,89.375,1.0,csv,csv_000008739,17
data\training_data\11245.png,54.375,1.0,csv,csv_000011245,22
data\training_data\12026.png,89.375,1.0,csv,csv_000012026,23
data\training_data\12882.png,80.625,1.0,csv,csv_000012882,25
data\training_data\8701.png,85.0,1.0,csv,csv_000008701,17
data\training_data\6868.png,63.125,1.0,csv,csv_000006868,13
data\training_data\8092.png,106.875,1.0,csv,csv_000008092,16
data\training_data\11584.png,98.125,1.0,csv,csv_000011584,23
data\training_data\4339.png,102.5,1.0,csv,csv_000004339,8
data\training_data\2351.png,102.5,0.0,csv,csv_000002351,4
data\training_data\2051.png,85.0,1.0,csv,csv_000002051,4
data\training_data\8837.png,93.75,1.0,csv,csv_000008837,17
data\training_data\5568.png,50.0,1.0,csv,csv_000005568,11
data\training_data\13333.png,93.75,1.0,csv,csv_000013333,26
data\training_data\6617.png,85.0,1.0,csv,csv_000006617,13
car\data\drive_frames\1772210074340_95_35.png,95.0,35.0,drive_frames,drive_1772210074340,29
data\training_data\13258.png,76.25,1.0,csv,csv_000013258,26
data\training_data\11922.png,98.125,1.0,csv,csv_000011922,23
data\training_data\1344.png,58.75,1.0,csv,csv_000001344,2
data\training_data\8952.png,63.125,1.0,csv,csv_000008952,17
data\training_data\2717.png,102.5,0.0,csv,csv_000002717,5
data\training_data\559.png,102.5,1.0,csv,csv_000000559,1
car\data\drive_frames\1773065989069_90_35.png,90.0,35.0,drive_frames,drive_1773065989069,29
data\training_data\7119.png,93.75,1.0,csv,csv_000007119,14
data\training_data\6523.png,76.25,0.0,csv,csv_000006523,13
data\training_data\8165.png,63.125,1.0,csv,csv_000008165,16
data\training_data\2652.png,85.0,1.0,csv,csv_000002652,5
data\training_data\14345.png,102.5,1.0,csv,csv_000014345,28
data\training_data\13281.png,85.0,1.0,csv,csv_000013281,26
data\training_data\14237.png,102.5,0.0,csv,csv_000014237,28
data\training_data\3847.png,89.375,1.0,csv,csv_000003847,7
data\training_data\5273.png,58.75,1.0,csv,csv_000005273,10
data\training_data\14156.png,58.75,1.0,csv,csv_000014156,28
data\training_data\3601.png,93.75,0.0,csv,csv_000003601,7
data\training_data\5665.png,80.625,1.0,csv,csv_000005665,11
data\training_data\11965.png,85.0,1.0,csv,csv_000011965,23
data\training_data\9817.png,85.0,1.0,csv,csv_000009817,19
data\training_data\12754.png,85.0,1.0,csv,csv_000012754,25
data\training_data\677.png,71.875,1.0,csv,csv_000000677,1
data\training_data\12861.png,89.375,1.0,csv,csv_000012861,25
car\data\drive_frames\1772205747195_75_35.png,75.0,35.0,drive_frames,drive_1772205747195,28
data\training_data\10246.png,85.0,1.0,csv,csv_000010246,20
data\training_data\2441.png,93.75,0.0,csv,csv_000002441,4
data\training_data\1179.png,85.0,1.0,csv,csv_000001179,2
data\training_data\1165.png,98.125,1.0,csv,csv_000001165,2
data\training_data\4061.png,80.625,1.0,csv,csv_000004061,8
data\training_data\1456.png,58.75,1.0,csv,csv_000001456,2
data\training_data\728.png,85.0,0.0,csv,csv_000000728,1
data\training_data\1139.png,58.75,0.0,csv,csv_000001139,2
data\training_data\14074.png,106.875,0.0,csv,csv_000014074,28
data\training_data\4080.png,85.0,1.0,csv,csv_000004080,8
data\training_data\12719.png,106.875,0.0,csv,csv_000012719,25
data\training_data\6912.png,106.875,1.0,csv,csv_000006912,13
data\training_data\6878.png,93.75,0.0,csv,csv_000006878,13
car\data\drive_frames\1772205735825_90_35.png,90.0,35.0,drive_frames,drive_1772205735825,28
data\training_data\5855.png,106.875,1.0,csv,csv_000005855,11
data\training_data\11088.png,85.0,1.0,csv,csv_000011088,22
data\training_data\7008.png,80.625,0.0,csv,csv_000007008,13
data\training_data\13377.png,58.75,1.0,csv,csv_000013377,26
data\training_data\11702.png,80.625,1.0,csv,csv_000011702,23
data\training_data\5331.png,85.0,0.0,csv,csv_000005331,10
data\training_data\3856.png,102.5,1.0,csv,csv_000003856,7
data\training_data\10382.png,63.125,1.0,csv,csv_000010382,20
data\training_data\8428.png,85.0,0.0,csv,csv_000008428,16
data\training_data\11484.png,54.375,1.0,csv,csv_000011484,22
data\training_data\12769.png,85.0,0.0,csv,csv_000012769,25
data\training_data\13530.png,111.25,0.0,csv,csv_000013530,26
data\training_data\2257.png,63.125,1.0,csv,csv_000002257,4
data\training_data\11777.png,85.0,0.0,csv,csv_000011777,23
data\training_data\13215.png,85.0,1.0,csv,csv_000013215,26
data\training_data\4258.png,98.125,1.0,csv,csv_000004258,8
data\training_data\5047.png,54.375,0.0,csv,csv_000005047,10
data\training_data\1110.png,93.75,1.0,csv,csv_000001110,2
data\training_data\540.png,89.375,1.0,csv,csv_000000540,1
data\training_data\11312.png,80.625,1.0,csv,csv_000011312,22
data\training_data\602.png,98.125,1.0,csv,csv_000000602,1
data\training_data\11201.png,89.375,1.0,csv,csv_000011201,22
data\training_data\2435.png,102.5,0.0,csv,csv_000002435,4
data\training_data\2665.png,102.5,1.0,csv,csv_000002665,5
data\training_data\13423.png,63.125,1.0,csv,csv_000013423,26
data\training_data\9813.png,106.875,1.0,csv,csv_000009813,19
data\training_data\10520.png,102.5,0.0,csv,csv_000010520,20
data\training_data\12005.png,106.875,1.0,csv,csv_000012005,23
car\data\drive_frames\1773065757560_85_35.png,85.0,35.0,drive_frames,drive_1773065757560,29
data\training_data\14062.png,85.0,1.0,csv,csv_000014062,28
data\training_data\781.png,111.25,1.0,csv,csv_000000781,1
data\training_data\7476.png,85.0,0.0,csv,csv_000007476,14
data\training_data\1263.png,102.5,1.0,csv,csv_000001263,2
data\training_data\10339.png,71.875,1.0,csv,csv_000010339,20
data\training_data\11392.png,98.125,1.0,csv,csv_000011392,22
data\training_data\8555.png,63.125,1.0,csv,csv_000008555,17
data\training_data\7221.png,93.75,1.0,csv,csv_000007221,14
data\training_data\13261.png,85.0,1.0,csv,csv_000013261,26
data\training_data\11243.png,120.0,0.0,csv,csv_000011243,22
car\data\drive_frames\1773147805429_120_35.png,120.0,35.0,drive_frames,drive_1773147805429,31
data\training_data\6725.png,85.0,1.0,csv,csv_000006725,13
data\training_data\5561.png,89.375,1.0,csv,csv_000005561,11
data\training_data\8204.png,85.0,0.0,csv,csv_000008204,16
data\training_data\539.png,102.5,1.0,csv,csv_000000539,1
data\training_data\14114.png,111.25,1.0,csv,csv_000014114,28
data\training_data\7303.png,106.875,1.0,csv,csv_000007303,14
data\training_data\2172.png,85.0,1.0,csv,csv_000002172,4
data\training_data\662.png,85.0,1.0,csv,csv_000000662,1
data\training_data\14367.png,89.375,1.0,csv,csv_000014367,28
data\training_data\11376.png,93.75,1.0,csv,csv_000011376,22
data\training_data\6567.png,63.125,0.0,csv,csv_000006567,13
data\training_data\7280.png,115.625,1.0,csv,csv_000007280,14
data\training_data\5307.png,85.0,1.0,csv,csv_000005307,10
data\training_data\11877.png,106.875,0.0,csv,csv_000011877,23
data\training_data\1200.png,76.25,1.0,csv,csv_000001200,2
data\training_data\2957.png,102.5,1.0,csv,csv_000002957,5
data\training_data\3968.png,93.75,1.0,csv,csv_000003968,7
data\training_data\4048.png,89.375,1.0,csv,csv_000004048,8
data\training_data\8946.png,85.0,1.0,csv,csv_000008946,17
data\training_data\8912.png,58.75,1.0,csv,csv_000008912,17
data\training_data\8902.png,106.875,0.0,csv,csv_000008902,17
data\training_data\4152.png,58.75,1.0,csv,csv_000004152,8
data\training_data\8252.png,106.875,1.0,csv,csv_000008252,16
car\data\drive_frames\1773066157684_95_35.png,95.0,35.0,drive_frames,drive_1773066157684,29
data\training_data\1224.png,85.0,0.0,csv,csv_000001224,2
data\training_data\5029.png,85.0,1.0,csv,csv_000005029,10
data\training_data\2034.png,85.0,0.0,csv,csv_000002034,4
data\training_data\4291.png,106.875,1.0,csv,csv_000004291,8
data\training_data\8613.png,58.75,1.0,csv,csv_000008613,17
data\training_data\7200.png,85.0,1.0,csv,csv_000007200,14
data\training_data\7267.png,93.75,0.0,csv,csv_000007267,14
data\training_data\10386.png,102.5,1.0,csv,csv_000010386,20
data\training_data\9782.png,85.0,0.0,csv,csv_000009782,19
data\training_data\13102.png,111.25,0.0,csv,csv_000013102,26
data\training_data\11866.png,85.0,0.0,csv,csv_000011866,23
data\training_data\11674.png,102.5,1.0,csv,csv_000011674,23
data\training_data\3668.png,102.5,1.0,csv,csv_000003668,7
data\training_data\8969.png,106.875,1.0,csv,csv_000008969,17
data\training_data\7446.png,89.375,1.0,csv,csv_000007446,14
data\training_data\8570.png,102.5,1.0,csv,csv_000008570,17
car\data\drive_frames\1773148024757_130_35.png,120.0,35.0,drive_frames,drive_1773148024757,31
data\training_data\1418.png,102.5,0.0,csv,csv_000001418,2
data\training_data\749.png,71.875,0.0,csv,csv_000000749,1
data\training_data\1437.png,80.625,1.0,csv,csv_000001437,2
data\training_data\13025.png,89.375,1.0,csv,csv_000013025,25
data\training_data\11115.png,111.25,1.0,csv,csv_000011115,22
data\training_data\3765.png,63.125,1.0,csv,csv_000003765,7
data\training_data\1384.png,85.0,1.0,csv,csv_000001384,2
data\training_data\9015.png,106.875,1.0,csv,csv_000009015,17
data\training_data\5558.png,85.0,0.0,csv,csv_000005558,11
data\training_data\2459.png,76.25,1.0,csv,csv_000002459,4
data\training_data\8815.png,111.25,0.0,csv,csv_000008815,17
data\training_data\13434.png,85.0,1.0,csv,csv_000013434,26
data\training_data\3640.png,85.0,0.0,csv,csv_000003640,7
data\training_data\664.png,106.875,0.0,csv,csv_000000664,1
data\training_data\8843.png,76.25,1.0,csv,csv_000008843,17
data\training_data\2781.png,106.875,1.0,csv,csv_000002781,5
data\training_data\5984.png,85.0,0.0,csv,csv_000005984,11
data\training_data\8308.png,67.5,1.0,csv,csv_000008308,16
data\training_data\11968.png,58.75,0.0,csv,csv_000011968,23
car\data\drive_frames\1773147756801_125_35.png,120.0,35.0,drive_frames,drive_1773147756801,31
car\data\drive_frames\1773148070287_90_35.png,90.0,35.0,drive_frames,drive_1773148070287,31
data\training_data\5121.png,85.0,0.0,csv,csv_000005121,10
data\training_data\4231.png,85.0,0.0,csv,csv_000004231,8
data\training_data\5213.png,85.0,1.0,csv,csv_000005213,10
data\training_data\7459.png,93.75,1.0,csv,csv_000007459,14
data\training_data\11114.png,89.375,1.0,csv,csv_000011114,22
data\training_data\8349.png,106.875,1.0,csv,csv_000008349,16
data\training_data\2623.png,98.125,1.0,csv,csv_000002623,5
data\training_data\7325.png,89.375,1.0,csv,csv_000007325,14
data\training_data\4284.png,85.0,1.0,csv,csv_000004284,8
data\training_data\12665.png,54.375,0.0,csv,csv_000012665,25
data\training_data\11432.png,120.0,1.0,csv,csv_000011432,22
data\training_data\5204.png,102.5,1.0,csv,csv_000005204,10
car\data\drive_frames\1773145026726_90_0.png,90.0,0.0,drive_frames,drive_1773145026726,29
data\training_data\10451.png,102.5,1.0,csv,csv_000010451,20
data\training_data\13203.png,67.5,1.0,csv,csv_000013203,26
data\training_data\7197.png,102.5,1.0,csv,csv_000007197,14
data\training_data\5790.png,89.375,0.0,csv,csv_000005790,11
data\training_data\10134.png,98.125,1.0,csv,csv_000010134,20
car\data\drive_frames\1773148001209_115_35.png,115.0,35.0,drive_frames,drive_1773148001209,31
car\data\drive_frames\1773066087365_80_35.png,80.0,35.0,drive_frames,drive_1773066087365,29
data\training_data\10017.png,85.0,1.0,csv,csv_000010017,19
data\training_data\932.png,89.375,1.0,csv,csv_000000932,1
data\training_data\2345.png,85.0,0.0,csv,csv_000002345,4
data\training_data\11648.png,89.375,1.0,csv,csv_000011648,23
data\training_data\2039.png,85.0,1.0,csv,csv_000002039,4
data\training_data\6719.png,106.875,1.0,csv,csv_000006719,13
data\training_data\11464.png,106.875,1.0,csv,csv_000011464,22
data\training_data\843.png,85.0,1.0,csv,csv_000000843,1
data\training_data\10050.png,80.625,1.0,csv,csv_000010050,20
data\training_data\11395.png,102.5,1.0,csv,csv_000011395,22
data\training_data\1444.png,89.375,0.0,csv,csv_000001444,2
data\training_data\7464.png,85.0,1.0,csv,csv_000007464,14
data\training_data\10230.png,102.5,1.0,csv,csv_000010230,20
data\training_data\2932.png,71.875,1.0,csv,csv_000002932,5
data\training_data\936.png,106.875,1.0,csv,csv_000000936,1
data\training_data\5247.png,67.5,0.0,csv,csv_000005247,10
data\training_data\5346.png,115.625,1.0,csv,csv_000005346,10
data\training_data\6919.png,98.125,0.0,csv,csv_000006919,13
data\training_data\12868.png,80.625,1.0,csv,csv_000012868,25
data\training_data\9942.png,111.25,0.0,csv,csv_000009942,19
car\data\drive_frames\1773147893580_90_35.png,90.0,35.0,drive_frames,drive_1773147893580,31
data\training_data\659.png,111.25,1.0,csv,csv_000000659,1
data\training_data\8435.png,93.75,1.0,csv,csv_000008435,16
data\training_data\4202.png,58.75,1.0,csv,csv_000004202,8
data\training_data\2971.png,63.125,0.0,csv,csv_000002971,5
data\training_data\7122.png,106.875,0.0,csv,csv_000007122,14
data\training_data\6863.png,93.75,1.0,csv,csv_000006863,13
data\training_data\8208.png,102.5,1.0,csv,csv_000008208,16
data\training_data\9930.png,85.0,1.0,csv,csv_000009930,19
data\training_data\12608.png,106.875,1.0,csv,csv_000012608,25
data\training_data\2095.png,85.0,0.0,csv,csv_000002095,4
car\data\drive_frames\1773147859460_75_35.png,75.0,35.0,drive_frames,drive_1773147859460,31
data\training_data\7337.png,85.0,1.0,csv,csv_000007337,14
data\training_data\6797.png,54.375,1.0,csv,csv_000006797,13
data\training_data\8968.png,111.25,1.0,csv,csv_000008968,17
data\training_data\5816.png,67.5,1.0,csv,csv_000005816,11
data\training_data\14302.png,63.125,1.0,csv,csv_000014302,28
car\data\drive_frames\1773147817034_125_35.png,120.0,35.0,drive_frames,drive_1773147817034,31
data\training_data\4213.png,50.0,0.0,csv,csv_000004213,8
data\training_data\2137.png,106.875,1.0,csv,csv_000002137,4
data\training_data\14273.png,102.5,1.0,csv,csv_000014273,28
data\training_data\607.png,98.125,1.0,csv,csv_000000607,1
data\training_data\6655.png,85.0,1.0,csv,csv_000006655,13
data\training_data\11169.png,106.875,0.0,csv,csv_000011169,22
data\training_data\3954.png,71.875,1.0,csv,csv_000003954,7
data\training_data\6774.png,80.625,1.0,csv,csv_000006774,13
data\training_data\8652.png,98.125,1.0,csv,csv_000008652,17
data\training_data\5107.png,85.0,0.0,csv,csv_000005107,10
data\training_data\8077.png,93.75,1.0,csv,csv_000008077,16
data\training_data\5191.png,85.0,0.0,csv,csv_000005191,10
data\training_data\8529.png,106.875,1.0,csv,csv_000008529,17
data\training_data\9702.png,111.25,1.0,csv,csv_000009702,19
car\data\drive_frames\1773147797156_80_35.png,80.0,35.0,drive_frames,drive_1773147797156,31
data\training_data\5468.png,85.0,1.0,csv,csv_000005468,10
data\training_data\8338.png,106.875,1.0,csv,csv_000008338,16
data\training_data\2451.png,111.25,0.0,csv,csv_000002451,4
data\training_data\12948.png,102.5,1.0,csv,csv_000012948,25
data\training_data\8792.png,106.875,1.0,csv,csv_000008792,17
data\training_data\11768.png,106.875,1.0,csv,csv_000011768,23
data\training_data\6895.png,58.75,1.0,csv,csv_000006895,13
data\training_data\2594.png,115.625,1.0,csv,csv_000002594,5
car\data\drive_frames\1773147788884_100_35.png,100.0,35.0,drive_frames,drive_1773147788884,31
data\training_data\1000.png,54.375,1.0,csv,csv_000001000,1
data\training_data\12542.png,71.875,1.0,csv,csv_000012542,25
data\training_data\5818.png,89.375,1.0,csv,csv_000005818,11
data\training_data\1319.png,85.0,0.0,csv,csv_000001319,2
data\training_data\11292.png,80.625,1.0,csv,csv_000011292,22
data\training_data\12970.png,85.0,0.0,csv,csv_000012970,25
data\training_data\3991.png,85.0,0.0,csv,csv_000003991,7
data\training_data\5804.png,80.625,1.0,csv,csv_000005804,11
car\data\drive_frames\1773147774378_95_35.png,95.0,35.0,drive_frames,drive_1773147774378,31
car\data\drive_frames\1773145027758_90_0.png,90.0,0.0,drive_frames,drive_1773145027758,29
data\training_data\13376.png,85.0,1.0,csv,csv_000013376,26
data\training_data\2337.png,102.5,1.0,csv,csv_000002337,4
data\training_data\3804.png,67.5,1.0,csv,csv_000003804,7
data\training_data\3869.png,102.5,1.0,csv,csv_000003869,7
data\training_data\11591.png,93.75,1.0,csv,csv_000011591,23
data\training_data\14327.png,102.5,1.0,csv,csv_000014327,28
data\training_data\9926.png,106.875,1.0,csv,csv_000009926,19
data\training_data\10040.png,58.75,1.0,csv,csv_000010040,20
car\data\drive_frames\1773147863601_120_35.png,120.0,35.0,drive_frames,drive_1773147863601,31
data\training_data\1057.png,85.0,1.0,csv,csv_000001057,2
data\training_data\7370.png,98.125,1.0,csv,csv_000007370,14
data\training_data\5506.png,89.375,1.0,csv,csv_000005506,10
car\data\drive_frames\1773065783412_55_35.png,55.0,35.0,drive_frames,drive_1773065783412,29
data\training_data\6789.png,106.875,1.0,csv,csv_000006789,13
data\training_data\7272.png,106.875,1.0,csv,csv_000007272,14
car\data\drive_frames\1773065734446_60_35.png,60.0,35.0,drive_frames,drive_1773065734446,29
data\training_data\12959.png,54.375,1.0,csv,csv_000012959,25
data\training_data\8761.png,98.125,1.0,csv,csv_000008761,17
data\training_data\10272.png,106.875,1.0,csv,csv_000010272,20
data\training_data\4016.png,85.0,1.0,csv,csv_000004016,7
car\data\drive_frames\1773147981567_85_35.png,85.0,35.0,drive_frames,drive_1773147981567,31
data\training_data\12906.png,85.0,1.0,csv,csv_000012906,25
data\training_data\14128.png,89.375,1.0,csv,csv_000014128,28
data\training_data\2740.png,102.5,1.0,csv,csv_000002740,5
data\training_data\14379.png,111.25,1.0,csv,csv_000014379,28
data\training_data\2938.png,93.75,1.0,csv,csv_000002938,5
data\training_data\2946.png,106.875,1.0,csv,csv_000002946,5
data\training_data\1154.png,120.0,1.0,csv,csv_000001154,2
data\training_data\2766.png,71.875,0.0,csv,csv_000002766,5
data\training_data\5691.png,54.375,1.0,csv,csv_000005691,11
data\training_data\6003.png,58.75,1.0,csv,csv_000006003,11
data\training_data\11720.png,85.0,1.0,csv,csv_000011720,23
data\training_data\13236.png,85.0,1.0,csv,csv_000013236,26
data\training_data\4261.png,85.0,1.0,csv,csv_000004261,8
data\training_data\5401.png,93.75,1.0,csv,csv_000005401,10
data\training_data\10166.png,89.375,0.0,csv,csv_000010166,20
data\training_data\4418.png,80.625,1.0,csv,csv_000004418,8
data\training_data\2496.png,106.875,1.0,csv,csv_000002496,4
data\training_data\13072.png,85.0,1.0,csv,csv_000013072,26
data\training_data\2413.png,89.375,1.0,csv,csv_000002413,4
data\training_data\6888.png,98.125,0.0,csv,csv_000006888,13
data\training_data\2129.png,89.375,0.0,csv,csv_000002129,4
data\training_data\3824.png,93.75,1.0,csv,csv_000003824,7
data\training_data\9991.png,85.0,0.0,csv,csv_000009991,19
car\data\drive_frames\1773066161817_95_35.png,95.0,35.0,drive_frames,drive_1773066161817,29
data\training_data\10466.png,80.625,1.0,csv,csv_000010466,20
data\training_data\6012.png,106.875,1.0,csv,csv_000006012,11
data\training_data\8641.png,89.375,1.0,csv,csv_000008641,17
data\training_data\7091.png,93.75,1.0,csv,csv_000007091,14
data\training_data\11782.png,98.125,1.0,csv,csv_000011782,23
car\data\drive_frames\1773066104941_50_35.png,50.0,35.0,drive_frames,drive_1773066104941,29
data\training_data\11327.png,102.5,0.0,csv,csv_000011327,22
data\training_data\14164.png,85.0,1.0,csv,csv_000014164,28
data\training_data\11239.png,85.0,1.0,csv,csv_000011239,22
data\training_data\10511.png,98.125,1.0,csv,csv_000010511,20
data\training_data\13008.png,58.75,1.0,csv,csv_000013008,25
car\data\drive_frames\1773148058877_85_35.png,85.0,35.0,drive_frames,drive_1773148058877,31
data\training_data\12689.png,85.0,1.0,csv,csv_000012689,25
car\data\drive_frames\1773065813396_95_35.png,95.0,35.0,drive_frames,drive_1773065813396,29
data\training_data\10029.png,89.375,1.0,csv,csv_000010029,20
data\training_data\6915.png,85.0,0.0,csv,csv_000006915,13
data\training_data\11427.png,102.5,1.0,csv,csv_000011427,22
data\training_data\11728.png,106.875,1.0,csv,csv_000011728,23
data\training_data\833.png,80.625,1.0,csv,csv_000000833,1
data\training_data\11287.png,89.375,1.0,csv,csv_000011287,22
data\training_data\9831.png,76.25,1.0,csv,csv_000009831,19
data\training_data\11491.png,89.375,1.0,csv,csv_000011491,22
data\training_data\12640.png,54.375,1.0,csv,csv_000012640,25
data\training_data\714.png,102.5,1.0,csv,csv_000000714,1
data\training_data\3848.png,50.0,1.0,csv,csv_000003848,7
data\training_data\2318.png,80.625,1.0,csv,csv_000002318,4
data\training_data\11534.png,58.75,1.0,csv,csv_000011534,23
data\training_data\14329.png,85.0,1.0,csv,csv_000014329,28
car\data\drive_frames\1773066078050_95_35.png,95.0,35.0,drive_frames,drive_1773066078050,29
data\training_data\11669.png,89.375,1.0,csv,csv_000011669,23
car\data\drive_frames\1773066053193_70_35.png,70.0,35.0,drive_frames,drive_1773066053193,29
data\training_data\3539.png,54.375,1.0,csv,csv_000003539,7
data\training_data\5199.png,89.375,0.0,csv,csv_000005199,10
data\training_data\8657.png,58.75,1.0,csv,csv_000008657,17
data\training_data\11574.png,106.875,0.0,csv,csv_000011574,23
data\training_data\7028.png,58.75,0.0,csv,csv_000007028,14
data\training_data\4253.png,106.875,1.0,csv,csv_000004253,8
data\training_data\1491.png,89.375,0.0,csv,csv_000001491,2
data\training_data\849.png,93.75,1.0,csv,csv_000000849,1
data\training_data\2074.png,76.25,1.0,csv,csv_000002074,4
data\training_data\8545.png,85.0,0.0,csv,csv_000008545,17
data\training_data\6978.png,80.625,1.0,csv,csv_000006978,13
data\training_data\8746.png,106.875,1.0,csv,csv_000008746,17
data\training_data\2221.png,102.5,1.0,csv,csv_000002221,4
data\training_data\1299.png,85.0,0.0,csv,csv_000001299,2
data\training_data\7385.png,120.0,1.0,csv,csv_000007385,14
data\training_data\8390.png,85.0,1.0,csv,csv_000008390,16
data\training_data\4045.png,102.5,1.0,csv,csv_000004045,8
data\training_data\8562.png,89.375,1.0,csv,csv_000008562,17
data\training_data\940.png,102.5,1.0,csv,csv_000000940,1
data\training_data\13403.png,67.5,0.0,csv,csv_000013403,26
data\training_data\2793.png,89.375,0.0,csv,csv_000002793,5
data\training_data\2905.png,89.375,1.0,csv,csv_000002905,5
data\training_data\2934.png,58.75,1.0,csv,csv_000002934,5
data\training_data\2662.png,98.125,1.0,csv,csv_000002662,5
data\training_data\6850.png,102.5,1.0,csv,csv_000006850,13
data\training_data\567.png,67.5,1.0,csv,csv_000000567,1
data\training_data\11753.png,111.25,1.0,csv,csv_000011753,23
data\training_data\13475.png,80.625,1.0,csv,csv_000013475,26
data\training_data\5340.png,89.375,0.0,csv,csv_000005340,10
data\training_data\4485.png,63.125,0.0,csv,csv_000004485,8
data\training_data\12573.png,102.5,1.0,csv,csv_000012573,25
car\data\drive_frames\1773066071844_50_35.png,50.0,35.0,drive_frames,drive_1773066071844,29
data\training_data\6780.png,93.75,1.0,csv,csv_000006780,13
data\training_data\10183.png,85.0,1.0,csv,csv_000010183,20
data\training_data\5976.png,85.0,0.0,csv,csv_000005976,11
data\training_data\8624.png,98.125,1.0,csv,csv_000008624,17
data\training_data\5839.png,85.0,0.0,csv,csv_000005839,11
car\data\drive_frames\1773066088399_75_35.png,75.0,35.0,drive_frames,drive_1773066088399,29
data\training_data\4359.png,93.75,1.0,csv,csv_000004359,8
data\training_data\13144.png,102.5,1.0,csv,csv_000013144,26
data\training_data\8531.png,76.25,0.0,csv,csv_000008531,17
data\training_data\5349.png,85.0,0.0,csv,csv_000005349,10
car\data\drive_frames\1773065999406_95_35.png,95.0,35.0,drive_frames,drive_1773065999406,29
car\data\drive_frames\1773066009755_105_35.png,105.0,35.0,drive_frames,drive_1773066009755,29
data\training_data\13401.png,106.875,1.0,csv,csv_000013401,26
data\training_data\4517.png,85.0,1.0,csv,csv_000004517,8
data\training_data\8977.png,80.625,1.0,csv,csv_000008977,17
data\training_data\14060.png,85.0,0.0,csv,csv_000014060,28
data\training_data\3988.png,80.625,1.0,csv,csv_000003988,7
data\training_data\11595.png,85.0,0.0,csv,csv_000011595,23
data\training_data\4191.png,98.125,0.0,csv,csv_000004191,8
data\training_data\11925.png,80.625,1.0,csv,csv_000011925,23
data\training_data\2757.png,102.5,1.0,csv,csv_000002757,5
data\training_data\11585.png,102.5,0.0,csv,csv_000011585,23
data\training_data\14203.png,85.0,1.0,csv,csv_000014203,28
data\training_data\2476.png,67.5,1.0,csv,csv_000002476,4
data\training_data\11673.png,58.75,0.0,csv,csv_000011673,23
data\training_data\8514.png,106.875,1.0,csv,csv_000008514,16
data\training_data\1223.png,106.875,1.0,csv,csv_000001223,2
data\training_data\5973.png,63.125,1.0,csv,csv_000005973,11
data\training_data\7045.png,89.375,0.0,csv,csv_000007045,14
car\data\drive_frames\1773147936073_120_35.png,120.0,35.0,drive_frames,drive_1773147936073,31
data\training_data\10056.png,80.625,0.0,csv,csv_000010056,20
data\training_data\10194.png,63.125,0.0,csv,csv_000010194,20
data\training_data\2194.png,102.5,0.0,csv,csv_000002194,4
data\training_data\5513.png,71.875,1.0,csv,csv_000005513,10
data\training_data\13473.png,102.5,1.0,csv,csv_000013473,26
data\training_data\13013.png,93.75,1.0,csv,csv_000013013,25
data\training_data\1233.png,67.5,1.0,csv,csv_000001233,2
data\training_data\12885.png,85.0,1.0,csv,csv_000012885,25
data\training_data\14107.png,85.0,1.0,csv,csv_000014107,28
data\training_data\2796.png,111.25,1.0,csv,csv_000002796,5
car\data\drive_frames\1773066127688_55_35.png,55.0,35.0,drive_frames,drive_1773066127688,29
data\training_data\7484.png,98.125,1.0,csv,csv_000007484,14
data\training_data\5179.png,71.875,1.0,csv,csv_000005179,10
data\training_data\10080.png,58.75,1.0,csv,csv_000010080,20
data\training_data\8323.png,89.375,1.0,csv,csv_000008323,16
data\training_data\12736.png,63.125,1.0,csv,csv_000012736,25
data\training_data\13259.png,85.0,1.0,csv,csv_000013259,26
data\training_data\8919.png,85.0,0.0,csv,csv_000008919,17
data\training_data\9823.png,89.375,1.0,csv,csv_000009823,19
car\data\drive_frames\1773147743359_125_35.png,120.0,35.0,drive_frames,drive_1773147743359,31
data\training_data\5613.png,63.125,1.0,csv,csv_000005613,11
data\training_data\11762.png,85.0,1.0,csv,csv_000011762,23
data\training_data\14343.png,63.125,1.0,csv,csv_000014343,28
data\training_data\9935.png,89.375,1.0,csv,csv_000009935,19
data\training_data\8122.png,93.75,1.0,csv,csv_000008122,16
data\training_data\3559.png,67.5,1.0,csv,csv_000003559,7
data\training_data\9999.png,58.75,0.0,csv,csv_000009999,19
data\training_data\14086.png,85.0,1.0,csv,csv_000014086,28
data\training_data\13379.png,106.875,1.0,csv,csv_000013379,26
data\training_data\5583.png,85.0,1.0,csv,csv_000005583,11
data\training_data\2969.png,76.25,1.0,csv,csv_000002969,5
data\training_data\11935.png,85.0,1.0,csv,csv_000011935,23
data\training_data\11170.png,89.375,1.0,csv,csv_000011170,22
data\training_data\2242.png,111.25,0.0,csv,csv_000002242,4
data\training_data\4507.png,89.375,1.0,csv,csv_000004507,8
data\training_data\4512.png,71.875,1.0,csv,csv_000004512,8
data\training_data\7123.png,120.0,1.0,csv,csv_000007123,14
data\training_data\513.png,85.0,0.0,csv,csv_000000513,1
data\training_data\5808.png,98.125,1.0,csv,csv_000005808,11
data\training_data\3960.png,98.125,1.0,csv,csv_000003960,7
data\training_data\14057.png,58.75,0.0,csv,csv_000014057,28
data\training_data\14214.png,89.375,1.0,csv,csv_000014214,28
data\training_data\9990.png,89.375,1.0,csv,csv_000009990,19
data\training_data\8454.png,80.625,1.0,csv,csv_000008454,16
car\data\drive_frames\1773147861528_120_35.png,120.0,35.0,drive_frames,drive_1773147861528,31
data\training_data\8503.png,102.5,0.0,csv,csv_000008503,16
data\training_data\6576.png,89.375,0.0,csv,csv_000006576,13
data\training_data\13099.png,93.75,1.0,csv,csv_000013099,26
data\training_data\10039.png,63.125,1.0,csv,csv_000010039,20
data\training_data\8288.png,111.25,1.0,csv,csv_000008288,16
data\training_data\10352.png,63.125,1.0,csv,csv_000010352,20
data\training_data\8998.png,89.375,0.0,csv,csv_000008998,17
data\training_data\5870.png,89.375,1.0,csv,csv_000005870,11
car\data\drive_frames\1772209972872_120_35.png,120.0,35.0,drive_frames,drive_1772209972872,28
data\training_data\4304.png,50.0,0.0,csv,csv_000004304,8
data\training_data\11537.png,80.625,1.0,csv,csv_000011537,23
data\training_data\14242.png,80.625,1.0,csv,csv_000014242,28
car\data\drive_frames\1773066185600_75_0.png,75.0,0.0,drive_frames,drive_1773066185600,29
data\training_data\8768.png,89.375,1.0,csv,csv_000008768,17
data\training_data\11528.png,93.75,1.0,csv,csv_000011528,22
data\training_data\5848.png,93.75,1.0,csv,csv_000005848,11
data\training_data\2014.png,98.125,1.0,csv,csv_000002014,4
data\training_data\6956.png,85.0,1.0,csv,csv_000006956,13
data\training_data\7264.png,102.5,1.0,csv,csv_000007264,14
data\training_data\8168.png,111.25,1.0,csv,csv_000008168,16
data\training_data\11772.png,63.125,1.0,csv,csv_000011772,23
data\training_data\10099.png,102.5,1.0,csv,csv_000010099,20
data\training_data\8110.png,85.0,0.0,csv,csv_000008110,16
data\training_data\7237.png,98.125,0.0,csv,csv_000007237,14
data\training_data\4298.png,102.5,1.0,csv,csv_000004298,8
data\training_data\8567.png,89.375,1.0,csv,csv_000008567,17
data\training_data\9534.png,89.375,1.0,csv,csv_000009534,19
data\training_data\6944.png,85.0,1.0,csv,csv_000006944,13
data\training_data\11514.png,98.125,1.0,csv,csv_000011514,22
data\training_data\11712.png,102.5,1.0,csv,csv_000011712,23
car\data\drive_frames\1773066046989_70_35.png,70.0,35.0,drive_frames,drive_1773066046989,29
data\training_data\556.png,85.0,1.0,csv,csv_000000556,1
data\training_data\14172.png,85.0,0.0,csv,csv_000014172,28
data\training_data\11172.png,93.75,1.0,csv,csv_000011172,22
data\training_data\834.png,85.0,1.0,csv,csv_000000834,1
data\training_data\2846.png,80.625,1.0,csv,csv_000002846,5
data\training_data\8979.png,80.625,1.0,csv,csv_000008979,17
data\training_data\6775.png,89.375,1.0,csv,csv_000006775,13
data\training_data\2573.png,111.25,0.0,csv,csv_000002573,5
data\training_data\5464.png,115.625,0.0,csv,csv_000005464,10
data\training_data\7379.png,85.0,0.0,csv,csv_000007379,14
data\training_data\2624.png,58.75,1.0,csv,csv_000002624,5
data\training_data\4205.png,85.0,0.0,csv,csv_000004205,8
data\training_data\558.png,106.875,0.0,csv,csv_000000558,1
data\training_data\5765.png,106.875,1.0,csv,csv_000005765,11
data\training_data\6618.png,102.5,0.0,csv,csv_000006618,13
data\training_data\11337.png,63.125,1.0,csv,csv_000011337,22
data\training_data\5384.png,98.125,1.0,csv,csv_000005384,10
data\training_data\11529.png,106.875,1.0,csv,csv_000011529,22
car\data\drive_frames\1773066183532_75_35.png,75.0,35.0,drive_frames,drive_1773066183532,29
car\data\drive_frames\1772205718253_60_35.png,60.0,35.0,drive_frames,drive_1772205718253,28
car\data\drive_frames\1773147975362_120_35.png,120.0,35.0,drive_frames,drive_1773147975362,31
data\training_data\11310.png,85.0,1.0,csv,csv_000011310,22
data\training_data\6681.png,85.0,1.0,csv,csv_000006681,13
data\training_data\11436.png,98.125,1.0,csv,csv_000011436,22
data\training_data\8176.png,89.375,1.0,csv,csv_000008176,16
data\training_data\1346.png,102.5,1.0,csv,csv_000001346,2
data\training_data\7187.png,111.25,0.0,csv,csv_000007187,14
data\training_data\11197.png,80.625,1.0,csv,csv_000011197,22
data\training_data\13343.png,120.0,1.0,csv,csv_000013343,26
data\training_data\11891.png,58.75,1.0,csv,csv_000011891,23
data\training_data\8119.png,85.0,1.0,csv,csv_000008119,16
data\training_data\8743.png,93.75,1.0,csv,csv_000008743,17
data\training_data\13118.png,85.0,1.0,csv,csv_000013118,26
data\training_data\11198.png,63.125,1.0,csv,csv_000011198,22
data\training_data\2329.png,85.0,1.0,csv,csv_000002329,4
data\training_data\7015.png,93.75,1.0,csv,csv_000007015,13
data\training_data\943.png,102.5,1.0,csv,csv_000000943,1
data\training_data\8578.png,98.125,1.0,csv,csv_000008578,17
data\training_data\731.png,85.0,0.0,csv,csv_000000731,1
data\training_data\6897.png,54.375,1.0,csv,csv_000006897,13
car\data\drive_frames\1773147744392_125_35.png,120.0,35.0,drive_frames,drive_1773147744392,31
data\training_data\4138.png,54.375,1.0,csv,csv_000004138,8
data\training_data\10340.png,85.0,1.0,csv,csv_000010340,20
data\training_data\2252.png,102.5,1.0,csv,csv_000002252,4
data\training_data\5530.png,63.125,1.0,csv,csv_000005530,11
data\training_data\8247.png,89.375,1.0,csv,csv_000008247,16
data\training_data\2627.png,85.0,0.0,csv,csv_000002627,5
car\data\drive_frames\1773065852917_85_35.png,85.0,35.0,drive_frames,drive_1773065852917,29
data\training_data\8874.png,76.25,1.0,csv,csv_000008874,17
data\training_data\11654.png,85.0,1.0,csv,csv_000011654,23
data\training_data\11325.png,80.625,1.0,csv,csv_000011325,22
data\training_data\5419.png,89.375,1.0,csv,csv_000005419,10
data\training_data\8688.png,98.125,1.0,csv,csv_000008688,17
data\training_data\7162.png,80.625,1.0,csv,csv_000007162,14
data\training_data\9913.png,98.125,1.0,csv,csv_000009913,19
data\training_data\3918.png,80.625,1.0,csv,csv_000003918,7
data\training_data\2203.png,93.75,1.0,csv,csv_000002203,4
data\training_data\14120.png,98.125,1.0,csv,csv_000014120,28
data\training_data\881.png,85.0,0.0,csv,csv_000000881,1
data\training_data\11323.png,85.0,0.0,csv,csv_000011323,22
data\training_data\8767.png,80.625,1.0,csv,csv_000008767,17
data\training_data\2149.png,80.625,1.0,csv,csv_000002149,4
data\training_data\10124.png,63.125,1.0,csv,csv_000010124,20
data\training_data\4365.png,98.125,1.0,csv,csv_000004365,8
data\training_data\11429.png,85.0,1.0,csv,csv_000011429,22
data\training_data\14211.png,85.0,1.0,csv,csv_000014211,28
car\data\drive_frames\1772210059861_120_35.png,120.0,35.0,drive_frames,drive_1772210059861,29
data\training_data\10431.png,85.0,1.0,csv,csv_000010431,20
data\training_data\6612.png,71.875,0.0,csv,csv_000006612,13
data\training_data\6604.png,85.0,1.0,csv,csv_000006604,13
data\training_data\14408.png,93.75,1.0,csv,csv_000014408,28
data\training_data\13476.png,85.0,1.0,csv,csv_000013476,26
data\training_data\11488.png,102.5,1.0,csv,csv_000011488,22
data\training_data\9884.png,58.75,1.0,csv,csv_000009884,19
data\training_data\13522.png,76.25,1.0,csv,csv_000013522,26
data\training_data\1125.png,85.0,0.0,csv,csv_000001125,2
data\training_data\14304.png,71.875,1.0,csv,csv_000014304,28
data\training_data\10119.png,106.875,1.0,csv,csv_000010119,20
data\training_data\6539.png,80.625,1.0,csv,csv_000006539,13
data\training_data\9988.png,80.625,1.0,csv,csv_000009988,19
data\training_data\8780.png,58.75,1.0,csv,csv_000008780,17
data\training_data\5152.png,85.0,1.0,csv,csv_000005152,10
data\training_data\4112.png,89.375,0.0,csv,csv_000004112,8
data\training_data\7307.png,102.5,0.0,csv,csv_000007307,14
car\data\drive_frames\1772210039148_120_35.png,120.0,35.0,drive_frames,drive_1772210039148,29
data\training_data\2784.png,106.875,1.0,csv,csv_000002784,5
data\training_data\8073.png,98.125,1.0,csv,csv_000008073,16
data\training_data\14297.png,120.0,1.0,csv,csv_000014297,28
data\training_data\4315.png,54.375,1.0,csv,csv_000004315,8
data\training_data\12610.png,54.375,1.0,csv,csv_000012610,25
data\training_data\3965.png,106.875,1.0,csv,csv_000003965,7
data\training_data\6835.png,89.375,1.0,csv,csv_000006835,13
data\training_data\5619.png,102.5,1.0,csv,csv_000005619,11
data\training_data\3826.png,85.0,1.0,csv,csv_000003826,7
data\training_data\3974.png,93.75,1.0,csv,csv_000003974,7
data\training_data\3627.png,102.5,1.0,csv,csv_000003627,7
data\training_data\8944.png,80.625,1.0,csv,csv_000008944,17
data\training_data\6942.png,85.0,1.0,csv,csv_000006942,13
data\training_data\9842.png,85.0,1.0,csv,csv_000009842,19
data\training_data\5681.png,85.0,1.0,csv,csv_000005681,11
data\training_data\13375.png,111.25,1.0,csv,csv_000013375,26
data\training_data\8064.png,102.5,1.0,csv,csv_000008064,16
data\training_data\4038.png,89.375,1.0,csv,csv_000004038,8
data\training_data\1452.png,89.375,0.0,csv,csv_000001452,2
data\training_data\8205.png,67.5,1.0,csv,csv_000008205,16
data\training_data\671.png,85.0,0.0,csv,csv_000000671,1
data\training_data\14317.png,85.0,1.0,csv,csv_000014317,28
data\training_data\9839.png,93.75,1.0,csv,csv_000009839,19
data\training_data\12670.png,115.625,1.0,csv,csv_000012670,25
data\training_data\12749.png,111.25,0.0,csv,csv_000012749,25
data\training_data\2515.png,89.375,1.0,csv,csv_000002515,5
data\training_data\4307.png,106.875,1.0,csv,csv_000004307,8
data\training_data\10062.png,80.625,1.0,csv,csv_000010062,20
data\training_data\12537.png,106.875,1.0,csv,csv_000012537,25
data\training_data\8135.png,102.5,1.0,csv,csv_000008135,16
data\training_data\598.png,89.375,0.0,csv,csv_000000598,1
data\training_data\12801.png,89.375,1.0,csv,csv_000012801,25
car\data\drive_frames\1773147879107_75_35.png,75.0,35.0,drive_frames,drive_1773147879107,31
data\training_data\2772.png,63.125,1.0,csv,csv_000002772,5
data\training_data\11944.png,85.0,1.0,csv,csv_000011944,23
data\training_data\2596.png,85.0,1.0,csv,csv_000002596,5
data\training_data\11862.png,58.75,1.0,csv,csv_000011862,23
data\training_data\11859.png,67.5,1.0,csv,csv_000011859,23
car\data\drive_frames\1773066039740_50_35.png,50.0,35.0,drive_frames,drive_1773066039740,29
data\training_data\14372.png,58.75,1.0,csv,csv_000014372,28
data\training_data\1386.png,93.75,1.0,csv,csv_000001386,2
data\training_data\10024.png,89.375,1.0,csv,csv_000010024,19
data\training_data\2857.png,115.625,0.0,csv,csv_000002857,5
data\training_data\8687.png,89.375,1.0,csv,csv_000008687,17
data\training_data\12583.png,106.875,1.0,csv,csv_000012583,25
data\training_data\12687.png,80.625,1.0,csv,csv_000012687,25
data\training_data\5799.png,89.375,1.0,csv,csv_000005799,11
data\training_data\13307.png,115.625,1.0,csv,csv_000013307,26
data\training_data\3737.png,85.0,1.0,csv,csv_000003737,7
data\training_data\12717.png,80.625,1.0,csv,csv_000012717,25
data\training_data\1490.png,111.25,0.0,csv,csv_000001490,2
data\training_data\2085.png,80.625,1.0,csv,csv_000002085,4
data\training_data\11216.png,85.0,0.0,csv,csv_000011216,22
data\training_data\14174.png,111.25,1.0,csv,csv_000014174,28
data\training_data\6546.png,80.625,1.0,csv,csv_000006546,13
data\training_data\14259.png,63.125,1.0,csv,csv_000014259,28
data\training_data\12793.png,98.125,1.0,csv,csv_000012793,25
data\training_data\11783.png,89.375,1.0,csv,csv_000011783,23
data\training_data\13273.png,85.0,1.0,csv,csv_000013273,26
data\training_data\791.png,85.0,0.0,csv,csv_000000791,1
data\training_data\11607.png,80.625,1.0,csv,csv_000011607,23
data\training_data\11482.png,98.125,1.0,csv,csv_000011482,22
data\training_data\9997.png,89.375,1.0,csv,csv_000009997,19
data\training_data\8872.png,50.0,1.0,csv,csv_000008872,17
data\training_data\1229.png,50.0,1.0,csv,csv_000001229,2
data\training_data\2977.png,102.5,1.0,csv,csv_000002977,5
data\training_data\7290.png,71.875,1.0,csv,csv_000007290,14
car\data\drive_frames\1773148045439_85_35.png,85.0,35.0,drive_frames,drive_1773148045439,31
data\training_data\6960.png,106.875,1.0,csv,csv_000006960,13
data\training_data\9848.png,106.875,1.0,csv,csv_000009848,19
data\training_data\8640.png,85.0,0.0,csv,csv_000008640,17
data\training_data\4353.png,89.375,1.0,csv,csv_000004353,8
data\training_data\4332.png,102.5,1.0,csv,csv_000004332,8
data\training_data\4117.png,102.5,1.0,csv,csv_000004117,8
car\data\drive_frames\1773066102873_100_35.png,100.0,35.0,drive_frames,drive_1773066102873,29
data\training_data\5595.png,89.375,1.0,csv,csv_000005595,11
data\training_data\11747.png,89.375,0.0,csv,csv_000011747,23
data\training_data\2691.png,85.0,0.0,csv,csv_000002691,5
data\training_data\4124.png,58.75,1.0,csv,csv_000004124,8
data\training_data\6861.png,98.125,1.0,csv,csv_000006861,13
data\training_data\11605.png,102.5,0.0,csv,csv_000011605,23
data\training_data\885.png,98.125,1.0,csv,csv_000000885,1
data\training_data\5972.png,93.75,1.0,csv,csv_000005972,11
data\training_data\10455.png,54.375,1.0,csv,csv_000010455,20
data\training_data\5563.png,80.625,1.0,csv,csv_000005563,11
data\training_data\628.png,89.375,1.0,csv,csv_000000628,1
car\data\drive_frames\1773066061463_65_35.png,65.0,35.0,drive_frames,drive_1773066061463,29
data\training_data\13207.png,80.625,1.0,csv,csv_000013207,26
data\training_data\14320.png,85.0,1.0,csv,csv_000014320,28
data\training_data\11971.png,85.0,1.0,csv,csv_000011971,23
data\training_data\10355.png,63.125,1.0,csv,csv_000010355,20
data\training_data\3688.png,63.125,1.0,csv,csv_000003688,7
data\training_data\11581.png,58.75,1.0,csv,csv_000011581,23
data\training_data\8788.png,89.375,1.0,csv,csv_000008788,17
data\training_data\8426.png,80.625,1.0,csv,csv_000008426,16
data\training_data\5168.png,85.0,1.0,csv,csv_000005168,10
data\training_data\1244.png,93.75,1.0,csv,csv_000001244,2
data\training_data\2177.png,63.125,1.0,csv,csv_000002177,4
data\training_data\11308.png,85.0,0.0,csv,csv_000011308,22
car\data\drive_frames\1773066054226_90_35.png,90.0,35.0,drive_frames,drive_1773066054226,29
data\training_data\13077.png,63.125,1.0,csv,csv_000013077,26
data\training_data\11530.png,89.375,0.0,csv,csv_000011530,22
data\training_data\2716.png,85.0,1.0,csv,csv_000002716,5
data\training_data\11426.png,85.0,1.0,csv,csv_000011426,22
data\training_data\10341.png,85.0,1.0,csv,csv_000010341,20
data\training_data\5104.png,85.0,1.0,csv,csv_000005104,10
data\training_data\6653.png,85.0,1.0,csv,csv_000006653,13
data\training_data\14338.png,111.25,1.0,csv,csv_000014338,28
data\training_data\12624.png,102.5,1.0,csv,csv_000012624,25
data\training_data\9798.png,102.5,1.0,csv,csv_000009798,19
data\training_data\3788.png,98.125,1.0,csv,csv_000003788,7
data\training_data\9548.png,98.125,1.0,csv,csv_000009548,19
data\training_data\2204.png,58.75,1.0,csv,csv_000002204,4
data\training_data\2165.png,71.875,1.0,csv,csv_000002165,4
data\training_data\10473.png,102.5,1.0,csv,csv_000010473,20
car\data\drive_frames\1773066170090_60_35.png,60.0,35.0,drive_frames,drive_1773066170090,29
data\training_data\2975.png,106.875,1.0,csv,csv_000002975,5
data\training_data\9646.png,85.0,0.0,csv,csv_000009646,19
data\training_data\4136.png,93.75,1.0,csv,csv_000004136,8
car\data\drive_frames\1773148055777_85_35.png,85.0,35.0,drive_frames,drive_1773148055777,31
data\training_data\8551.png,98.125,1.0,csv,csv_000008551,17
data\training_data\8935.png,85.0,0.0,csv,csv_000008935,17
data\training_data\6952.png,80.625,1.0,csv,csv_000006952,13
data\training_data\5069.png,89.375,1.0,csv,csv_000005069,10
data\training_data\14325.png,85.0,1.0,csv,csv_000014325,28
data\training_data\2613.png,85.0,0.0,csv,csv_000002613,5
data\training_data\1421.png,80.625,1.0,csv,csv_000001421,2
data\training_data\5599.png,120.0,0.0,csv,csv_000005599,11
data\training_data\9728.png,106.875,1.0,csv,csv_000009728,19
data\training_data\2409.png,89.375,1.0,csv,csv_000002409,4
data\training_data\5119.png,93.75,1.0,csv,csv_000005119,10
data\training_data\708.png,89.375,1.0,csv,csv_000000708,1
data\training_data\13174.png,106.875,0.0,csv,csv_000013174,26
data\training_data\1271.png,102.5,1.0,csv,csv_000001271,2
data\training_data\1136.png,80.625,1.0,csv,csv_000001136,2
data\training_data\13287.png,85.0,0.0,csv,csv_000013287,26
data\training_data\1397.png,93.75,1.0,csv,csv_000001397,2
data\training_data\3996.png,106.875,1.0,csv,csv_000003996,7
data\training_data\5407.png,102.5,1.0,csv,csv_000005407,10
data\training_data\8845.png,80.625,1.0,csv,csv_000008845,17
data\training_data\12974.png,102.5,1.0,csv,csv_000012974,25
data\training_data\3609.png,85.0,1.0,csv,csv_000003609,7
data\training_data\12828.png,106.875,1.0,csv,csv_000012828,25
data\training_data\13110.png,115.625,0.0,csv,csv_000013110,26
data\training_data\6900.png,89.375,0.0,csv,csv_000006900,13
car\data\drive_frames\1773065724109_55_35.png,55.0,35.0,drive_frames,drive_1773065724109,29
data\training_data\7231.png,102.5,1.0,csv,csv_000007231,14
data\training_data\1281.png,89.375,1.0,csv,csv_000001281,2
data\training_data\5198.png,85.0,1.0,csv,csv_000005198,10
data\training_data\12576.png,93.75,1.0,csv,csv_000012576,25
car\data\drive_frames\1773065841311_80_35.png,80.0,35.0,drive_frames,drive_1773065841311,29
data\training_data\10271.png,93.75,1.0,csv,csv_000010271,20
data\training_data\2107.png,58.75,1.0,csv,csv_000002107,4
data\training_data\6890.png,85.0,1.0,csv,csv_000006890,13
data\training_data\11402.png,54.375,0.0,csv,csv_000011402,22
data\training_data\2313.png,89.375,1.0,csv,csv_000002313,4
car\data\drive_frames\1772205717217_85_35.png,85.0,35.0,drive_frames,drive_1772205717217,28
data\training_data\5555.png,106.875,1.0,csv,csv_000005555,11
data\training_data\2870.png,85.0,0.0,csv,csv_000002870,5
data\training_data\11236.png,85.0,1.0,csv,csv_000011236,22
data\training_data\1412.png,93.75,1.0,csv,csv_000001412,2
car\data\drive_frames\1773065794785_85_35.png,85.0,35.0,drive_frames,drive_1773065794785,29
data\training_data\654.png,102.5,1.0,csv,csv_000000654,1
data\training_data\4059.png,85.0,1.0,csv,csv_000004059,8
data\training_data\5475.png,106.875,1.0,csv,csv_000005475,10
car\data\drive_frames\1773147919495_105_35.png,105.0,35.0,drive_frames,drive_1773147919495,31
data\training_data\3719.png,102.5,1.0,csv,csv_000003719,7
data\training_data\5921.png,85.0,1.0,csv,csv_000005921,11
data\training_data\2186.png,102.5,1.0,csv,csv_000002186,4
data\training_data\2794.png,58.75,1.0,csv,csv_000002794,5
data\training_data\8128.png,63.125,1.0,csv,csv_000008128,16
data\training_data\14403.png,111.25,1.0,csv,csv_000014403,28
car\data\drive_frames\1773147968125_95_35.png,95.0,35.0,drive_frames,drive_1773147968125,31
data\training_data\12760.png,111.25,1.0,csv,csv_000012760,25
data\training_data\4439.png,93.75,1.0,csv,csv_000004439,8
data\training_data\5528.png,106.875,1.0,csv,csv_000005528,11
data\training_data\1147.png,98.125,1.0,csv,csv_000001147,2
data\training_data\8260.png,85.0,1.0,csv,csv_000008260,16
data\training_data\7318.png,111.25,0.0,csv,csv_000007318,14
data\training_data\13293.png,85.0,1.0,csv,csv_000013293,26
car\data\drive_frames\1772205727554_75_35.png,75.0,35.0,drive_frames,drive_1772205727554,28
data\training_data\6642.png,98.125,1.0,csv,csv_000006642,13
data\training_data\7238.png,111.25,1.0,csv,csv_000007238,14
data\training_data\6729.png,63.125,1.0,csv,csv_000006729,13
data\training_data\4050.png,80.625,1.0,csv,csv_000004050,8
data\training_data\6526.png,71.875,1.0,csv,csv_000006526,13
data\training_data\4003.png,111.25,1.0,csv,csv_000004003,7
data\training_data\1487.png,85.0,1.0,csv,csv_000001487,2
data\training_data\2112.png,93.75,1.0,csv,csv_000002112,4
data\training_data\9747.png,93.75,1.0,csv,csv_000009747,19
data\training_data\2142.png,93.75,1.0,csv,csv_000002142,4
data\training_data\750.png,98.125,1.0,csv,csv_000000750,1
data\training_data\1326.png,85.0,1.0,csv,csv_000001326,2
data\training_data\6640.png,98.125,1.0,csv,csv_000006640,13
car\data\drive_frames\1773066063539_50_35.png,50.0,35.0,drive_frames,drive_1773066063539,29
data\training_data\2572.png,80.625,1.0,csv,csv_000002572,5
data\training_data\557.png,89.375,1.0,csv,csv_000000557,1
car\data\drive_frames\1773066173190_80_35.png,80.0,35.0,drive_frames,drive_1773066173190,29
data\training_data\11309.png,54.375,1.0,csv,csv_000011309,22
car\data\drive_frames\1772210026738_125_35.png,120.0,35.0,drive_frames,drive_1772210026738,29
data\training_data\8216.png,102.5,0.0,csv,csv_000008216,16
data\training_data\8281.png,106.875,1.0,csv,csv_000008281,16
data\training_data\13437.png,106.875,1.0,csv,csv_000013437,26
data\training_data\8091.png,58.75,1.0,csv,csv_000008091,16
data\training_data\8427.png,102.5,1.0,csv,csv_000008427,16
data\training_data\5802.png,93.75,1.0,csv,csv_000005802,11
data\training_data\10380.png,63.125,1.0,csv,csv_000010380,20
data\training_data\11206.png,80.625,0.0,csv,csv_000011206,22
data\training_data\7084.png,93.75,1.0,csv,csv_000007084,14
data\training_data\8537.png,89.375,1.0,csv,csv_000008537,17
data\training_data\2472.png,85.0,1.0,csv,csv_000002472,4
data\training_data\8235.png,58.75,1.0,csv,csv_000008235,16
data\training_data\2355.png,85.0,0.0,csv,csv_000002355,4
car\data\drive_frames\1773147990872_85_35.png,85.0,35.0,drive_frames,drive_1773147990872,31
data\training_data\1366.png,93.75,1.0,csv,csv_000001366,2
data\training_data\14183.png,58.75,1.0,csv,csv_000014183,28
data\training_data\13141.png,120.0,0.0,csv,csv_000013141,26
data\training_data\11499.png,80.625,0.0,csv,csv_000011499,22
data\training_data\9947.png,85.0,1.0,csv,csv_000009947,19
data\training_data\5594.png,54.375,1.0,csv,csv_000005594,11
data\training_data\5650.png,106.875,0.0,csv,csv_000005650,11
data\training_data\11446.png,111.25,0.0,csv,csv_000011446,22
data\training_data\8144.png,93.75,1.0,csv,csv_000008144,16
car\data\drive_frames\1773147908054_110_35.png,110.0,35.0,drive_frames,drive_1773147908054,31
data\training_data\10440.png,93.75,0.0,csv,csv_000010440,20
data\training_data\2646.png,120.0,1.0,csv,csv_000002646,5
data\training_data\5997.png,93.75,1.0,csv,csv_000005997,11
car\data\drive_frames\1773065753424_60_35.png,60.0,35.0,drive_frames,drive_1773065753424,29
data\training_data\4271.png,106.875,1.0,csv,csv_000004271,8
data\training_data\3780.png,85.0,1.0,csv,csv_000003780,7
data\training_data\1453.png,89.375,0.0,csv,csv_000001453,2
data\training_data\7109.png,93.75,1.0,csv,csv_000007109,14
data\training_data\7012.png,67.5,1.0,csv,csv_000007012,13
data\training_data\8355.png,85.0,1.0,csv,csv_000008355,16
data\training_data\2505.png,85.0,1.0,csv,csv_000002505,4
data\training_data\2234.png,93.75,1.0,csv,csv_000002234,4
car\data\drive_frames\1773065787544_85_35.png,85.0,35.0,drive_frames,drive_1773065787544,29
data\training_data\10090.png,102.5,1.0,csv,csv_000010090,20
car\data\drive_frames\1773147798188_85_35.png,85.0,35.0,drive_frames,drive_1773147798188,31
data\training_data\11559.png,85.0,1.0,csv,csv_000011559,23
data\training_data\8894.png,89.375,1.0,csv,csv_000008894,17
data\training_data\4450.png,76.25,1.0,csv,csv_000004450,8
data\training_data\11867.png,80.625,1.0,csv,csv_000011867,23
data\training_data\2322.png,63.125,1.0,csv,csv_000002322,4
data\training_data\2446.png,80.625,1.0,csv,csv_000002446,4
data\training_data\5596.png,85.0,1.0,csv,csv_000005596,11
data\training_data\1024.png,89.375,1.0,csv,csv_000001024,2
data\training_data\3597.png,106.875,1.0,csv,csv_000003597,7
data\training_data\1264.png,89.375,1.0,csv,csv_000001264,2
data\training_data\9616.png,106.875,1.0,csv,csv_000009616,19
data\training_data\816.png,89.375,1.0,csv,csv_000000816,1
data\training_data\8973.png,58.75,1.0,csv,csv_000008973,17
data\training_data\5758.png,85.0,1.0,csv,csv_000005758,11
data\training_data\13366.png,67.5,1.0,csv,csv_000013366,26
data\training_data\13134.png,85.0,0.0,csv,csv_000013134,26
data\training_data\2249.png,85.0,1.0,csv,csv_000002249,4
data\training_data\11773.png,85.0,1.0,csv,csv_000011773,23
data\training_data\10117.png,50.0,1.0,csv,csv_000010117,20
data\training_data\8286.png,85.0,0.0,csv,csv_000008286,16
data\training_data\13497.png,80.625,1.0,csv,csv_000013497,26
data\training_data\11305.png,89.375,0.0,csv,csv_000011305,22
data\training_data\3717.png,85.0,1.0,csv,csv_000003717,7
data\training_data\2271.png,85.0,0.0,csv,csv_000002271,4
data\training_data\922.png,93.75,1.0,csv,csv_000000922,1
data\training_data\13026.png,85.0,1.0,csv,csv_000013026,25
data\training_data\3589.png,54.375,1.0,csv,csv_000003589,7
data\training_data\7214.png,106.875,1.0,csv,csv_000007214,14
data\training_data\2069.png,85.0,1.0,csv,csv_000002069,4
data\training_data\8448.png,102.5,0.0,csv,csv_000008448,16
data\training_data\12723.png,102.5,0.0,csv,csv_000012723,25
data\training_data\13447.png,89.375,1.0,csv,csv_000013447,26
data\training_data\8728.png,111.25,1.0,csv,csv_000008728,17
data\training_data\2720.png,89.375,1.0,csv,csv_000002720,5
data\training_data\5363.png,85.0,0.0,csv,csv_000005363,10
data\training_data\3542.png,106.875,1.0,csv,csv_000003542,7
data\training_data\11161.png,80.625,0.0,csv,csv_000011161,22
data\training_data\3851.png,58.75,1.0,csv,csv_000003851,7
car\data\drive_frames\1773147748528_90_35.png,90.0,35.0,drive_frames,drive_1773147748528,31
data\training_data\4161.png,80.625,1.0,csv,csv_000004161,8
car\data\drive_frames\1772209993684_120_35.png,120.0,35.0,drive_frames,drive_1772209993684,28
data\training_data\11655.png,71.875,1.0,csv,csv_000011655,23
data\training_data\7007.png,71.875,1.0,csv,csv_000007007,13
data\training_data\2219.png,93.75,1.0,csv,csv_000002219,4
data\training_data\6841.png,85.0,0.0,csv,csv_000006841,13
data\training_data\2303.png,80.625,1.0,csv,csv_000002303,4
data\training_data\5424.png,85.0,1.0,csv,csv_000005424,10
car\data\drive_frames\1773066141130_50_35.png,50.0,35.0,drive_frames,drive_1773066141130,29
data\training_data\4236.png,76.25,1.0,csv,csv_000004236,8
data\training_data\14243.png,58.75,1.0,csv,csv_000014243,28
data\training_data\8401.png,93.75,1.0,csv,csv_000008401,16
data\training_data\8123.png,63.125,0.0,csv,csv_000008123,16
data\training_data\6583.png,80.625,1.0,csv,csv_000006583,13
data\training_data\2602.png,102.5,1.0,csv,csv_000002602,5
data\training_data\2922.png,89.375,0.0,csv,csv_000002922,5
data\training_data\14056.png,89.375,0.0,csv,csv_000014056,28
car\data\drive_frames\1773147897717_125_35.png,120.0,35.0,drive_frames,drive_1773147897717,31
data\training_data\9739.png,102.5,1.0,csv,csv_000009739,19
data\training_data\13417.png,85.0,0.0,csv,csv_000013417,26
data\training_data\2128.png,85.0,0.0,csv,csv_000002128,4
data\training_data\10502.png,85.0,1.0,csv,csv_000010502,20
data\training_data\11946.png,71.875,1.0,csv,csv_000011946,23
data\training_data\2188.png,85.0,0.0,csv,csv_000002188,4
data\training_data\1436.png,98.125,1.0,csv,csv_000001436,2
data\training_data\5269.png,102.5,1.0,csv,csv_000005269,10
data\training_data\1492.png,98.125,0.0,csv,csv_000001492,2
data\training_data\918.png,80.625,0.0,csv,csv_000000918,1
data\training_data\14193.png,93.75,1.0,csv,csv_000014193,28
data\training_data\12627.png,85.0,0.0,csv,csv_000012627,25
data\training_data\5143.png,85.0,1.0,csv,csv_000005143,10
data\training_data\10447.png,85.0,0.0,csv,csv_000010447,20
data\training_data\10143.png,85.0,0.0,csv,csv_000010143,20
data\training_data\11865.png,89.375,1.0,csv,csv_000011865,23
car\data\drive_frames\1773148009482_120_35.png,120.0,35.0,drive_frames,drive_1773148009482,31
data\training_data\13358.png,106.875,1.0,csv,csv_000013358,26
data\training_data\5960.png,106.875,1.0,csv,csv_000005960,11
data\training_data\783.png,93.75,1.0,csv,csv_000000783,1
data\training_data\11696.png,93.75,1.0,csv,csv_000011696,23
data\training_data\12816.png,102.5,1.0,csv,csv_000012816,25
car\data\drive_frames\1772210010195_80_35.png,80.0,35.0,drive_frames,drive_1772210010195,29
data\training_data\1032.png,102.5,1.0,csv,csv_000001032,2
data\training_data\743.png,98.125,1.0,csv,csv_000000743,1
data\training_data\13197.png,58.75,1.0,csv,csv_000013197,26
data\training_data\1500.png,54.375,1.0,csv,csv_000001500,2
data\training_data\12016.png,85.0,1.0,csv,csv_000012016,23
data\training_data\8880.png,106.875,1.0,csv,csv_000008880,17
data\training_data\4432.png,58.75,0.0,csv,csv_000004432,8
data\training_data\11077.png,98.125,1.0,csv,csv_000011077,22
data\training_data\6693.png,85.0,1.0,csv,csv_000006693,13
data\training_data\11465.png,106.875,1.0,csv,csv_000011465,22
car\data\drive_frames\1773066120455_60_35.png,60.0,35.0,drive_frames,drive_1773066120455,29
data\training_data\2305.png,80.625,1.0,csv,csv_000002305,4
data\training_data\6010.png,102.5,1.0,csv,csv_000006010,11
data\training_data\14339.png,85.0,1.0,csv,csv_000014339,28
data\training_data\6904.png,58.75,1.0,csv,csv_000006904,13
data\training_data\12849.png,80.625,1.0,csv,csv_000012849,25
data\training_data\7407.png,80.625,1.0,csv,csv_000007407,14
data\training_data\2825.png,93.75,1.0,csv,csv_000002825,5
data\training_data\2135.png,80.625,1.0,csv,csv_000002135,4
data\training_data\12908.png,80.625,0.0,csv,csv_000012908,25
data\training_data\9608.png,106.875,1.0,csv,csv_000009608,19
car\data\drive_frames\1773148044403_85_35.png,85.0,35.0,drive_frames,drive_1773148044403,31
data\training_data\6862.png,93.75,1.0,csv,csv_000006862,13
data\training_data\8102.png,80.625,1.0,csv,csv_000008102,16
data\training_data\5565.png,89.375,1.0,csv,csv_000005565,11
data\training_data\7293.png,106.875,1.0,csv,csv_000007293,14
data\training_data\762.png,58.75,0.0,csv,csv_000000762,1
car\data\drive_frames\1773148040267_100_35.png,100.0,35.0,drive_frames,drive_1773148040267,31
data\training_data\2075.png,111.25,0.0,csv,csv_000002075,4
data\training_data\2838.png,85.0,0.0,csv,csv_000002838,5
data\training_data\9949.png,58.75,1.0,csv,csv_000009949,19
data\training_data\13490.png,85.0,1.0,csv,csv_000013490,26
data\training_data\6842.png,89.375,0.0,csv,csv_000006842,13
data\training_data\11187.png,106.875,1.0,csv,csv_000011187,22
data\training_data\6959.png,89.375,1.0,csv,csv_000006959,13
data\training_data\5682.png,89.375,1.0,csv,csv_000005682,11
data\training_data\5361.png,106.875,1.0,csv,csv_000005361,10
data\training_data\11284.png,89.375,1.0,csv,csv_000011284,22
data\training_data\8047.png,102.5,1.0,csv,csv_000008047,16
data\training_data\896.png,63.125,1.0,csv,csv_000000896,1
data\training_data\11123.png,115.625,1.0,csv,csv_000011123,22
data\training_data\2125.png,93.75,1.0,csv,csv_000002125,4
data\training_data\10372.png,71.875,1.0,csv,csv_000010372,20
data\training_data\13239.png,98.125,0.0,csv,csv_000013239,26
data\training_data\4015.png,102.5,1.0,csv,csv_000004015,7
data\training_data\8438.png,93.75,0.0,csv,csv_000008438,16
data\training_data\8576.png,76.25,1.0,csv,csv_000008576,17
data\training_data\12895.png,85.0,0.0,csv,csv_000012895,25
data\training_data\2550.png,106.875,1.0,csv,csv_000002550,5
data\training_data\5031.png,85.0,1.0,csv,csv_000005031,10
data\training_data\3557.png,71.875,1.0,csv,csv_000003557,7
data\training_data\3892.png,85.0,1.0,csv,csv_000003892,7
data\training_data\11732.png,80.625,1.0,csv,csv_000011732,23
data\training_data\2052.png,106.875,1.0,csv,csv_000002052,4
data\training_data\2877.png,106.875,1.0,csv,csv_000002877,5
data\training_data\9643.png,89.375,1.0,csv,csv_000009643,19
data\training_data\8858.png,106.875,1.0,csv,csv_000008858,17
data\training_data\8664.png,71.875,1.0,csv,csv_000008664,17
data\training_data\2867.png,85.0,0.0,csv,csv_000002867,5
data\training_data\5929.png,111.25,1.0,csv,csv_000005929,11
data\training_data\2523.png,80.625,0.0,csv,csv_000002523,5
data\training_data\13190.png,93.75,1.0,csv,csv_000013190,26
data\training_data\10123.png,80.625,1.0,csv,csv_000010123,20
data\training_data\11590.png,71.875,1.0,csv,csv_000011590,23
data\training_data\11240.png,89.375,0.0,csv,csv_000011240,22
data\training_data\5470.png,102.5,0.0,csv,csv_000005470,10
data\training_data\3878.png,80.625,1.0,csv,csv_000003878,7
car\data\drive_frames\1773065771002_70_35.png,70.0,35.0,drive_frames,drive_1773065771002,29
data\training_data\11615.png,111.25,0.0,csv,csv_000011615,23
data\training_data\3536.png,63.125,1.0,csv,csv_000003536,7
data\training_data\5049.png,106.875,0.0,csv,csv_000005049,10
data\training_data\12996.png,106.875,1.0,csv,csv_000012996,25
data\training_data\12548.png,89.375,1.0,csv,csv_000012548,25
data\training_data\7299.png,102.5,1.0,csv,csv_000007299,14
data\training_data\11940.png,93.75,1.0,csv,csv_000011940,23
data\training_data\3817.png,102.5,0.0,csv,csv_000003817,7
data\training_data\8409.png,76.25,1.0,csv,csv_000008409,16
data\training_data\6806.png,58.75,1.0,csv,csv_000006806,13
data\training_data\5485.png,89.375,1.0,csv,csv_000005485,10
car\data\drive_frames\1773147775410_80_35.png,80.0,35.0,drive_frames,drive_1773147775410,31
data\training_data\786.png,80.625,1.0,csv,csv_000000786,1
data\training_data\11086.png,71.875,0.0,csv,csv_000011086,22
data\training_data\1177.png,67.5,1.0,csv,csv_000001177,2
data\training_data\997.png,89.375,0.0,csv,csv_000000997,1
data\training_data\1053.png,89.375,1.0,csv,csv_000001053,2
data\training_data\9892.png,93.75,1.0,csv,csv_000009892,19
data\training_data\5532.png,85.0,0.0,csv,csv_000005532,11
data\training_data\8528.png,58.75,1.0,csv,csv_000008528,17
data\training_data\9730.png,85.0,0.0,csv,csv_000009730,19
data\training_data\5409.png,63.125,1.0,csv,csv_000005409,10
car\data\drive_frames\1773066069776_65_35.png,65.0,35.0,drive_frames,drive_1773066069776,29
data\training_data\5880.png,98.125,1.0,csv,csv_000005880,11
car\data\drive_frames\1773147837713_120_35.png,120.0,35.0,drive_frames,drive_1773147837713,31
data\training_data\8187.png,54.375,1.0,csv,csv_000008187,16
car\data\drive_frames\1773065849585_60_35.png,60.0,35.0,drive_frames,drive_1773065849585,29
data\training_data\10048.png,98.125,1.0,csv,csv_000010048,20
data\training_data\11238.png,63.125,1.0,csv,csv_000011238,22
data\training_data\5511.png,102.5,1.0,csv,csv_000005511,10
data\training_data\10098.png,98.125,1.0,csv,csv_000010098,20
data\training_data\5967.png,85.0,1.0,csv,csv_000005967,11
data\training_data\10174.png,63.125,1.0,csv,csv_000010174,20
car\data\drive_frames\1773066156648_50_35.png,50.0,35.0,drive_frames,drive_1773066156648,29
data\training_data\2893.png,106.875,1.0,csv,csv_000002893,5
data\training_data\5903.png,85.0,0.0,csv,csv_000005903,11
data\training_data\13250.png,93.75,0.0,csv,csv_000013250,26
data\training_data\12808.png,50.0,0.0,csv,csv_000012808,25
data\training_data\5534.png,89.375,1.0,csv,csv_000005534,11
data\training_data\2356.png,93.75,0.0,csv,csv_000002356,4
car\data\drive_frames\1772209944951_95_35.png,95.0,35.0,drive_frames,drive_1772209944951,28
data\training_data\4208.png,85.0,1.0,csv,csv_000004208,8
car\data\drive_frames\1773145038099_90_0.png,90.0,0.0,drive_frames,drive_1773145038099,29
data\training_data\13496.png,89.375,1.0,csv,csv_000013496,26
data\training_data\2708.png,98.125,0.0,csv,csv_000002708,5
data\training_data\12820.png,102.5,1.0,csv,csv_000012820,25
data\training_data\9665.png,98.125,1.0,csv,csv_000009665,19
data\training_data\4430.png,58.75,1.0,csv,csv_000004430,8
data\training_data\1274.png,89.375,1.0,csv,csv_000001274,2
data\training_data\8088.png,58.75,1.0,csv,csv_000008088,16
data\training_data\7466.png,120.0,1.0,csv,csv_000007466,14
car\data\drive_frames\1773065686891_60_35.png,60.0,35.0,drive_frames,drive_1773065686891,29
data\training_data\2100.png,102.5,1.0,csv,csv_000002100,4
data\training_data\10266.png,58.75,1.0,csv,csv_000010266,20
data\training_data\5084.png,93.75,0.0,csv,csv_000005084,10
data\training_data\7192.png,58.75,1.0,csv,csv_000007192,14
data\training_data\9824.png,85.0,1.0,csv,csv_000009824,19
data\training_data\6615.png,106.875,1.0,csv,csv_000006615,13
data\training_data\12748.png,102.5,0.0,csv,csv_000012748,25
data\training_data\5974.png,106.875,1.0,csv,csv_000005974,11
data\training_data\2981.png,93.75,1.0,csv,csv_000002981,5
data\training_data\8534.png,85.0,0.0,csv,csv_000008534,17
data\training_data\1121.png,80.625,1.0,csv,csv_000001121,2
car\data\drive_frames\1773148004314_95_35.png,95.0,35.0,drive_frames,drive_1773148004314,31
data\training_data\13316.png,106.875,1.0,csv,csv_000013316,26
data\training_data\5718.png,85.0,0.0,csv,csv_000005718,11
data\training_data\2307.png,80.625,1.0,csv,csv_000002307,4
car\data\drive_frames\1773066165953_60_35.png,60.0,35.0,drive_frames,drive_1773066165953,29
data\training_data\8720.png,80.625,1.0,csv,csv_000008720,17
data\training_data\630.png,98.125,0.0,csv,csv_000000630,1
data\training_data\12730.png,111.25,1.0,csv,csv_000012730,25
data\training_data\7437.png,120.0,1.0,csv,csv_000007437,14
data\training_data\2011.png,98.125,1.0,csv,csv_000002011,4
data\training_data\3931.png,115.625,1.0,csv,csv_000003931,7
data\training_data\7356.png,80.625,1.0,csv,csv_000007356,14
data\training_data\2316.png,102.5,1.0,csv,csv_000002316,4
data\training_data\668.png,89.375,1.0,csv,csv_000000668,1
data\training_data\11600.png,85.0,0.0,csv,csv_000011600,23
data\training_data\10303.png,58.75,1.0,csv,csv_000010303,20
data\training_data\12810.png,85.0,1.0,csv,csv_000012810,25
data\training_data\3813.png,106.875,1.0,csv,csv_000003813,7
data\training_data\8783.png,58.75,1.0,csv,csv_000008783,17
car\data\drive_frames\1772210048455_125_35.png,120.0,35.0,drive_frames,drive_1772210048455,29
data\training_data\13524.png,89.375,1.0,csv,csv_000013524,26
data\training_data\10482.png,93.75,1.0,csv,csv_000010482,20
data\training_data\9907.png,85.0,0.0,csv,csv_000009907,19
data\training_data\2141.png,89.375,1.0,csv,csv_000002141,4
data\training_data\5872.png,98.125,0.0,csv,csv_000005872,11
data\training_data\5334.png,106.875,1.0,csv,csv_000005334,10
data\training_data\13161.png,102.5,1.0,csv,csv_000013161,26
data\training_data\9807.png,106.875,1.0,csv,csv_000009807,19
data\training_data\11157.png,89.375,0.0,csv,csv_000011157,22
data\training_data\12829.png,80.625,1.0,csv,csv_000012829,25
car\data\drive_frames\1773147806461_120_35.png,120.0,35.0,drive_frames,drive_1773147806461,31
car\data\drive_frames\1772209989547_90_35.png,90.0,35.0,drive_frames,drive_1772209989547,28
data\training_data\5678.png,106.875,1.0,csv,csv_000005678,11
data\training_data\4006.png,85.0,0.0,csv,csv_000004006,7
data\training_data\12913.png,80.625,1.0,csv,csv_000012913,25
data\training_data\8742.png,85.0,1.0,csv,csv_000008742,17
data\training_data\10390.png,85.0,0.0,csv,csv_000010390,20
data\training_data\5189.png,58.75,1.0,csv,csv_000005189,10
data\training_data\10205.png,93.75,1.0,csv,csv_000010205,20
data\training_data\1305.png,80.625,1.0,csv,csv_000001305,2
car\data\drive_frames\1772210028806_125_35.png,120.0,35.0,drive_frames,drive_1772210028806,29
data\training_data\7149.png,93.75,1.0,csv,csv_000007149,14
data\training_data\4035.png,93.75,1.0,csv,csv_000004035,8
data\training_data\2543.png,85.0,1.0,csv,csv_000002543,5
data\training_data\5985.png,106.875,1.0,csv,csv_000005985,11
data\training_data\7391.png,85.0,0.0,csv,csv_000007391,14
data\training_data\701.png,85.0,1.0,csv,csv_000000701,1
data\training_data\10073.png,58.75,1.0,csv,csv_000010073,20
data\training_data\2589.png,85.0,1.0,csv,csv_000002589,5
data\training_data\965.png,93.75,1.0,csv,csv_000000965,1
data\training_data\11119.png,80.625,1.0,csv,csv_000011119,22
data\training_data\11196.png,111.25,0.0,csv,csv_000011196,22
data\training_data\7032.png,85.0,1.0,csv,csv_000007032,14
data\training_data\5825.png,89.375,0.0,csv,csv_000005825,11
data\training_data\2330.png,115.625,1.0,csv,csv_000002330,4
data\training_data\8554.png,106.875,1.0,csv,csv_000008554,17
data\training_data\11995.png,85.0,1.0,csv,csv_000011995,23
data\training_data\12632.png,102.5,1.0,csv,csv_000012632,25
data\training_data\3910.png,76.25,0.0,csv,csv_000003910,7
car\data\drive_frames\1773066044920_100_35.png,100.0,35.0,drive_frames,drive_1773066044920,29
data\training_data\6616.png,89.375,1.0,csv,csv_000006616,13
data\training_data\12834.png,111.25,0.0,csv,csv_000012834,25
data\training_data\3777.png,85.0,0.0,csv,csv_000003777,7
data\training_data\7120.png,102.5,1.0,csv,csv_000007120,14
data\training_data\5028.png,85.0,1.0,csv,csv_000005028,10
data\training_data\12980.png,85.0,0.0,csv,csv_000012980,25
data\training_data\2144.png,85.0,1.0,csv,csv_000002144,4
car\data\drive_frames\1773066074949_50_35.png,50.0,35.0,drive_frames,drive_1773066074949,29
data\training_data\9953.png,98.125,1.0,csv,csv_000009953,19
data\training_data\5489.png,102.5,1.0,csv,csv_000005489,10
data\training_data\3747.png,58.75,1.0,csv,csv_000003747,7
data\training_data\1099.png,102.5,1.0,csv,csv_000001099,2
data\training_data\12869.png,89.375,1.0,csv,csv_000012869,25
data\training_data\11222.png,63.125,1.0,csv,csv_000011222,22
data\training_data\2917.png,85.0,0.0,csv,csv_000002917,5
data\training_data\13299.png,93.75,1.0,csv,csv_000013299,26
data\training_data\12534.png,85.0,0.0,csv,csv_000012534,25
data\training_data\3570.png,80.625,1.0,csv,csv_000003570,7
data\training_data\8158.png,54.375,1.0,csv,csv_000008158,16
data\training_data\11322.png,111.25,0.0,csv,csv_000011322,22
data\training_data\9570.png,98.125,1.0,csv,csv_000009570,19
data\training_data\13280.png,89.375,0.0,csv,csv_000013280,26
car\data\drive_frames\1773147891512_75_35.png,75.0,35.0,drive_frames,drive_1773147891512,31
data\training_data\9866.png,89.375,1.0,csv,csv_000009866,19
data\training_data\5982.png,89.375,1.0,csv,csv_000005982,11
data\training_data\8651.png,85.0,0.0,csv,csv_000008651,17
data\training_data\10260.png,85.0,1.0,csv,csv_000010260,20
car\data\drive_frames\1773065853953_95_35.png,95.0,35.0,drive_frames,drive_1773065853953,29
data\training_data\5086.png,54.375,1.0,csv,csv_000005086,10
data\training_data\626.png,76.25,0.0,csv,csv_000000626,1
data\training_data\6661.png,111.25,0.0,csv,csv_000006661,13
data\training_data\2829.png,98.125,1.0,csv,csv_000002829,5
data\training_data\8971.png,102.5,0.0,csv,csv_000008971,17
data\training_data\5098.png,85.0,0.0,csv,csv_000005098,10
data\training_data\14166.png,93.75,1.0,csv,csv_000014166,28
data\training_data\5589.png,98.125,1.0,csv,csv_000005589,11
data\training_data\14204.png,102.5,0.0,csv,csv_000014204,28
data\training_data\8818.png,102.5,1.0,csv,csv_000008818,17
data\training_data\11408.png,98.125,1.0,csv,csv_000011408,22
data\training_data\10264.png,63.125,1.0,csv,csv_000010264,20
data\training_data\14270.png,85.0,1.0,csv,csv_000014270,28
data\training_data\6658.png,80.625,1.0,csv,csv_000006658,13
data\training_data\13100.png,106.875,1.0,csv,csv_000013100,26
data\training_data\2525.png,89.375,0.0,csv,csv_000002525,5
data\training_data\11616.png,106.875,1.0,csv,csv_000011616,23
data\training_data\7004.png,102.5,1.0,csv,csv_000007004,13
data\training_data\8690.png,85.0,1.0,csv,csv_000008690,17
data\training_data\14342.png,89.375,1.0,csv,csv_000014342,28
car\data\drive_frames\1773145051541_90_0.png,90.0,0.0,drive_frames,drive_1773145051541,29
data\training_data\11658.png,93.75,0.0,csv,csv_000011658,23
data\training_data\868.png,93.75,1.0,csv,csv_000000868,1
data\training_data\10196.png,58.75,1.0,csv,csv_000010196,20
data\training_data\6019.png,93.75,1.0,csv,csv_000006019,11
data\training_data\9575.png,93.75,1.0,csv,csv_000009575,19
data\training_data\1029.png,120.0,1.0,csv,csv_000001029,2
data\training_data\8717.png,85.0,1.0,csv,csv_000008717,17
data\training_data\1067.png,63.125,1.0,csv,csv_000001067,2
data\training_data\10012.png,85.0,0.0,csv,csv_000010012,19
data\training_data\7050.png,102.5,1.0,csv,csv_000007050,14
data\training_data\5609.png,89.375,1.0,csv,csv_000005609,11
data\training_data\9887.png,54.375,1.0,csv,csv_000009887,19
data\training_data\13269.png,85.0,0.0,csv,csv_000013269,26
data\training_data\4241.png,111.25,1.0,csv,csv_000004241,8
data\training_data\12604.png,58.75,1.0,csv,csv_000012604,25
data\training_data\8220.png,106.875,1.0,csv,csv_000008220,16
data\training_data\2185.png,58.75,1.0,csv,csv_000002185,4
data\training_data\14263.png,106.875,1.0,csv,csv_000014263,28
data\training_data\7013.png,85.0,0.0,csv,csv_000007013,13
data\training_data\5110.png,98.125,1.0,csv,csv_000005110,10
data\training_data\6752.png,80.625,1.0,csv,csv_000006752,13
data\training_data\4013.png,106.875,1.0,csv,csv_000004013,7
data\training_data\11746.png,102.5,1.0,csv,csv_000011746,23
data\training_data\4342.png,67.5,1.0,csv,csv_000004342,8
data\training_data\8682.png,102.5,1.0,csv,csv_000008682,17
data\training_data\4283.png,102.5,1.0,csv,csv_000004283,8
data\training_data\11314.png,85.0,1.0,csv,csv_000011314,22
data\training_data\2765.png,89.375,1.0,csv,csv_000002765,5
data\training_data\8786.png,76.25,0.0,csv,csv_000008786,17
data\training_data\2080.png,76.25,1.0,csv,csv_000002080,4
data\training_data\10256.png,102.5,1.0,csv,csv_000010256,20
data\training_data\7180.png,89.375,0.0,csv,csv_000007180,14
car\data\drive_frames\1773065713768_55_35.png,55.0,35.0,drive_frames,drive_1773065713768,29
data\training_data\1369.png,85.0,0.0,csv,csv_000001369,2
data\training_data\961.png,85.0,0.0,csv,csv_000000961,1
data\training_data\13152.png,98.125,0.0,csv,csv_000013152,26
data\training_data\2394.png,89.375,0.0,csv,csv_000002394,4
data\training_data\5913.png,89.375,1.0,csv,csv_000005913,11
data\training_data\6902.png,50.0,1.0,csv,csv_000006902,13
data\training_data\11094.png,98.125,1.0,csv,csv_000011094,22
data\training_data\14051.png,102.5,1.0,csv,csv_000014051,28
data\training_data\4232.png,98.125,1.0,csv,csv_000004232,8
data\training_data\3790.png,85.0,1.0,csv,csv_000003790,7
data\training_data\8581.png,85.0,0.0,csv,csv_000008581,17
data\training_data\2674.png,85.0,0.0,csv,csv_000002674,5
car\data\drive_frames\1773065775138_85_35.png,85.0,35.0,drive_frames,drive_1773065775138,29
data\training_data\12899.png,63.125,0.0,csv,csv_000012899,25
data\training_data\5371.png,80.625,1.0,csv,csv_000005371,10
data\training_data\2753.png,106.875,1.0,csv,csv_000002753,5
data\training_data\1262.png,98.125,1.0,csv,csv_000001262,2
data\training_data\3906.png,111.25,0.0,csv,csv_000003906,7
data\training_data\11248.png,80.625,0.0,csv,csv_000011248,22
data\training_data\5831.png,85.0,1.0,csv,csv_000005831,11
data\training_data\5041.png,102.5,1.0,csv,csv_000005041,10
data\training_data\5953.png,85.0,1.0,csv,csv_000005953,11
data\training_data\8044.png,111.25,1.0,csv,csv_000008044,16
data\training_data\14314.png,93.75,1.0,csv,csv_000014314,28
car\data\drive_frames\1773147769205_130_35.png,120.0,35.0,drive_frames,drive_1773147769205,31
car\data\drive_frames\1773148021888_105_35.png,105.0,35.0,drive_frames,drive_1773148021888,31
car\data\drive_frames\1773147987768_110_35.png,110.0,35.0,drive_frames,drive_1773147987768,31
data\training_data\3687.png,85.0,1.0,csv,csv_000003687,7
data\training_data\6675.png,102.5,1.0,csv,csv_000006675,13
data\training_data\2715.png,85.0,0.0,csv,csv_000002715,5
data\training_data\6832.png,80.625,1.0,csv,csv_000006832,13
data\training_data\11270.png,85.0,1.0,csv,csv_000011270,22
data\training_data\6714.png,54.375,1.0,csv,csv_000006714,13
data\training_data\593.png,102.5,1.0,csv,csv_000000593,1
data\training_data\11278.png,85.0,0.0,csv,csv_000011278,22
data\training_data\6925.png,85.0,1.0,csv,csv_000006925,13
data\training_data\5516.png,89.375,1.0,csv,csv_000005516,10
data\training_data\7183.png,102.5,1.0,csv,csv_000007183,14
data\training_data\860.png,80.625,0.0,csv,csv_000000860,1
data\training_data\13350.png,102.5,1.0,csv,csv_000013350,26
data\training_data\5283.png,102.5,1.0,csv,csv_000005283,10
data\training_data\2894.png,89.375,1.0,csv,csv_000002894,5
data\training_data\8839.png,54.375,1.0,csv,csv_000008839,17
car\data\drive_frames\1772209960462_105_35.png,105.0,35.0,drive_frames,drive_1772209960462,28
data\training_data\3907.png,85.0,1.0,csv,csv_000003907,7
data\training_data\12800.png,80.625,1.0,csv,csv_000012800,25
data\training_data\11167.png,106.875,1.0,csv,csv_000011167,22
data\training_data\9722.png,58.75,1.0,csv,csv_000009722,19
data\training_data\8382.png,54.375,1.0,csv,csv_000008382,16
data\training_data\1335.png,89.375,1.0,csv,csv_000001335,2
data\training_data\8793.png,89.375,1.0,csv,csv_000008793,17
data\training_data\8457.png,85.0,1.0,csv,csv_000008457,16
data\training_data\9589.png,102.5,1.0,csv,csv_000009589,19
data\training_data\839.png,115.625,1.0,csv,csv_000000839,1
data\training_data\2955.png,80.625,1.0,csv,csv_000002955,5
data\training_data\11288.png,102.5,1.0,csv,csv_000011288,22
car\data\drive_frames\1773065788580_90_35.png,90.0,35.0,drive_frames,drive_1773065788580,29
data\training_data\4226.png,63.125,1.0,csv,csv_000004226,8
data\training_data\8130.png,85.0,1.0,csv,csv_000008130,16
data\training_data\983.png,58.75,1.0,csv,csv_000000983,1
data\training_data\5123.png,98.125,1.0,csv,csv_000005123,10
data\training_data\1078.png,85.0,0.0,csv,csv_000001078,2
data\training_data\5486.png,85.0,1.0,csv,csv_000005486,10
data\training_data\11727.png,63.125,1.0,csv,csv_000011727,23
data\training_data\3871.png,111.25,1.0,csv,csv_000003871,7
data\training_data\9719.png,93.75,1.0,csv,csv_000009719,19
data\training_data\8676.png,85.0,0.0,csv,csv_000008676,17
data\training_data\4256.png,93.75,0.0,csv,csv_000004256,8
data\training_data\5400.png,93.75,1.0,csv,csv_000005400,10
data\training_data\9022.png,54.375,1.0,csv,csv_000009022,17
data\training_data\8181.png,85.0,1.0,csv,csv_000008181,16
data\training_data\13374.png,85.0,1.0,csv,csv_000013374,26
data\training_data\9918.png,93.75,1.0,csv,csv_000009918,19
data\training_data\13112.png,89.375,1.0,csv,csv_000013112,26
data\training_data\11910.png,89.375,1.0,csv,csv_000011910,23
data\training_data\2241.png,98.125,1.0,csv,csv_000002241,4
data\training_data\7269.png,111.25,0.0,csv,csv_000007269,14
car\data\drive_frames\1773148051640_115_35.png,115.0,35.0,drive_frames,drive_1773148051640,31
data\training_data\11938.png,102.5,1.0,csv,csv_000011938,23
data\training_data\5312.png,85.0,1.0,csv,csv_000005312,10
data\training_data\7411.png,89.375,0.0,csv,csv_000007411,14
data\training_data\5442.png,102.5,0.0,csv,csv_000005442,10
data\training_data\7442.png,102.5,1.0,csv,csv_000007442,14
data\training_data\10453.png,93.75,1.0,csv,csv_000010453,20
data\training_data\3937.png,111.25,1.0,csv,csv_000003937,7
car\data\drive_frames\1772210058829_120_35.png,120.0,35.0,drive_frames,drive_1772210058829,29
data\training_data\9946.png,76.25,1.0,csv,csv_000009946,19
data\training_data\3810.png,106.875,1.0,csv,csv_000003810,7
data\training_data\666.png,111.25,1.0,csv,csv_000000666,1
data\training_data\6939.png,93.75,1.0,csv,csv_000006939,13
data\training_data\14121.png,80.625,1.0,csv,csv_000014121,28
car\data\drive_frames\1773145054642_90_0.png,90.0,0.0,drive_frames,drive_1773145054642,29
data\training_data\7451.png,89.375,1.0,csv,csv_000007451,14
car\data\drive_frames\1773148071319_80_35.png,80.0,35.0,drive_frames,drive_1773148071319,31
data\training_data\11806.png,80.625,0.0,csv,csv_000011806,23
car\data\drive_frames\1773065805123_90_35.png,90.0,35.0,drive_frames,drive_1773065805123,29
data\training_data\8599.png,80.625,1.0,csv,csv_000008599,17
car\data\drive_frames\1773147800257_95_35.png,95.0,35.0,drive_frames,drive_1773147800257,31
data\training_data\8473.png,58.75,1.0,csv,csv_000008473,16
data\training_data\7480.png,89.375,1.0,csv,csv_000007480,14
car\data\drive_frames\1772209984380_110_35.png,110.0,35.0,drive_frames,drive_1772209984380,28
data\training_data\10277.png,80.625,1.0,csv,csv_000010277,20
data\training_data\3746.png,85.0,1.0,csv,csv_000003746,7
data\training_data\4424.png,89.375,1.0,csv,csv_000004424,8
data\training_data\2109.png,63.125,1.0,csv,csv_000002109,4
car\data\drive_frames\1772210015368_115_35.png,115.0,35.0,drive_frames,drive_1772210015368,29
car\data\drive_frames\1773065695159_60_35.png,60.0,35.0,drive_frames,drive_1773065695159,29
data\training_data\6720.png,120.0,0.0,csv,csv_000006720,13
data\training_data\8294.png,85.0,0.0,csv,csv_000008294,16
car\data\drive_frames\1773065766866_95_35.png,95.0,35.0,drive_frames,drive_1773065766866,29
data\training_data\991.png,89.375,0.0,csv,csv_000000991,1
data\training_data\5642.png,85.0,1.0,csv,csv_000005642,11
data\training_data\6920.png,85.0,1.0,csv,csv_000006920,13
data\training_data\11448.png,85.0,0.0,csv,csv_000011448,22
data\training_data\5538.png,106.875,1.0,csv,csv_000005538,11
data\training_data\7202.png,93.75,1.0,csv,csv_000007202,14
data\training_data\8745.png,120.0,0.0,csv,csv_000008745,17
data\training_data\2442.png,71.875,1.0,csv,csv_000002442,4
data\training_data\9025.png,80.625,1.0,csv,csv_000009025,17
data\training_data\4322.png,102.5,1.0,csv,csv_000004322,8
data\training_data\11158.png,80.625,0.0,csv,csv_000011158,22
data\training_data\5895.png,106.875,1.0,csv,csv_000005895,11
data\training_data\9939.png,85.0,0.0,csv,csv_000009939,19
data\training_data\1096.png,85.0,0.0,csv,csv_000001096,2
data\training_data\11475.png,106.875,1.0,csv,csv_000011475,22
data\training_data\9870.png,102.5,1.0,csv,csv_000009870,19
data\training_data\7069.png,63.125,1.0,csv,csv_000007069,14
data\training_data\2031.png,85.0,0.0,csv,csv_000002031,4
data\training_data\10445.png,85.0,0.0,csv,csv_000010445,20
data\training_data\669.png,111.25,0.0,csv,csv_000000669,1
data\training_data\1030.png,106.875,1.0,csv,csv_000001030,2
data\training_data\3893.png,102.5,1.0,csv,csv_000003893,7
data\training_data\11461.png,85.0,1.0,csv,csv_000011461,22
data\training_data\11255.png,80.625,1.0,csv,csv_000011255,22
data\training_data\10307.png,63.125,1.0,csv,csv_000010307,20
data\training_data\5082.png,85.0,1.0,csv,csv_000005082,10
data\training_data\7138.png,89.375,1.0,csv,csv_000007138,14
data\training_data\9829.png,67.5,0.0,csv,csv_000009829,19
data\training_data\6677.png,85.0,0.0,csv,csv_000006677,13
data\training_data\10108.png,102.5,1.0,csv,csv_000010108,20
data\training_data\5285.png,106.875,1.0,csv,csv_000005285,10
data\training_data\1101.png,85.0,1.0,csv,csv_000001101,2
data\training_data\1206.png,80.625,1.0,csv,csv_000001206,2
data\training_data\6614.png,63.125,1.0,csv,csv_000006614,13
data\training_data\8219.png,71.875,1.0,csv,csv_000008219,16
data\training_data\11563.png,98.125,0.0,csv,csv_000011563,23
data\training_data\9601.png,85.0,1.0,csv,csv_000009601,19
data\training_data\2490.png,106.875,1.0,csv,csv_000002490,4
data\training_data\11303.png,85.0,1.0,csv,csv_000011303,22
data\training_data\8663.png,85.0,1.0,csv,csv_000008663,17
data\training_data\8856.png,106.875,1.0,csv,csv_000008856,17
car\data\drive_frames\1773147803361_120_35.png,120.0,35.0,drive_frames,drive_1773147803361,31
data\training_data\3891.png,89.375,1.0,csv,csv_000003891,7
data\training_data\14249.png,85.0,0.0,csv,csv_000014249,28
data\training_data\2618.png,80.625,1.0,csv,csv_000002618,5
data\training_data\10507.png,111.25,0.0,csv,csv_000010507,20
data\training_data\1336.png,80.625,1.0,csv,csv_000001336,2
data\training_data\11318.png,102.5,1.0,csv,csv_000011318,22
data\training_data\2606.png,85.0,0.0,csv,csv_000002606,5
data\training_data\8164.png,106.875,0.0,csv,csv_000008164,16
data\training_data\8297.png,89.375,1.0,csv,csv_000008297,16
data\training_data\1401.png,89.375,1.0,csv,csv_000001401,2
data\training_data\2645.png,71.875,1.0,csv,csv_000002645,5
data\training_data\8975.png,58.75,1.0,csv,csv_000008975,17
data\training_data\9773.png,89.375,1.0,csv,csv_000009773,19
data\training_data\13029.png,106.875,1.0,csv,csv_000013029,25
data\training_data\11361.png,89.375,1.0,csv,csv_000011361,22
data\training_data\605.png,102.5,1.0,csv,csv_000000605,1
data\training_data\9682.png,89.375,1.0,csv,csv_000009682,19
data\training_data\10439.png,76.25,0.0,csv,csv_000010439,20
data\training_data\13367.png,89.375,1.0,csv,csv_000013367,26
data\training_data\7319.png,67.5,1.0,csv,csv_000007319,14
data\training_data\1191.png,85.0,1.0,csv,csv_000001191,2
data\training_data\3691.png,85.0,1.0,csv,csv_000003691,7
data\training_data\10377.png,67.5,1.0,csv,csv_000010377,20
data\training_data\12679.png,98.125,1.0,csv,csv_000012679,25
car\data\drive_frames\1772210032943_85_35.png,85.0,35.0,drive_frames,drive_1772210032943,29
data\training_data\6933.png,85.0,0.0,csv,csv_000006933,13
data\training_data\4130.png,58.75,1.0,csv,csv_000004130,8
data\training_data\8557.png,85.0,0.0,csv,csv_000008557,17
data\training_data\11349.png,93.75,1.0,csv,csv_000011349,22
data\training_data\11959.png,58.75,1.0,csv,csv_000011959,23
data\training_data\3890.png,89.375,1.0,csv,csv_000003890,7
data\training_data\10261.png,67.5,1.0,csv,csv_000010261,20
data\training_data\4443.png,106.875,1.0,csv,csv_000004443,8
data\training_data\5578.png,93.75,1.0,csv,csv_000005578,11
data\training_data\7233.png,58.75,1.0,csv,csv_000007233,14
data\training_data\2012.png,89.375,1.0,csv,csv_000002012,4
data\training_data\7059.png,106.875,1.0,csv,csv_000007059,14
data\training_data\5636.png,120.0,1.0,csv,csv_000005636,11
data\training_data\2859.png,106.875,0.0,csv,csv_000002859,5
data\training_data\2545.png,102.5,0.0,csv,csv_000002545,5
car\data\drive_frames\1772205752362_85_35.png,85.0,35.0,drive_frames,drive_1772205752362,28
car\data\drive_frames\1772210046386_95_35.png,95.0,35.0,drive_frames,drive_1772210046386,29
data\training_data\8152.png,85.0,1.0,csv,csv_000008152,16
data\training_data\4023.png,85.0,1.0,csv,csv_000004023,8
data\training_data\998.png,93.75,1.0,csv,csv_000000998,1
data\training_data\2871.png,85.0,1.0,csv,csv_000002871,5
data\training_data\6726.png,98.125,1.0,csv,csv_000006726,13
data\training_data\8023.png,67.5,0.0,csv,csv_000008023,16
data\training_data\10304.png,102.5,0.0,csv,csv_000010304,20
data\training_data\11128.png,89.375,1.0,csv,csv_000011128,22
data\training_data\9903.png,67.5,1.0,csv,csv_000009903,19
data\training_data\8882.png,106.875,1.0,csv,csv_000008882,17
car\data\drive_frames\1773148038198_120_35.png,120.0,35.0,drive_frames,drive_1773148038198,31
data\training_data\8234.png,93.75,0.0,csv,csv_000008234,16
data\training_data\10243.png,58.75,1.0,csv,csv_000010243,20
data\training_data\11130.png,85.0,1.0,csv,csv_000011130,22
car\data\drive_frames\1773066155616_50_35.png,50.0,35.0,drive_frames,drive_1773066155616,29
data\training_data\10426.png,89.375,0.0,csv,csv_000010426,20
data\training_data\5271.png,85.0,1.0,csv,csv_000005271,10
data\training_data\10238.png,98.125,1.0,csv,csv_000010238,20
car\data\drive_frames\1773147947447_110_35.png,110.0,35.0,drive_frames,drive_1773147947447,31
data\training_data\6813.png,67.5,1.0,csv,csv_000006813,13
car\data\drive_frames\1773066089431_100_35.png,100.0,35.0,drive_frames,drive_1773066089431,29
data\training_data\3934.png,63.125,1.0,csv,csv_000003934,7
data\training_data\8672.png,85.0,1.0,csv,csv_000008672,17
data\training_data\2872.png,98.125,0.0,csv,csv_000002872,5
car\data\drive_frames\1773147931937_95_35.png,95.0,35.0,drive_frames,drive_1773147931937,31
data\training_data\14043.png,85.0,1.0,csv,csv_000014043,28
car\data\drive_frames\1773065767902_85_35.png,85.0,35.0,drive_frames,drive_1773065767902,29
data\training_data\4052.png,85.0,1.0,csv,csv_000004052,8
data\training_data\12787.png,115.625,1.0,csv,csv_000012787,25
data\training_data\8644.png,85.0,1.0,csv,csv_000008644,17
data\training_data\683.png,63.125,1.0,csv,csv_000000683,1
data\training_data\14139.png,106.875,0.0,csv,csv_000014139,28
data\training_data\7100.png,85.0,1.0,csv,csv_000007100,14
data\training_data\10168.png,98.125,1.0,csv,csv_000010168,20
data\training_data\1172.png,106.875,1.0,csv,csv_000001172,2
data\training_data\13484.png,89.375,1.0,csv,csv_000013484,26
data\training_data\13394.png,58.75,1.0,csv,csv_000013394,26
car\data\drive_frames\1773147944342_80_35.png,80.0,35.0,drive_frames,drive_1773147944342,31
data\training_data\2402.png,102.5,1.0,csv,csv_000002402,4
data\training_data\8131.png,93.75,1.0,csv,csv_000008131,16
data\training_data\4056.png,50.0,1.0,csv,csv_000004056,8
data\training_data\8775.png,102.5,1.0,csv,csv_000008775,17
data\training_data\2333.png,93.75,1.0,csv,csv_000002333,4
data\training_data\2881.png,102.5,1.0,csv,csv_000002881,5
data\training_data\11320.png,85.0,0.0,csv,csv_000011320,22
data\training_data\2301.png,54.375,1.0,csv,csv_000002301,4
data\training_data\8772.png,120.0,1.0,csv,csv_000008772,17
car\data\drive_frames\1773147974326_120_35.png,120.0,35.0,drive_frames,drive_1773147974326,31
data\training_data\11105.png,85.0,1.0,csv,csv_000011105,22
data\training_data\3961.png,102.5,0.0,csv,csv_000003961,7
data\training_data\11972.png,85.0,1.0,csv,csv_000011972,23
data\training_data\12764.png,85.0,1.0,csv,csv_000012764,25
data\training_data\11523.png,89.375,1.0,csv,csv_000011523,22
data\training_data\9002.png,106.875,1.0,csv,csv_000009002,17
data\training_data\11667.png,102.5,1.0,csv,csv_000011667,23
data\training_data\12588.png,85.0,0.0,csv,csv_000012588,25
data\training_data\9606.png,67.5,0.0,csv,csv_000009606,19
car\data\drive_frames\1773065821665_60_35.png,60.0,35.0,drive_frames,drive_1773065821665,29
data\training_data\6958.png,54.375,1.0,csv,csv_000006958,13
data\training_data\13385.png,85.0,0.0,csv,csv_000013385,26
data\training_data\2389.png,85.0,0.0,csv,csv_000002389,4
data\training_data\1252.png,85.0,0.0,csv,csv_000001252,2
data\training_data\2387.png,76.25,1.0,csv,csv_000002387,4
data\training_data\11630.png,89.375,1.0,csv,csv_000011630,23
data\training_data\14130.png,89.375,1.0,csv,csv_000014130,28
data\training_data\1161.png,54.375,1.0,csv,csv_000001161,2
car\data\drive_frames\1772210069167_120_35.png,120.0,35.0,drive_frames,drive_1772210069167,29
data\training_data\1083.png,93.75,1.0,csv,csv_000001083,2
data\training_data\5498.png,102.5,0.0,csv,csv_000005498,10
data\training_data\2577.png,98.125,0.0,csv,csv_000002577,5
data\training_data\8509.png,120.0,1.0,csv,csv_000008509,16
data\training_data\11328.png,85.0,0.0,csv,csv_000011328,22
data\training_data\9872.png,102.5,1.0,csv,csv_000009872,19
data\training_data\840.png,102.5,1.0,csv,csv_000000840,1
car\data\drive_frames\1772210080541_120_35.png,120.0,35.0,drive_frames,drive_1772210080541,29
data\training_data\11947.png,98.125,1.0,csv,csv_000011947,23
data\training_data\13094.png,80.625,1.0,csv,csv_000013094,26
data\training_data\1291.png,93.75,1.0,csv,csv_000001291,2
data\training_data\11104.png,63.125,1.0,csv,csv_000011104,22
data\training_data\1472.png,89.375,1.0,csv,csv_000001472,2
data\training_data\4364.png,115.625,0.0,csv,csv_000004364,8
data\training_data\3949.png,85.0,0.0,csv,csv_000003949,7
data\training_data\11215.png,89.375,1.0,csv,csv_000011215,22
data\training_data\5089.png,63.125,1.0,csv,csv_000005089,10
data\training_data\12918.png,93.75,1.0,csv,csv_000012918,25
data\training_data\582.png,80.625,1.0,csv,csv_000000582,1
data\training_data\5930.png,85.0,0.0,csv,csv_000005930,11
data\training_data\14171.png,120.0,0.0,csv,csv_000014171,28
data\training_data\8921.png,89.375,1.0,csv,csv_000008921,17
data\training_data\3823.png,102.5,1.0,csv,csv_000003823,7
data\training_data\11290.png,102.5,1.0,csv,csv_000011290,22
data\training_data\8290.png,106.875,1.0,csv,csv_000008290,16
data\training_data\6648.png,98.125,1.0,csv,csv_000006648,13
data\training_data\5367.png,63.125,1.0,csv,csv_000005367,10
data\training_data\11842.png,58.75,1.0,csv,csv_000011842,23
data\training_data\11513.png,58.75,1.0,csv,csv_000011513,22
data\training_data\6574.png,85.0,1.0,csv,csv_000006574,13
data\training_data\959.png,80.625,1.0,csv,csv_000000959,1
data\training_data\2370.png,93.75,1.0,csv,csv_000002370,4
data\training_data\14080.png,102.5,1.0,csv,csv_000014080,28
data\training_data\3796.png,85.0,0.0,csv,csv_000003796,7
data\training_data\10169.png,98.125,1.0,csv,csv_000010169,20
data\training_data\5418.png,54.375,1.0,csv,csv_000005418,10
data\training_data\8024.png,58.75,1.0,csv,csv_000008024,16
data\training_data\5550.png,85.0,0.0,csv,csv_000005550,11
data\training_data\4426.png,89.375,1.0,csv,csv_000004426,8
data\training_data\3938.png,85.0,1.0,csv,csv_000003938,7
data\training_data\5543.png,102.5,1.0,csv,csv_000005543,11
data\training_data\12545.png,111.25,1.0,csv,csv_000012545,25
data\training_data\14188.png,111.25,1.0,csv,csv_000014188,28
data\training_data\8240.png,85.0,1.0,csv,csv_000008240,16
data\training_data\10180.png,54.375,1.0,csv,csv_000010180,20
data\training_data\12907.png,98.125,1.0,csv,csv_000012907,25
car\data\drive_frames\1772205748227_55_35.png,55.0,35.0,drive_frames,drive_1772205748227,28
data\training_data\13200.png,85.0,0.0,csv,csv_000013200,26
data\training_data\11046.png,58.75,1.0,csv,csv_000011046,22
data\training_data\2629.png,67.5,1.0,csv,csv_000002629,5
data\training_data\11419.png,85.0,0.0,csv,csv_000011419,22
data\training_data\12889.png,98.125,1.0,csv,csv_000012889,25
data\training_data\3529.png,115.625,1.0,csv,csv_000003529,7
data\training_data\11293.png,80.625,1.0,csv,csv_000011293,22
data\training_data\11770.png,111.25,1.0,csv,csv_000011770,23
data\training_data\6721.png,89.375,1.0,csv,csv_000006721,13
data\training_data\3581.png,71.875,0.0,csv,csv_000003581,7
data\training_data\873.png,76.25,1.0,csv,csv_000000873,1
data\training_data\9902.png,93.75,1.0,csv,csv_000009902,19
data\training_data\9965.png,85.0,1.0,csv,csv_000009965,19
data\training_data\2430.png,98.125,1.0,csv,csv_000002430,4
data\training_data\9020.png,85.0,0.0,csv,csv_000009020,17
data\training_data\4404.png,89.375,1.0,csv,csv_000004404,8
car\data\drive_frames\1772209979073_85_35.png,85.0,35.0,drive_frames,drive_1772209979073,28
data\training_data\11760.png,50.0,1.0,csv,csv_000011760,23
data\training_data\6949.png,85.0,0.0,csv,csv_000006949,13
data\training_data\6588.png,85.0,0.0,csv,csv_000006588,13
data\training_data\12724.png,85.0,1.0,csv,csv_000012724,25
data\training_data\11111.png,80.625,0.0,csv,csv_000011111,22
data\training_data\5664.png,85.0,1.0,csv,csv_000005664,11
data\training_data\12561.png,85.0,1.0,csv,csv_000012561,25
data\training_data\1464.png,58.75,1.0,csv,csv_000001464,2
data\training_data\11297.png,89.375,1.0,csv,csv_000011297,22
data\training_data\10221.png,89.375,1.0,csv,csv_000010221,20
data\training_data\6918.png,85.0,0.0,csv,csv_000006918,13
data\training_data\9581.png,54.375,1.0,csv,csv_000009581,19
data\training_data\11032.png,89.375,1.0,csv,csv_000011032,22
data\training_data\14301.png,80.625,1.0,csv,csv_000014301,28
car\data\drive_frames\1773065774102_60_35.png,60.0,35.0,drive_frames,drive_1773065774102,29
data\training_data\10263.png,89.375,1.0,csv,csv_000010263,20
data\training_data\9851.png,85.0,1.0,csv,csv_000009851,19
data\training_data\11864.png,106.875,1.0,csv,csv_000011864,23
data\training_data\5549.png,85.0,1.0,csv,csv_000005549,11
data\training_data\3832.png,85.0,1.0,csv,csv_000003832,7
data\training_data\5373.png,63.125,1.0,csv,csv_000005373,10
data\training_data\4328.png,85.0,0.0,csv,csv_000004328,8
data\training_data\1429.png,120.0,0.0,csv,csv_000001429,2
data\training_data\8597.png,85.0,0.0,csv,csv_000008597,17
data\training_data\971.png,98.125,1.0,csv,csv_000000971,1
data\training_data\912.png,89.375,1.0,csv,csv_000000912,1
data\training_data\13143.png,98.125,1.0,csv,csv_000013143,26
data\training_data\10210.png,102.5,1.0,csv,csv_000010210,20
data\training_data\2551.png,98.125,1.0,csv,csv_000002551,5
car\data\drive_frames\1773066136993_80_35.png,80.0,35.0,drive_frames,drive_1773066136993,29
data\training_data\2506.png,89.375,0.0,csv,csv_000002506,4
data\training_data\4004.png,71.875,1.0,csv,csv_000004004,7
car\data\drive_frames\1773065860034_50_35.png,50.0,35.0,drive_frames,drive_1773065860034,29
data\training_data\2985.png,106.875,1.0,csv,csv_000002985,5
data\training_data\11437.png,111.25,1.0,csv,csv_000011437,22
data\training_data\8470.png,85.0,0.0,csv,csv_000008470,16
data\training_data\12600.png,80.625,1.0,csv,csv_000012600,25
car\data\drive_frames\1773148052676_125_35.png,120.0,35.0,drive_frames,drive_1773148052676,31
data\training_data\7358.png,80.625,1.0,csv,csv_000007358,14
data\training_data\14141.png,106.875,1.0,csv,csv_000014141,28
data\training_data\8490.png,98.125,1.0,csv,csv_000008490,16
data\training_data\7177.png,102.5,1.0,csv,csv_000007177,14
car\data\drive_frames\1773065682756_70_35.png,70.0,35.0,drive_frames,drive_1773065682756,29
data\training_data\635.png,80.625,1.0,csv,csv_000000635,1
data\training_data\14348.png,106.875,1.0,csv,csv_000014348,28
data\training_data\8965.png,98.125,0.0,csv,csv_000008965,17
data\training_data\11536.png,80.625,1.0,csv,csv_000011536,23
data\training_data\3598.png,106.875,1.0,csv,csv_000003598,7
data\training_data\3560.png,111.25,1.0,csv,csv_000003560,7
data\training_data\5883.png,89.375,1.0,csv,csv_000005883,11
data\training_data\7206.png,71.875,0.0,csv,csv_000007206,14
data\training_data\13312.png,58.75,1.0,csv,csv_000013312,26
data\training_data\12943.png,85.0,0.0,csv,csv_000012943,25
data\training_data\7067.png,54.375,1.0,csv,csv_000007067,14
data\training_data\8937.png,85.0,1.0,csv,csv_000008937,17
data\training_data\2916.png,89.375,1.0,csv,csv_000002916,5
data\training_data\8480.png,85.0,1.0,csv,csv_000008480,16
data\training_data\11626.png,98.125,1.0,csv,csv_000011626,23
data\training_data\11313.png,93.75,1.0,csv,csv_000011313,22
data\training_data\8753.png,102.5,0.0,csv,csv_000008753,17
data\training_data\2605.png,76.25,1.0,csv,csv_000002605,5
car\data\drive_frames\1772210075372_85_35.png,85.0,35.0,drive_frames,drive_1772210075372,29
data\training_data\622.png,98.125,1.0,csv,csv_000000622,1
data\training_data\13383.png,80.625,1.0,csv,csv_000013383,26
data\training_data\8994.png,85.0,0.0,csv,csv_000008994,17
data\training_data\3582.png,106.875,1.0,csv,csv_000003582,7
data\training_data\7020.png,111.25,1.0,csv,csv_000007020,13
data\training_data\5354.png,58.75,1.0,csv,csv_000005354,10
data\training_data\9664.png,102.5,1.0,csv,csv_000009664,19
data\training_data\4247.png,98.125,1.0,csv,csv_000004247,8
data\training_data\9821.png,106.875,1.0,csv,csv_000009821,19
data\training_data\5045.png,106.875,0.0,csv,csv_000005045,10
data\training_data\12848.png,98.125,1.0,csv,csv_000012848,25
car\data\drive_frames\1772205716186_90_35.png,90.0,35.0,drive_frames,drive_1772205716186,28
data\training_data\2027.png,50.0,1.0,csv,csv_000002027,4
data\training_data\852.png,85.0,1.0,csv,csv_000000852,1
data\training_data\10344.png,58.75,1.0,csv,csv_000010344,20
data\training_data\8292.png,85.0,1.0,csv,csv_000008292,16
data\training_data\8781.png,98.125,1.0,csv,csv_000008781,17
data\training_data\8622.png,85.0,0.0,csv,csv_000008622,17
data\training_data\7469.png,93.75,1.0,csv,csv_000007469,14
data\training_data\3008.png,63.125,1.0,csv,csv_000003008,5
data\training_data\11476.png,80.625,1.0,csv,csv_000011476,22
data\training_data\3659.png,85.0,0.0,csv,csv_000003659,7
data\training_data\4464.png,80.625,1.0,csv,csv_000004464,8
data\training_data\2868.png,85.0,0.0,csv,csv_000002868,5
data\training_data\1367.png,85.0,1.0,csv,csv_000001367,2
data\training_data\2411.png,85.0,1.0,csv,csv_000002411,4
data\training_data\2064.png,98.125,1.0,csv,csv_000002064,4
car\data\drive_frames\1773147810598_90_35.png,90.0,35.0,drive_frames,drive_1773147810598,31
data\training_data\10109.png,85.0,1.0,csv,csv_000010109,20
data\training_data\9885.png,85.0,1.0,csv,csv_000009885,19
data\training_data\11098.png,98.125,1.0,csv,csv_000011098,22
car\data\drive_frames\1773147827376_125_35.png,120.0,35.0,drive_frames,drive_1773147827376,31
data\training_data\7401.png,85.0,1.0,csv,csv_000007401,14
data\training_data\9801.png,98.125,1.0,csv,csv_000009801,19
car\data\drive_frames\1773147787819_85_35.png,85.0,35.0,drive_frames,drive_1773147787819,31
data\training_data\10334.png,102.5,0.0,csv,csv_000010334,20
data\training_data\7181.png,106.875,1.0,csv,csv_000007181,14
data\training_data\10491.png,85.0,1.0,csv,csv_000010491,20
data\training_data\4245.png,76.25,0.0,csv,csv_000004245,8
data\training_data\2016.png,85.0,0.0,csv,csv_000002016,4
data\training_data\6822.png,106.875,1.0,csv,csv_000006822,13
data\training_data\8277.png,93.75,0.0,csv,csv_000008277,16
data\training_data\2539.png,98.125,1.0,csv,csv_000002539,5
data\training_data\2317.png,106.875,1.0,csv,csv_000002317,4
data\training_data\7492.png,58.75,1.0,csv,csv_000007492,14
data\training_data\12613.png,106.875,1.0,csv,csv_000012613,25
data\training_data\2157.png,80.625,1.0,csv,csv_000002157,4
data\training_data\13121.png,93.75,1.0,csv,csv_000013121,26
car\data\drive_frames\1773147925702_100_35.png,100.0,35.0,drive_frames,drive_1773147925702,31
data\training_data\8229.png,106.875,1.0,csv,csv_000008229,16
data\training_data\4440.png,102.5,1.0,csv,csv_000004440,8
data\training_data\736.png,80.625,1.0,csv,csv_000000736,1
data\training_data\5755.png,58.75,1.0,csv,csv_000005755,11
data\training_data\13309.png,106.875,1.0,csv,csv_000013309,26
car\data\drive_frames\1773147869801_90_35.png,90.0,35.0,drive_frames,drive_1773147869801,31
data\training_data\3580.png,89.375,1.0,csv,csv_000003580,7
data\training_data\8568.png,85.0,1.0,csv,csv_000008568,17
data\training_data\5683.png,98.125,1.0,csv,csv_000005683,11
data\training_data\14417.png,93.75,1.0,csv,csv_000014417,28
data\training_data\7434.png,89.375,1.0,csv,csv_000007434,14
data\training_data\13015.png,102.5,1.0,csv,csv_000013015,25
data\training_data\4457.png,63.125,1.0,csv,csv_000004457,8
data\training_data\9833.png,80.625,1.0,csv,csv_000009833,19
data\training_data\5950.png,85.0,1.0,csv,csv_000005950,11
car\data\drive_frames\1773147812666_95_35.png,95.0,35.0,drive_frames,drive_1773147812666,31
data\training_data\7479.png,106.875,1.0,csv,csv_000007479,14
data\training_data\1111.png,89.375,1.0,csv,csv_000001111,2
data\training_data\564.png,106.875,1.0,csv,csv_000000564,1
data\training_data\13431.png,106.875,1.0,csv,csv_000013431,26
car\data\drive_frames\1773066159752_100_35.png,100.0,35.0,drive_frames,drive_1773066159752,29
data\training_data\8076.png,102.5,1.0,csv,csv_000008076,16
data\training_data\11400.png,93.75,1.0,csv,csv_000011400,22
data\training_data\2283.png,58.75,1.0,csv,csv_000002283,4
data\training_data\4043.png,89.375,1.0,csv,csv_000004043,8
car\data\drive_frames\1773065742719_60_35.png,60.0,35.0,drive_frames,drive_1773065742719,29
data\training_data\11403.png,115.625,1.0,csv,csv_000011403,22
data\training_data\8456.png,102.5,0.0,csv,csv_000008456,16
data\training_data\7160.png,80.625,1.0,csv,csv_000007160,14
car\data\drive_frames\1773148028893_85_35.png,85.0,35.0,drive_frames,drive_1773148028893,31
data\training_data\8517.png,120.0,0.0,csv,csv_000008517,16
data\training_data\5904.png,85.0,1.0,csv,csv_000005904,11
data\training_data\8067.png,85.0,0.0,csv,csv_000008067,16
data\training_data\11269.png,106.875,0.0,csv,csv_000011269,22
data\training_data\3785.png,85.0,0.0,csv,csv_000003785,7
data\training_data\2326.png,54.375,1.0,csv,csv_000002326,4
data\training_data\7311.png,93.75,1.0,csv,csv_000007311,14
data\training_data\4317.png,85.0,1.0,csv,csv_000004317,8
data\training_data\13323.png,85.0,1.0,csv,csv_000013323,26
data\training_data\6716.png,58.75,1.0,csv,csv_000006716,13
data\training_data\11569.png,93.75,1.0,csv,csv_000011569,23
data\training_data\888.png,85.0,1.0,csv,csv_000000888,1
data\training_data\4184.png,89.375,1.0,csv,csv_000004184,8
data\training_data\4027.png,85.0,1.0,csv,csv_000004027,8
data\training_data\10057.png,98.125,1.0,csv,csv_000010057,20
data\training_data\8461.png,67.5,1.0,csv,csv_000008461,16
car\data\drive_frames\1772210021569_85_35.png,85.0,35.0,drive_frames,drive_1772210021569,29
data\training_data\8931.png,89.375,1.0,csv,csv_000008931,17
data\training_data\871.png,54.375,1.0,csv,csv_000000871,1
data\training_data\11489.png,58.75,1.0,csv,csv_000011489,22
data\training_data\12543.png,111.25,1.0,csv,csv_000012543,25
data\training_data\536.png,89.375,1.0,csv,csv_000000536,1
data\training_data\4425.png,93.75,0.0,csv,csv_000004425,8
data\training_data\14396.png,63.125,1.0,csv,csv_000014396,28
data\training_data\4096.png,93.75,0.0,csv,csv_000004096,8
data\training_data\3658.png,102.5,1.0,csv,csv_000003658,7
data\training_data\5957.png,85.0,0.0,csv,csv_000005957,11
data\training_data\13489.png,54.375,1.0,csv,csv_000013489,26
data\training_data\9893.png,102.5,1.0,csv,csv_000009893,19
data\training_data\13108.png,80.625,1.0,csv,csv_000013108,26
data\training_data\7414.png,63.125,1.0,csv,csv_000007414,14
data\training_data\8947.png,85.0,0.0,csv,csv_000008947,17
data\training_data\11200.png,85.0,1.0,csv,csv_000011200,22
data\training_data\4220.png,54.375,1.0,csv,csv_000004220,8
data\training_data\6580.png,67.5,1.0,csv,csv_000006580,13
car\data\drive_frames\1773066062499_55_35.png,55.0,35.0,drive_frames,drive_1773066062499,29
data\training_data\2728.png,89.375,1.0,csv,csv_000002728,5
data\training_data\14187.png,58.75,0.0,csv,csv_000014187,28
data\training_data\5587.png,85.0,1.0,csv,csv_000005587,11
data\training_data\11557.png,111.25,1.0,csv,csv_000011557,23
data\training_data\9943.png,120.0,0.0,csv,csv_000009943,19
data\training_data\8397.png,85.0,0.0,csv,csv_000008397,16
car\data\drive_frames\1773147754733_115_35.png,115.0,35.0,drive_frames,drive_1773147754733,31
data\training_data\2309.png,106.875,1.0,csv,csv_000002309,4
data\training_data\5184.png,76.25,1.0,csv,csv_000005184,10
data\training_data\2810.png,98.125,0.0,csv,csv_000002810,5
data\training_data\12662.png,89.375,1.0,csv,csv_000012662,25
car\data\drive_frames\1772209955293_100_35.png,100.0,35.0,drive_frames,drive_1772209955293,28
data\training_data\6819.png,76.25,1.0,csv,csv_000006819,13
data\training_data\9721.png,85.0,1.0,csv,csv_000009721,19
data\training_data\3770.png,98.125,1.0,csv,csv_000003770,7
data\training_data\6011.png,85.0,1.0,csv,csv_000006011,11
data\training_data\11263.png,85.0,1.0,csv,csv_000011263,22
data\training_data\12766.png,102.5,1.0,csv,csv_000012766,25
data\training_data\8976.png,98.125,1.0,csv,csv_000008976,17
data\training_data\3009.png,71.875,1.0,csv,csv_000003009,5
data\training_data\12609.png,58.75,0.0,csv,csv_000012609,25
data\training_data\6953.png,89.375,1.0,csv,csv_000006953,13
data\training_data\2251.png,85.0,0.0,csv,csv_000002251,4
data\training_data\5864.png,85.0,1.0,csv,csv_000005864,11
data\training_data\2909.png,85.0,0.0,csv,csv_000002909,5
data\training_data\14099.png,115.625,0.0,csv,csv_000014099,28
data\training_data\7320.png,85.0,1.0,csv,csv_000007320,14
data\training_data\7131.png,106.875,1.0,csv,csv_000007131,14
car\data\drive_frames\1773147808529_95_35.png,95.0,35.0,drive_frames,drive_1773147808529,31
data\training_data\2436.png,111.25,1.0,csv,csv_000002436,4
data\training_data\10065.png,63.125,0.0,csv,csv_000010065,20
data\training_data\2081.png,85.0,1.0,csv,csv_000002081,4
data\training_data\2182.png,67.5,1.0,csv,csv_000002182,4
data\training_data\11084.png,85.0,1.0,csv,csv_000011084,22
data\training_data\5235.png,85.0,0.0,csv,csv_000005235,10
data\training_data\665.png,102.5,1.0,csv,csv_000000665,1
data\training_data\979.png,85.0,1.0,csv,csv_000000979,1
data\training_data\1404.png,120.0,0.0,csv,csv_000001404,2
data\training_data\2860.png,85.0,1.0,csv,csv_000002860,5
data\training_data\2162.png,58.75,0.0,csv,csv_000002162,4
data\training_data\14322.png,115.625,1.0,csv,csv_000014322,28
data\training_data\6906.png,85.0,0.0,csv,csv_000006906,13
data\training_data\4104.png,63.125,1.0,csv,csv_000004104,8
data\training_data\11637.png,67.5,1.0,csv,csv_000011637,23
data\training_data\6731.png,85.0,1.0,csv,csv_000006731,13
data\training_data\2820.png,93.75,1.0,csv,csv_000002820,5
data\training_data\6660.png,58.75,1.0,csv,csv_000006660,13
data\training_data\14189.png,89.375,1.0,csv,csv_000014189,28
data\training_data\5270.png,67.5,1.0,csv,csv_000005270,10
data\training_data\12865.png,63.125,1.0,csv,csv_000012865,25
data\training_data\2438.png,98.125,1.0,csv,csv_000002438,4
data\training_data\4484.png,58.75,1.0,csv,csv_000004484,8
data\training_data\13272.png,80.625,1.0,csv,csv_000013272,26
data\training_data\12677.png,85.0,0.0,csv,csv_000012677,25
data\training_data\7308.png,106.875,1.0,csv,csv_000007308,14
car\data\drive_frames\1773066022165_90_0.png,90.0,0.0,drive_frames,drive_1773066022165,29
data\training_data\10112.png,120.0,0.0,csv,csv_000010112,20
data\training_data\6717.png,89.375,1.0,csv,csv_000006717,13
data\training_data\2619.png,102.5,0.0,csv,csv_000002619,5
data\training_data\11738.png,98.125,1.0,csv,csv_000011738,23
car\data\drive_frames\1773147934005_110_35.png,110.0,35.0,drive_frames,drive_1773147934005,31
data\training_data\7261.png,102.5,0.0,csv,csv_000007261,14
car\data\drive_frames\1773065697227_90_35.png,90.0,35.0,drive_frames,drive_1773065697227,29
data\training_data\11567.png,102.5,1.0,csv,csv_000011567,23
data\training_data\14044.png,98.125,0.0,csv,csv_000014044,28
data\training_data\661.png,98.125,1.0,csv,csv_000000661,1
data\training_data\1166.png,93.75,1.0,csv,csv_000001166,2
data\training_data\9981.png,85.0,1.0,csv,csv_000009981,19
data\training_data\10125.png,102.5,1.0,csv,csv_000010125,20
data\training_data\13449.png,85.0,0.0,csv,csv_000013449,26
data\training_data\12814.png,85.0,1.0,csv,csv_000012814,25
car\data\drive_frames\1772210016401_125_35.png,120.0,35.0,drive_frames,drive_1772210016401,29
data\training_data\1349.png,63.125,1.0,csv,csv_000001349,2
data\training_data\3641.png,89.375,1.0,csv,csv_000003641,7
data\training_data\6935.png,67.5,1.0,csv,csv_000006935,13
data\training_data\906.png,98.125,1.0,csv,csv_000000906,1
car\data\drive_frames\1773065727209_90_35.png,90.0,35.0,drive_frames,drive_1773065727209,29
data\training_data\5590.png,85.0,1.0,csv,csv_000005590,11
data\training_data\3923.png,80.625,0.0,csv,csv_000003923,7
car\data\drive_frames\1772205721352_65_35.png,65.0,35.0,drive_frames,drive_1772205721352,28
data\training_data\8036.png,89.375,1.0,csv,csv_000008036,16
data\training_data\12740.png,58.75,0.0,csv,csv_000012740,25
data\training_data\4321.png,98.125,1.0,csv,csv_000004321,8
data\training_data\14053.png,98.125,0.0,csv,csv_000014053,28
data\training_data\7413.png,102.5,1.0,csv,csv_000007413,14
data\training_data\12781.png,89.375,1.0,csv,csv_000012781,25
data\training_data\5073.png,54.375,1.0,csv,csv_000005073,10
car\data\drive_frames\1773147818067_100_35.png,100.0,35.0,drive_frames,drive_1773147818067,31
data\training_data\8362.png,80.625,1.0,csv,csv_000008362,16
data\training_data\10350.png,89.375,1.0,csv,csv_000010350,20
data\training_data\697.png,89.375,1.0,csv,csv_000000697,1
data\training_data\2269.png,102.5,1.0,csv,csv_000002269,4
data\training_data\12611.png,80.625,0.0,csv,csv_000012611,25
data\training_data\12738.png,85.0,1.0,csv,csv_000012738,25
data\training_data\10399.png,102.5,1.0,csv,csv_000010399,20
data\training_data\2443.png,85.0,0.0,csv,csv_000002443,4
data\training_data\913.png,85.0,1.0,csv,csv_000000913,1
data\training_data\993.png,63.125,1.0,csv,csv_000000993,1
data\training_data\8343.png,102.5,1.0,csv,csv_000008343,16
data\training_data\8810.png,58.75,1.0,csv,csv_000008810,17
data\training_data\5666.png,111.25,1.0,csv,csv_000005666,11
data\training_data\12803.png,106.875,1.0,csv,csv_000012803,25
data\training_data\5458.png,76.25,1.0,csv,csv_000005458,10
data\training_data\13070.png,106.875,1.0,csv,csv_000013070,26
data\training_data\13042.png,63.125,1.0,csv,csv_000013042,26
data\training_data\12695.png,50.0,1.0,csv,csv_000012695,25
data\training_data\2124.png,76.25,1.0,csv,csv_000002124,4
data\training_data\12704.png,85.0,1.0,csv,csv_000012704,25
data\training_data\10184.png,102.5,1.0,csv,csv_000010184,20
data\training_data\551.png,115.625,1.0,csv,csv_000000551,1
data\training_data\8477.png,71.875,1.0,csv,csv_000008477,16
data\training_data\4121.png,85.0,0.0,csv,csv_000004121,8
data\training_data\2433.png,106.875,1.0,csv,csv_000002433,4
data\training_data\813.png,111.25,0.0,csv,csv_000000813,1
data\training_data\6987.png,63.125,1.0,csv,csv_000006987,13
data\training_data\8927.png,80.625,0.0,csv,csv_000008927,17
data\training_data\11041.png,80.625,1.0,csv,csv_000011041,22
data\training_data\7495.png,98.125,1.0,csv,csv_000007495,14
data\training_data\2338.png,89.375,1.0,csv,csv_000002338,4
data\training_data\3621.png,85.0,1.0,csv,csv_000003621,7
data\training_data\1290.png,58.75,1.0,csv,csv_000001290,2
data\training_data\9917.png,71.875,1.0,csv,csv_000009917,19
data\training_data\1236.png,106.875,1.0,csv,csv_000001236,2
data\training_data\6820.png,85.0,1.0,csv,csv_000006820,13
data\training_data\4000.png,89.375,1.0,csv,csv_000004000,7
data\training_data\14313.png,89.375,1.0,csv,csv_000014313,28
data\training_data\9578.png,102.5,1.0,csv,csv_000009578,19
data\training_data\604.png,80.625,1.0,csv,csv_000000604,1
data\training_data\10342.png,80.625,1.0,csv,csv_000010342,20
data\training_data\13019.png,80.625,1.0,csv,csv_000013019,25
data\training_data\10428.png,85.0,1.0,csv,csv_000010428,20
data\training_data\11159.png,89.375,1.0,csv,csv_000011159,22
data\training_data\11142.png,76.25,1.0,csv,csv_000011142,22
data\training_data\5932.png,85.0,0.0,csv,csv_000005932,11
data\training_data\5954.png,120.0,0.0,csv,csv_000005954,11
data\training_data\7440.png,76.25,1.0,csv,csv_000007440,14
data\training_data\8747.png,58.75,1.0,csv,csv_000008747,17
data\training_data\5157.png,93.75,1.0,csv,csv_000005157,10
data\training_data\3913.png,111.25,1.0,csv,csv_000003913,7
data\training_data\11635.png,71.875,1.0,csv,csv_000011635,23
data\training_data\8134.png,85.0,0.0,csv,csv_000008134,16
data\training_data\5739.png,85.0,1.0,csv,csv_000005739,11
data\training_data\5127.png,80.625,1.0,csv,csv_000005127,10
data\training_data\2286.png,106.875,1.0,csv,csv_000002286,4
data\training_data\4156.png,102.5,0.0,csv,csv_000004156,8
data\training_data\12837.png,98.125,1.0,csv,csv_000012837,25
data\training_data\8384.png,93.75,1.0,csv,csv_000008384,16
data\training_data\1130.png,85.0,1.0,csv,csv_000001130,2
data\training_data\8321.png,85.0,0.0,csv,csv_000008321,16
data\training_data\13461.png,67.5,1.0,csv,csv_000013461,26
data\training_data\12009.png,85.0,1.0,csv,csv_000012009,23
data\training_data\8192.png,93.75,1.0,csv,csv_000008192,16
data\training_data\7288.png,67.5,1.0,csv,csv_000007288,14
data\training_data\2756.png,58.75,1.0,csv,csv_000002756,5
data\training_data\5657.png,85.0,1.0,csv,csv_000005657,11
data\training_data\4516.png,102.5,1.0,csv,csv_000004516,8
data\training_data\8929.png,85.0,1.0,csv,csv_000008929,17
data\training_data\8271.png,89.375,1.0,csv,csv_000008271,16
data\training_data\1306.png,89.375,1.0,csv,csv_000001306,2
data\training_data\8888.png,80.625,1.0,csv,csv_000008888,17
data\training_data\8032.png,98.125,1.0,csv,csv_000008032,16
data\training_data\11657.png,58.75,1.0,csv,csv_000011657,23
data\training_data\11564.png,54.375,1.0,csv,csv_000011564,23
data\training_data\2465.png,106.875,1.0,csv,csv_000002465,4
data\training_data\2840.png,89.375,0.0,csv,csv_000002840,5
data\training_data\4354.png,85.0,1.0,csv,csv_000004354,8
car\data\drive_frames\1773066037675_55_35.png,55.0,35.0,drive_frames,drive_1773066037675,29
data\training_data\5602.png,98.125,1.0,csv,csv_000005602,11
data\training_data\13057.png,85.0,0.0,csv,csv_000013057,26
car\data\drive_frames\1773148057845_95_35.png,95.0,35.0,drive_frames,drive_1773148057845,31
data\training_data\14118.png,80.625,1.0,csv,csv_000014118,28
data\training_data\10091.png,89.375,1.0,csv,csv_000010091,20
data\training_data\9000.png,89.375,1.0,csv,csv_000009000,17
data\training_data\8444.png,63.125,1.0,csv,csv_000008444,16
data\training_data\14072.png,102.5,1.0,csv,csv_000014072,28
data\training_data\8416.png,58.75,1.0,csv,csv_000008416,16
car\data\drive_frames\1772209953226_120_35.png,120.0,35.0,drive_frames,drive_1772209953226,28
data\training_data\13430.png,85.0,1.0,csv,csv_000013430,26
data\training_data\12864.png,85.0,0.0,csv,csv_000012864,25
data\training_data\1047.png,93.75,1.0,csv,csv_000001047,2
data\training_data\12735.png,67.5,0.0,csv,csv_000012735,25
car\data\drive_frames\1773066073912_60_35.png,60.0,35.0,drive_frames,drive_1773066073912,29
data\training_data\11592.png,54.375,1.0,csv,csv_000011592,23
data\training_data\10383.png,80.625,1.0,csv,csv_000010383,20
data\training_data\1503.png,71.875,1.0,csv,csv_000001503,2
data\training_data\3630.png,85.0,1.0,csv,csv_000003630,7
data\training_data\14069.png,102.5,1.0,csv,csv_000014069,28
data\training_data\2216.png,85.0,0.0,csv,csv_000002216,4
data\training_data\685.png,76.25,1.0,csv,csv_000000685,1
data\training_data\13528.png,58.75,1.0,csv,csv_000013528,26
data\training_data\4212.png,93.75,1.0,csv,csv_000004212,8
data\training_data\5202.png,50.0,0.0,csv,csv_000005202,10
data\training_data\5939.png,93.75,0.0,csv,csv_000005939,11
data\training_data\8602.png,80.625,0.0,csv,csv_000008602,17
car\data\drive_frames\1773147910122_120_35.png,120.0,35.0,drive_frames,drive_1773147910122,31
data\training_data\6891.png,58.75,1.0,csv,csv_000006891,13
data\training_data\11699.png,102.5,1.0,csv,csv_000011699,23
data\training_data\1036.png,85.0,1.0,csv,csv_000001036,2
data\training_data\11423.png,85.0,1.0,csv,csv_000011423,22
data\training_data\13467.png,89.375,1.0,csv,csv_000013467,26
data\training_data\5610.png,85.0,1.0,csv,csv_000005610,11
data\training_data\5628.png,80.625,1.0,csv,csv_000005628,11
car\data\drive_frames\1773145063947_90_0.png,90.0,0.0,drive_frames,drive_1773145063947,29
data\training_data\11718.png,106.875,1.0,csv,csv_000011718,23
data\training_data\10493.png,89.375,0.0,csv,csv_000010493,20
data\training_data\11154.png,85.0,0.0,csv,csv_000011154,22
data\training_data\8074.png,102.5,1.0,csv,csv_000008074,16
data\training_data\11829.png,115.625,0.0,csv,csv_000011829,23
data\training_data\765.png,102.5,1.0,csv,csv_000000765,1
data\training_data\12756.png,85.0,1.0,csv,csv_000012756,25
data\training_data\5238.png,54.375,1.0,csv,csv_000005238,10
data\training_data\7112.png,102.5,1.0,csv,csv_000007112,14
data\training_data\9846.png,85.0,1.0,csv,csv_000009846,19
data\training_data\7404.png,58.75,1.0,csv,csv_000007404,14
data\training_data\9751.png,67.5,0.0,csv,csv_000009751,19
data\training_data\11752.png,115.625,1.0,csv,csv_000011752,23
data\training_data\8923.png,106.875,1.0,csv,csv_000008923,17
data\training_data\14296.png,85.0,1.0,csv,csv_000014296,28
data\training_data\5463.png,115.625,1.0,csv,csv_000005463,10
data\training_data\5669.png,80.625,1.0,csv,csv_000005669,11
data\training_data\3684.png,85.0,1.0,csv,csv_000003684,7
data\training_data\11177.png,85.0,1.0,csv,csv_000011177,22
data\training_data\992.png,85.0,1.0,csv,csv_000000992,1
data\training_data\2468.png,89.375,0.0,csv,csv_000002468,4
data\training_data\13106.png,85.0,1.0,csv,csv_000013106,26
data\training_data\7461.png,80.625,1.0,csv,csv_000007461,14
data\training_data\589.png,89.375,1.0,csv,csv_000000589,1
data\training_data\11698.png,85.0,0.0,csv,csv_000011698,23
data\training_data\8906.png,85.0,1.0,csv,csv_000008906,17
data\training_data\6793.png,89.375,1.0,csv,csv_000006793,13
car\data\drive_frames\1773065736514_85_35.png,85.0,35.0,drive_frames,drive_1773065736514,29
data\training_data\4173.png,89.375,1.0,csv,csv_000004173,8
data\training_data\1174.png,102.5,1.0,csv,csv_000001174,2
data\training_data\2232.png,106.875,1.0,csv,csv_000002232,4
data\training_data\14404.png,58.75,1.0,csv,csv_000014404,28
data\training_data\1423.png,80.625,1.0,csv,csv_000001423,2
data\training_data\6825.png,85.0,1.0,csv,csv_000006825,13
data\training_data\3955.png,67.5,1.0,csv,csv_000003955,7
data\training_data\2744.png,58.75,1.0,csv,csv_000002744,5
data\training_data\11420.png,58.75,1.0,csv,csv_000011420,22
data\training_data\5726.png,85.0,1.0,csv,csv_000005726,11
data\training_data\9572.png,106.875,1.0,csv,csv_000009572,19
data\training_data\4490.png,89.375,1.0,csv,csv_000004490,8
data\training_data\5525.png,85.0,1.0,csv,csv_000005525,11
data\training_data\6760.png,80.625,1.0,csv,csv_000006760,13
data\training_data\2633.png,89.375,1.0,csv,csv_000002633,5
data\training_data\3011.png,102.5,0.0,csv,csv_000003011,5
data\training_data\12709.png,102.5,1.0,csv,csv_000012709,25
data\training_data\2024.png,63.125,1.0,csv,csv_000002024,4
data\training_data\2015.png,67.5,1.0,csv,csv_000002015,4
data\training_data\2802.png,85.0,1.0,csv,csv_000002802,5
data\training_data\4289.png,102.5,1.0,csv,csv_000004289,8
data\training_data\5229.png,93.75,1.0,csv,csv_000005229,10
data\training_data\3928.png,85.0,1.0,csv,csv_000003928,7
data\training_data\8740.png,50.0,0.0,csv,csv_000008740,17
data\training_data\8913.png,98.125,1.0,csv,csv_000008913,17
data\training_data\2709.png,98.125,1.0,csv,csv_000002709,5
data\training_data\2311.png,102.5,1.0,csv,csv_000002311,4
data\training_data\5647.png,85.0,1.0,csv,csv_000005647,11
data\training_data\8526.png,85.0,1.0,csv,csv_000008526,17
data\training_data\6569.png,102.5,1.0,csv,csv_000006569,13
data\training_data\12015.png,85.0,1.0,csv,csv_000012015,23
data\training_data\6670.png,106.875,1.0,csv,csv_000006670,13
data\training_data\11276.png,102.5,1.0,csv,csv_000011276,22
car\data\drive_frames\1773065728245_90_35.png,90.0,35.0,drive_frames,drive_1773065728245,29
data\training_data\9934.png,58.75,1.0,csv,csv_000009934,19
data\training_data\7366.png,85.0,0.0,csv,csv_000007366,14
data\training_data\10157.png,85.0,1.0,csv,csv_000010157,20
car\data\drive_frames\1772205750295_60_35.png,60.0,35.0,drive_frames,drive_1772205750295,28
car\data\drive_frames\1773147935038_110_35.png,110.0,35.0,drive_frames,drive_1773147935038,31
data\training_data\7263.png,106.875,1.0,csv,csv_000007263,14
data\training_data\8359.png,106.875,1.0,csv,csv_000008359,16
data\training_data\3620.png,58.75,1.0,csv,csv_000003620,7
data\training_data\1173.png,102.5,1.0,csv,csv_000001173,2
data\training_data\2481.png,98.125,1.0,csv,csv_000002481,4
data\training_data\13081.png,85.0,0.0,csv,csv_000013081,26
data\training_data\13140.png,93.75,1.0,csv,csv_000013140,26
data\training_data\13041.png,85.0,1.0,csv,csv_000013041,26
data\training_data\9779.png,54.375,1.0,csv,csv_000009779,19
data\training_data\1400.png,80.625,1.0,csv,csv_000001400,2
data\training_data\14374.png,89.375,1.0,csv,csv_000014374,28
data\training_data\13340.png,67.5,1.0,csv,csv_000013340,26
data\training_data\12661.png,80.625,1.0,csv,csv_000012661,25
data\training_data\3977.png,89.375,0.0,csv,csv_000003977,7
data\training_data\5671.png,76.25,1.0,csv,csv_000005671,11
data\training_data\8393.png,98.125,1.0,csv,csv_000008393,16
data\training_data\10329.png,89.375,1.0,csv,csv_000010329,20
data\training_data\12664.png,85.0,1.0,csv,csv_000012664,25
data\training_data\6654.png,89.375,1.0,csv,csv_000006654,13
data\training_data\6924.png,76.25,1.0,csv,csv_000006924,13
data\training_data\6943.png,102.5,1.0,csv,csv_000006943,13
data\training_data\746.png,85.0,0.0,csv,csv_000000746,1
data\training_data\8458.png,85.0,1.0,csv,csv_000008458,16
data\training_data\7113.png,85.0,1.0,csv,csv_000007113,14
data\training_data\8721.png,80.625,1.0,csv,csv_000008721,17
data\training_data\8058.png,85.0,1.0,csv,csv_000008058,16
data\training_data\12954.png,89.375,1.0,csv,csv_000012954,25
data\training_data\4294.png,85.0,0.0,csv,csv_000004294,8
data\training_data\9668.png,102.5,1.0,csv,csv_000009668,19
data\training_data\10365.png,85.0,1.0,csv,csv_000010365,20
data\training_data\11388.png,58.75,1.0,csv,csv_000011388,22
data\training_data\2790.png,98.125,1.0,csv,csv_000002790,5
data\training_data\2512.png,111.25,0.0,csv,csv_000002512,5
data\training_data\2621.png,89.375,1.0,csv,csv_000002621,5
data\training_data\2656.png,58.75,1.0,csv,csv_000002656,5
car\data\drive_frames\1773147776446_90_35.png,90.0,35.0,drive_frames,drive_1773147776446,31
data\training_data\11660.png,85.0,1.0,csv,csv_000011660,23
data\training_data\1295.png,85.0,1.0,csv,csv_000001295,2
data\training_data\13255.png,120.0,0.0,csv,csv_000013255,26
data\training_data\11934.png,54.375,1.0,csv,csv_000011934,23
data\training_data\8608.png,85.0,0.0,csv,csv_000008608,17
data\training_data\7510.png,58.75,1.0,csv,csv_000007510,14
data\training_data\13010.png,58.75,0.0,csv,csv_000013010,25
data\training_data\8833.png,106.875,1.0,csv,csv_000008833,17
data\training_data\10347.png,98.125,1.0,csv,csv_000010347,20
data\training_data\3554.png,89.375,1.0,csv,csv_000003554,7
data\training_data\5884.png,89.375,1.0,csv,csv_000005884,11
car\data\drive_frames\1772209983346_130_35.png,120.0,35.0,drive_frames,drive_1772209983346,28
data\training_data\13306.png,89.375,1.0,csv,csv_000013306,26
car\data\drive_frames\1773145056710_90_0.png,90.0,0.0,drive_frames,drive_1773145056710,29
data\training_data\2253.png,106.875,1.0,csv,csv_000002253,4
data\training_data\5704.png,106.875,1.0,csv,csv_000005704,11
data\training_data\13135.png,102.5,1.0,csv,csv_000013135,26
data\training_data\2936.png,102.5,1.0,csv,csv_000002936,5
data\training_data\5059.png,93.75,1.0,csv,csv_000005059,10
data\training_data\14200.png,85.0,1.0,csv,csv_000014200,28
data\training_data\3929.png,80.625,1.0,csv,csv_000003929,7
data\training_data\6901.png,106.875,1.0,csv,csv_000006901,13
data\training_data\850.png,85.0,1.0,csv,csv_000000850,1
data\training_data\6784.png,80.625,0.0,csv,csv_000006784,13
data\training_data\8699.png,106.875,1.0,csv,csv_000008699,17
data\training_data\5025.png,85.0,0.0,csv,csv_000005025,10
data\training_data\11558.png,106.875,0.0,csv,csv_000011558,23
data\training_data\10425.png,80.625,1.0,csv,csv_000010425,20
data\training_data\1477.png,58.75,1.0,csv,csv_000001477,2
car\data\drive_frames\1773145060846_90_0.png,90.0,0.0,drive_frames,drive_1773145060846,29
car\data\drive_frames\1772209963566_125_35.png,120.0,35.0,drive_frames,drive_1772209963566,28
car\data\drive_frames\1773066027334_70_35.png,70.0,35.0,drive_frames,drive_1773066027334,29
data\training_data\14274.png,102.5,1.0,csv,csv_000014274,28
data\training_data\5209.png,93.75,0.0,csv,csv_000005209,10
data\training_data\13217.png,89.375,1.0,csv,csv_000013217,26
data\training_data\2569.png,58.75,1.0,csv,csv_000002569,5
data\training_data\3645.png,89.375,0.0,csv,csv_000003645,7
data\training_data\3855.png,85.0,1.0,csv,csv_000003855,7
data\training_data\13424.png,111.25,1.0,csv,csv_000013424,26
data\training_data\2887.png,89.375,1.0,csv,csv_000002887,5
data\training_data\2471.png,85.0,1.0,csv,csv_000002471,4
data\training_data\13150.png,98.125,1.0,csv,csv_000013150,26
data\training_data\2243.png,89.375,0.0,csv,csv_000002243,4
data\training_data\14115.png,85.0,0.0,csv,csv_000014115,28
data\training_data\14212.png,89.375,1.0,csv,csv_000014212,28
data\training_data\4008.png,106.875,1.0,csv,csv_000004008,7
data\training_data\5878.png,93.75,1.0,csv,csv_000005878,11
data\training_data\11366.png,102.5,1.0,csv,csv_000011366,22
data\training_data\6630.png,102.5,1.0,csv,csv_000006630,13
data\training_data\10042.png,102.5,1.0,csv,csv_000010042,20
data\training_data\7105.png,80.625,1.0,csv,csv_000007105,14
data\training_data\684.png,89.375,1.0,csv,csv_000000684,1
data\training_data\11872.png,102.5,1.0,csv,csv_000011872,23
data\training_data\11511.png,67.5,1.0,csv,csv_000011511,22
data\training_data\8865.png,85.0,1.0,csv,csv_000008865,17
data\training_data\11795.png,67.5,0.0,csv,csv_000011795,23
data\training_data\4477.png,85.0,1.0,csv,csv_000004477,8
data\training_data\13413.png,102.5,1.0,csv,csv_000013413,26
data\training_data\2941.png,85.0,1.0,csv,csv_000002941,5
data\training_data\2688.png,102.5,1.0,csv,csv_000002688,5
data\training_data\4090.png,63.125,1.0,csv,csv_000004090,8
data\training_data\6814.png,102.5,1.0,csv,csv_000006814,13
data\training_data\5771.png,111.25,0.0,csv,csv_000005771,11
data\training_data\11474.png,89.375,1.0,csv,csv_000011474,22
data\training_data\11912.png,58.75,1.0,csv,csv_000011912,23
data\training_data\8884.png,106.875,1.0,csv,csv_000008884,17
data\training_data\3800.png,85.0,1.0,csv,csv_000003800,7
data\training_data\5685.png,93.75,1.0,csv,csv_000005685,11
data\training_data\6644.png,85.0,1.0,csv,csv_000006644,13
data\training_data\3969.png,85.0,0.0,csv,csv_000003969,7
data\training_data\5920.png,85.0,1.0,csv,csv_000005920,11
data\training_data\11219.png,93.75,1.0,csv,csv_000011219,22
data\training_data\3541.png,58.75,1.0,csv,csv_000003541,7
data\training_data\9867.png,120.0,1.0,csv,csv_000009867,19
data\training_data\5094.png,89.375,1.0,csv,csv_000005094,10
data\training_data\12718.png,89.375,1.0,csv,csv_000012718,25
data\training_data\5319.png,89.375,1.0,csv,csv_000005319,10
data\training_data\577.png,93.75,1.0,csv,csv_000000577,1
data\training_data\6662.png,85.0,0.0,csv,csv_000006662,13
data\training_data\1385.png,106.875,1.0,csv,csv_000001385,2
car\data\drive_frames\1773147850155_120_35.png,120.0,35.0,drive_frames,drive_1773147850155,31
data\training_data\12884.png,102.5,0.0,csv,csv_000012884,25
data\training_data\12690.png,67.5,1.0,csv,csv_000012690,25
data\training_data\9599.png,115.625,0.0,csv,csv_000009599,19
data\training_data\2910.png,106.875,1.0,csv,csv_000002910,5
data\training_data\13432.png,85.0,1.0,csv,csv_000013432,26
data\training_data\11870.png,85.0,1.0,csv,csv_000011870,23
data\training_data\13337.png,85.0,1.0,csv,csv_000013337,26
data\training_data\12987.png,89.375,1.0,csv,csv_000012987,25
data\training_data\11401.png,85.0,0.0,csv,csv_000011401,22
data\training_data\5083.png,85.0,0.0,csv,csv_000005083,10
data\training_data\10494.png,85.0,1.0,csv,csv_000010494,20
data\training_data\7201.png,102.5,1.0,csv,csv_000007201,14
data\training_data\11223.png,58.75,1.0,csv,csv_000011223,22
car\data\drive_frames\1773148066150_95_35.png,95.0,35.0,drive_frames,drive_1773148066150,31
data\training_data\7232.png,80.625,1.0,csv,csv_000007232,14
data\training_data\8155.png,93.75,1.0,csv,csv_000008155,16
data\training_data\5239.png,85.0,1.0,csv,csv_000005239,10
data\training_data\13009.png,102.5,1.0,csv,csv_000013009,25
data\training_data\580.png,63.125,1.0,csv,csv_000000580,1
data\training_data\11455.png,63.125,1.0,csv,csv_000011455,22
data\training_data\3876.png,85.0,1.0,csv,csv_000003876,7
data\training_data\4209.png,85.0,1.0,csv,csv_000004209,8
data\training_data\5469.png,85.0,1.0,csv,csv_000005469,10
data\training_data\11745.png,85.0,0.0,csv,csv_000011745,23
data\training_data\11338.png,102.5,1.0,csv,csv_000011338,22
data\training_data\10335.png,89.375,1.0,csv,csv_000010335,20
data\training_data\798.png,111.25,0.0,csv,csv_000000798,1
data\training_data\8751.png,85.0,1.0,csv,csv_000008751,17
data\training_data\13166.png,63.125,1.0,csv,csv_000013166,26
data\training_data\6921.png,89.375,1.0,csv,csv_000006921,13
data\training_data\10359.png,89.375,1.0,csv,csv_000010359,20
data\training_data\740.png,85.0,1.0,csv,csv_000000740,1
data\training_data\8395.png,85.0,1.0,csv,csv_000008395,16
data\training_data\5916.png,85.0,1.0,csv,csv_000005916,11
data\training_data\13047.png,106.875,1.0,csv,csv_000013047,26
data\training_data\14088.png,93.75,1.0,csv,csv_000014088,28
data\training_data\11406.png,85.0,1.0,csv,csv_000011406,22
data\training_data\5653.png,85.0,1.0,csv,csv_000005653,11
car\data\drive_frames\1772209965634_110_35.png,110.0,35.0,drive_frames,drive_1772209965634,28
data\training_data\7273.png,85.0,1.0,csv,csv_000007273,14
data\training_data\2254.png,58.75,1.0,csv,csv_000002254,4
data\training_data\2214.png,80.625,1.0,csv,csv_000002214,4
data\training_data\3538.png,89.375,1.0,csv,csv_000003538,7
data\training_data\1406.png,98.125,1.0,csv,csv_000001406,2
data\training_data\13083.png,106.875,1.0,csv,csv_000013083,26
data\training_data\1332.png,98.125,1.0,csv,csv_000001332,2
data\training_data\624.png,98.125,0.0,csv,csv_000000624,1
data\training_data\8948.png,111.25,1.0,csv,csv_000008948,17
data\training_data\12854.png,98.125,1.0,csv,csv_000012854,25
data\training_data\8045.png,106.875,1.0,csv,csv_000008045,16
data\training_data\4337.png,89.375,1.0,csv,csv_000004337,8
car\data\drive_frames\1772210072271_125_35.png,120.0,35.0,drive_frames,drive_1772210072271,29
car\data\drive_frames\1773065739618_85_35.png,85.0,35.0,drive_frames,drive_1773065739618,29
data\training_data\11642.png,80.625,1.0,csv,csv_000011642,23
data\training_data\2511.png,106.875,1.0,csv,csv_000002511,4
data\training_data\10330.png,102.5,1.0,csv,csv_000010330,20
data\training_data\7458.png,102.5,0.0,csv,csv_000007458,14
data\training_data\5656.png,85.0,0.0,csv,csv_000005656,11
data\training_data\3619.png,106.875,1.0,csv,csv_000003619,7
data\training_data\2510.png,71.875,1.0,csv,csv_000002510,4
data\training_data\7234.png,93.75,1.0,csv,csv_000007234,14
data\training_data\13295.png,58.75,1.0,csv,csv_000013295,26
data\training_data\12912.png,93.75,1.0,csv,csv_000012912,25
data\training_data\5183.png,76.25,1.0,csv,csv_000005183,10
data\training_data\1209.png,89.375,1.0,csv,csv_000001209,2
data\training_data\5258.png,85.0,1.0,csv,csv_000005258,10
data\training_data\10525.png,85.0,0.0,csv,csv_000010525,20
data\training_data\13452.png,89.375,1.0,csv,csv_000013452,26
data\training_data\2320.png,85.0,0.0,csv,csv_000002320,4
data\training_data\11838.png,98.125,1.0,csv,csv_000011838,23
data\training_data\11144.png,63.125,0.0,csv,csv_000011144,22
data\training_data\9796.png,89.375,1.0,csv,csv_000009796,19
data\training_data\2679.png,102.5,1.0,csv,csv_000002679,5
data\training_data\7246.png,76.25,1.0,csv,csv_000007246,14
data\training_data\8558.png,85.0,1.0,csv,csv_000008558,17
data\training_data\5759.png,85.0,1.0,csv,csv_000005759,11
data\training_data\10129.png,93.75,1.0,csv,csv_000010129,20
data\training_data\2666.png,85.0,0.0,csv,csv_000002666,5
data\training_data\2236.png,89.375,1.0,csv,csv_000002236,4
data\training_data\5881.png,120.0,0.0,csv,csv_000005881,11
data\training_data\7000.png,102.5,0.0,csv,csv_000007000,13
data\training_data\13352.png,102.5,1.0,csv,csv_000013352,26
data\training_data\6589.png,85.0,1.0,csv,csv_000006589,13
data\training_data\1405.png,102.5,1.0,csv,csv_000001405,2
car\data\drive_frames\1773066000442_90_35.png,90.0,35.0,drive_frames,drive_1773066000442,29
data\training_data\10101.png,85.0,1.0,csv,csv_000010101,20
data\training_data\2445.png,98.125,1.0,csv,csv_000002445,4
data\training_data\6529.png,98.125,1.0,csv,csv_000006529,13
car\data\drive_frames\1772210013296_90_35.png,90.0,35.0,drive_frames,drive_1772210013296,29
data\training_data\2789.png,106.875,1.0,csv,csv_000002789,5
data\training_data\11525.png,111.25,0.0,csv,csv_000011525,22
data\training_data\12605.png,58.75,1.0,csv,csv_000012605,25
data\training_data\9557.png,80.625,0.0,csv,csv_000009557,19
data\training_data\2731.png,89.375,1.0,csv,csv_000002731,5
data\training_data\13338.png,115.625,1.0,csv,csv_000013338,26
data\training_data\4131.png,89.375,1.0,csv,csv_000004131,8
data\training_data\889.png,71.875,1.0,csv,csv_000000889,1
data\training_data\6927.png,106.875,1.0,csv,csv_000006927,13
data\training_data\8464.png,58.75,0.0,csv,csv_000008464,16
car\data\drive_frames\1773066082186_50_35.png,50.0,35.0,drive_frames,drive_1773066082186,29
data\training_data\6778.png,102.5,0.0,csv,csv_000006778,13
data\training_data\10457.png,58.75,1.0,csv,csv_000010457,20
data\training_data\6979.png,85.0,1.0,csv,csv_000006979,13
data\training_data\2048.png,85.0,1.0,csv,csv_000002048,4
data\training_data\14058.png,85.0,1.0,csv,csv_000014058,28
data\training_data\12750.png,89.375,0.0,csv,csv_000012750,25
data\training_data\2383.png,111.25,1.0,csv,csv_000002383,4
data\training_data\2224.png,98.125,1.0,csv,csv_000002224,4
data\training_data\7165.png,106.875,1.0,csv,csv_000007165,14
data\training_data\12559.png,106.875,0.0,csv,csv_000012559,25
data\training_data\8065.png,85.0,1.0,csv,csv_000008065,16
car\data\drive_frames\1773066178363_80_35.png,80.0,35.0,drive_frames,drive_1773066178363,29
data\training_data\8171.png,93.75,1.0,csv,csv_000008171,16
data\training_data\11903.png,89.375,0.0,csv,csv_000011903,23
data\training_data\12547.png,80.625,1.0,csv,csv_000012547,25
data\training_data\8096.png,89.375,0.0,csv,csv_000008096,16
data\training_data\2711.png,85.0,1.0,csv,csv_000002711,5
data\training_data\8494.png,63.125,1.0,csv,csv_000008494,16
data\training_data\2961.png,111.25,0.0,csv,csv_000002961,5
car\data\drive_frames\1773065995274_50_35.png,50.0,35.0,drive_frames,drive_1773065995274,29
data\training_data\2520.png,71.875,1.0,csv,csv_000002520,5
data\training_data\9709.png,106.875,1.0,csv,csv_000009709,19
data\training_data\5250.png,89.375,1.0,csv,csv_000005250,10
data\training_data\13310.png,111.25,1.0,csv,csv_000013310,26
data\training_data\6667.png,102.5,1.0,csv,csv_000006667,13
data\training_data\5336.png,63.125,1.0,csv,csv_000005336,10
data\training_data\7324.png,85.0,1.0,csv,csv_000007324,14
data\training_data\12873.png,85.0,1.0,csv,csv_000012873,25
car\data\drive_frames\1773147824271_85_35.png,85.0,35.0,drive_frames,drive_1773147824271,31
data\training_data\14168.png,85.0,0.0,csv,csv_000014168,28
data\training_data\8678.png,89.375,1.0,csv,csv_000008678,17
data\training_data\8660.png,89.375,1.0,csv,csv_000008660,17
data\training_data\10436.png,93.75,1.0,csv,csv_000010436,20
data\training_data\8643.png,102.5,1.0,csv,csv_000008643,17
data\training_data\9703.png,93.75,1.0,csv,csv_000009703,19
data\training_data\8662.png,85.0,0.0,csv,csv_000008662,17
data\training_data\5457.png,102.5,1.0,csv,csv_000005457,10
data\training_data\11379.png,85.0,1.0,csv,csv_000011379,22
data\training_data\13075.png,58.75,1.0,csv,csv_000013075,26
data\training_data\542.png,58.75,0.0,csv,csv_000000542,1
data\training_data\1109.png,58.75,0.0,csv,csv_000001109,2
data\training_data\5217.png,89.375,0.0,csv,csv_000005217,10
data\training_data\12702.png,111.25,0.0,csv,csv_000012702,25
car\data\drive_frames\1773066146298_90_35.png,90.0,35.0,drive_frames,drive_1773066146298,29
data\training_data\5036.png,106.875,1.0,csv,csv_000005036,10
data\training_data\10459.png,89.375,0.0,csv,csv_000010459,20
data\training_data\14254.png,89.375,1.0,csv,csv_000014254,28
data\training_data\7508.png,102.5,1.0,csv,csv_000007508,14
data\training_data\5020.png,85.0,1.0,csv,csv_000005020,10
data\training_data\5937.png,80.625,1.0,csv,csv_000005937,11
data\training_data\8455.png,85.0,1.0,csv,csv_000008455,16
data\training_data\3776.png,102.5,1.0,csv,csv_000003776,7
data\training_data\5962.png,106.875,1.0,csv,csv_000005962,11
data\training_data\4316.png,85.0,1.0,csv,csv_000004316,8
data\training_data\1098.png,98.125,1.0,csv,csv_000001098,2
data\training_data\2649.png,54.375,1.0,csv,csv_000002649,5
data\training_data\2579.png,111.25,0.0,csv,csv_000002579,5
data\training_data\6712.png,80.625,0.0,csv,csv_000006712,13
data\training_data\8961.png,58.75,1.0,csv,csv_000008961,17
data\training_data\8339.png,85.0,1.0,csv,csv_000008339,16
data\training_data\2110.png,85.0,1.0,csv,csv_000002110,4
data\training_data\3572.png,85.0,0.0,csv,csv_000003572,7
data\training_data\13016.png,98.125,1.0,csv,csv_000013016,25
data\training_data\1435.png,58.75,1.0,csv,csv_000001435,2
data\training_data\6970.png,85.0,1.0,csv,csv_000006970,13
data\training_data\8026.png,85.0,0.0,csv,csv_000008026,16
data\training_data\9670.png,89.375,1.0,csv,csv_000009670,19
data\training_data\2121.png,98.125,1.0,csv,csv_000002121,4
data\training_data\6713.png,63.125,1.0,csv,csv_000006713,13
data\training_data\11374.png,58.75,1.0,csv,csv_000011374,22
data\training_data\8129.png,93.75,1.0,csv,csv_000008129,16
data\training_data\9542.png,106.875,1.0,csv,csv_000009542,19
data\training_data\10343.png,89.375,1.0,csv,csv_000010343,20
data\training_data\9551.png,71.875,1.0,csv,csv_000009551,19
data\training_data\11804.png,80.625,1.0,csv,csv_000011804,23
data\training_data\13180.png,54.375,1.0,csv,csv_000013180,26
data\training_data\1137.png,71.875,0.0,csv,csv_000001137,2
data\training_data\13513.png,85.0,0.0,csv,csv_000013513,26
car\data\drive_frames\1773066001474_90_35.png,90.0,35.0,drive_frames,drive_1773066001474,29
data\training_data\10308.png,85.0,0.0,csv,csv_000010308,20
data\training_data\8440.png,80.625,1.0,csv,csv_000008440,16
data\training_data\5153.png,111.25,0.0,csv,csv_000005153,10
data\training_data\13249.png,89.375,1.0,csv,csv_000013249,26
data\training_data\14368.png,80.625,1.0,csv,csv_000014368,28
data\training_data\3983.png,89.375,1.0,csv,csv_000003983,7
data\training_data\3587.png,80.625,1.0,csv,csv_000003587,7
data\training_data\14223.png,71.875,1.0,csv,csv_000014223,28
car\data\drive_frames\1773147885307_115_35.png,115.0,35.0,drive_frames,drive_1773147885307,31
data\training_data\10394.png,58.75,1.0,csv,csv_000010394,20
data\training_data\4427.png,54.375,1.0,csv,csv_000004427,8
car\data\drive_frames\1773147948479_115_35.png,115.0,35.0,drive_frames,drive_1773147948479,31
data\training_data\13387.png,102.5,1.0,csv,csv_000013387,26
data\training_data\11180.png,102.5,1.0,csv,csv_000011180,22
data\training_data\4072.png,54.375,1.0,csv,csv_000004072,8
data\training_data\10215.png,63.125,1.0,csv,csv_000010215,20
data\training_data\5813.png,106.875,1.0,csv,csv_000005813,11
data\training_data\1419.png,102.5,1.0,csv,csv_000001419,2
data\training_data\8838.png,63.125,0.0,csv,csv_000008838,17
car\data\drive_frames\1773145059810_90_0.png,90.0,0.0,drive_frames,drive_1773145059810,29
data\training_data\5744.png,85.0,1.0,csv,csv_000005744,11
data\training_data\10242.png,80.625,1.0,csv,csv_000010242,20
car\data\drive_frames\1773066030445_50_35.png,50.0,35.0,drive_frames,drive_1773066030445,29
data\training_data\925.png,89.375,1.0,csv,csv_000000925,1
data\training_data\9900.png,85.0,1.0,csv,csv_000009900,19
data\training_data\8601.png,120.0,1.0,csv,csv_000008601,17
data\training_data\13114.png,89.375,1.0,csv,csv_000013114,26
data\training_data\5715.png,85.0,0.0,csv,csv_000005715,11
data\training_data\10001.png,63.125,1.0,csv,csv_000010001,19
data\training_data\2087.png,98.125,1.0,csv,csv_000002087,4
data\training_data\538.png,85.0,0.0,csv,csv_000000538,1
data\training_data\2632.png,85.0,1.0,csv,csv_000002632,5
data\training_data\8573.png,89.375,0.0,csv,csv_000008573,17
data\training_data\12025.png,85.0,0.0,csv,csv_000012025,23
data\training_data\8620.png,106.875,1.0,csv,csv_000008620,17
data\training_data\11265.png,63.125,1.0,csv,csv_000011265,22
data\training_data\5330.png,102.5,1.0,csv,csv_000005330,10
data\training_data\11457.png,89.375,0.0,csv,csv_000011457,22
data\training_data\4250.png,98.125,1.0,csv,csv_000004250,8
data\training_data\13260.png,89.375,1.0,csv,csv_000013260,26
data\training_data\10323.png,85.0,1.0,csv,csv_000010323,20
data\training_data\3675.png,98.125,1.0,csv,csv_000003675,7
data\training_data\11827.png,85.0,0.0,csv,csv_000011827,23
data\training_data\14198.png,106.875,1.0,csv,csv_000014198,28
data\training_data\14308.png,67.5,1.0,csv,csv_000014308,28
car\data\drive_frames\1773066034571_85_35.png,85.0,35.0,drive_frames,drive_1773066034571,29
data\training_data\2660.png,80.625,1.0,csv,csv_000002660,5
data\training_data\2266.png,80.625,0.0,csv,csv_000002266,4
data\training_data\4397.png,71.875,1.0,csv,csv_000004397,8
data\training_data\751.png,63.125,1.0,csv,csv_000000751,1
data\training_data\11851.png,111.25,0.0,csv,csv_000011851,23
data\training_data\941.png,85.0,0.0,csv,csv_000000941,1
data\training_data\12715.png,106.875,1.0,csv,csv_000012715,25
data\training_data\12734.png,85.0,1.0,csv,csv_000012734,25
data\training_data\11065.png,80.625,1.0,csv,csv_000011065,22
data\training_data\2580.png,85.0,1.0,csv,csv_000002580,5
data\training_data\1138.png,58.75,1.0,csv,csv_000001138,2
data\training_data\14305.png,89.375,1.0,csv,csv_000014305,28
NewModel\ensemble_model\8\good_oval_inside_bend\1778018942482_65_35.png,65.0,35.0,figure8,figure8_1778018942482,good_oval_inside_bend
NewModel\ensemble_model\8\good_fig_8_outside_junction\1778017208910_115_35.png,115.0,35.0,figure8,figure8_1778017208910,good_fig_8_outside_junction
NewModel\ensemble_model\8\good_oval_inside_bend\1778018998554_90_35.png,90.0,35.0,figure8,figure8_1778018998554,good_oval_inside_bend
NewModel\ensemble_model\8\good_oval_inside_bend\1778018971535_95_35.png,95.0,35.0,figure8,figure8_1778018971535,good_oval_inside_bend
NewModel\ensemble_model\8\good_oval_inside_bend\1778019148914_95_35.png,95.0,35.0,figure8,figure8_1778019148914,good_oval_inside_bend
NewModel\ensemble_model\8\good_fig_8_junction_obstacle\1778019842710_55_35.png,55.0,35.0,figure8,figure8_1778019842710,good_fig_8_junction_obstacle
NewModel\ensemble_model\8\good_fig_8_outside_junction\1778017237035_125_35.png,125.0,35.0,figure8,figure8_1778017237035,good_fig_8_outside_junction
NewModel\ensemble_model\8\good_oval_inside_bend\1778019078659_90_35.png,90.0,35.0,figure8,figure8_1778019078659,good_oval_inside_bend
NewModel\ensemble_model\8\good_fig_8_outside_junction\1778017153702_125_35.png,125.0,35.0,figure8,figure8_1778017153702,good_fig_8_outside_junction
NewModel\ensemble_model\8\good_fig_8_junction_obstacle\1778019926143_65_35.png,65.0,35.0,figure8,figure8_1778019926143,good_fig_8_junction_obstacle
NewModel\ensemble_model\8\good_fig_8_outside_junction\1778017280885_90_35.png,90.0,35.0,figure8,figure8_1778017280885,good_fig_8_outside_junction
NewModel\ensemble_model\8\good_fig_8_outside_junction\1778017150564_100_35.png,100.0,35.0,figure8,figure8_1778017150564,good_fig_8_outside_junction
NewModel\ensemble_model\8\good_fig_8_outside_junction\1778017036152_125_35.png,125.0,35.0,figure8,figure8_1778017036152,good_fig_8_outside_junction
NewModel\ensemble_model\8\good_fig_8_outside_junction\1778017240236_95_35.png,95.0,35.0,figure8,figure8_1778017240236,good_fig_8_outside_junction
NewModel\ensemble_model\8\good_oval_inside_bend\1778019143609_85_35.png,85.0,35.0,figure8,figure8_1778019143609,good_oval_inside_bend
NewModel\ensemble_model\8\good_fig_8_junction_obstacle\1778019776656_115_0.png,115.0,0.0,figure8,figure8_1778019776656,good_fig_8_junction_obstacle
NewModel\ensemble_model\8\good_oval_inside_bend\1778019164724_75_35.png,75.0,35.0,figure8,figure8_1778019164724,good_oval_inside_bend
NewModel\ensemble_model\8\good_fig_8_junction_obstacle\1778019670111_95_0.png,95.0,0.0,figure8,figure8_1778019670111,good_fig_8_junction_obstacle
NewModel\ensemble_model\8\good_oval_inside_bend\1778019162589_60_35.png,60.0,35.0,figure8,figure8_1778019162589,good_oval_inside_bend
NewModel\ensemble_model\8\good_fig_8_outside_junction\1778017238099_115_35.png,115.0,35.0,figure8,figure8_1778017238099,good_fig_8_outside_junction
NewModel\ensemble_model\8\good_fig_8_junction_obstacle\1778019843774_55_35.png,55.0,35.0,figure8,figure8_1778019843774,good_fig_8_junction_obstacle
NewModel\ensemble_model\8\good_oval_inside_bend\1778019146814_50_35.png,50.0,35.0,figure8,figure8_1778019146814,good_oval_inside_bend
NewModel\ensemble_model\8\good_oval_inside_bend\1778019107980_60_35.png,60.0,35.0,figure8,figure8_1778019107980,good_oval_inside_bend
NewModel\ensemble_model\8\good_fig_8_junction_obstacle\1778019755244_65_35.png,65.0,35.0,figure8,figure8_1778019755244,good_fig_8_junction_obstacle
NewModel\ensemble_model\8\good_fig_8_junction_obstacle\1778019675330_95_0.png,95.0,0.0,figure8,figure8_1778019675330,good_fig_8_junction_obstacle
NewModel\ensemble_model\8\good_oval_inside_bend\1778019027571_70_35.png,70.0,35.0,figure8,figure8_1778019027571,good_oval_inside_bend
NewModel\ensemble_model\8\good_oval_inside_bend\1778019032808_90_0.png,90.0,0.0,figure8,figure8_1778019032808,good_oval_inside_bend
NewModel\ensemble_model\8\good_oval_inside_bend\1778018922727_85_35.png,85.0,35.0,figure8,figure8_1778018922727,good_oval_inside_bend
NewModel\ensemble_model\8\good_oval_inside_bend\1778018946682_60_35.png,60.0,35.0,figure8,figure8_1778018946682,good_oval_inside_bend
NewModel\ensemble_model\8\good_fig_8_junction_obstacle\1778019945182_90_0.png,90.0,0.0,figure8,figure8_1778019945182,good_fig_8_junction_obstacle
NewModel\ensemble_model\8\good_fig_8_junction_obstacle\1778019758380_90_0.png,90.0,0.0,figure8,figure8_1778019758380,good_fig_8_junction_obstacle
NewModel\ensemble_model\8\good_oval_inside_bend\1778018977808_55_35.png,55.0,35.0,figure8,figure8_1778018977808,good_oval_inside_bend
NewModel\ensemble_model\8\good_oval_inside_bend\1778018940389_70_35.png,70.0,35.0,figure8,figure8_1778018940389,good_oval_inside_bend
NewModel\ensemble_model\8\good_fig_8_outside_junction\1778017110663_105_35.png,105.0,35.0,figure8,figure8_1778017110663,good_fig_8_outside_junction
NewModel\ensemble_model\8\good_fig_8_junction_obstacle\1778019710651_55_35.png,55.0,35.0,figure8,figure8_1778019710651,good_fig_8_junction_obstacle
NewModel\ensemble_model\8\good_oval_inside_bend\1778019111148_70_35.png,70.0,35.0,figure8,figure8_1778019111148,good_oval_inside_bend
NewModel\ensemble_model\8\good_fig_8_junction_obstacle\1778019944149_125_35.png,125.0,35.0,figure8,figure8_1778019944149,good_fig_8_junction_obstacle
NewModel\ensemble_model\8\good_oval_inside_bend\1778019070225_75_35.png,75.0,35.0,figure8,figure8_1778019070225,good_oval_inside_bend
NewModel\ensemble_model\8\good_fig_8_junction_obstacle\1778020037216_65_35.png,65.0,35.0,figure8,figure8_1778020037216,good_fig_8_junction_obstacle
NewModel\ensemble_model\8\good_fig_8_junction_obstacle\1778019943117_115_35.png,115.0,35.0,figure8,figure8_1778019943117,good_fig_8_junction_obstacle
NewModel\ensemble_model\8\good_fig_8_junction_obstacle\1778020039316_85_0.png,85.0,0.0,figure8,figure8_1778020039316,good_fig_8_junction_obstacle
NewModel\ensemble_model\8\good_fig_8_junction_obstacle\1778019756276_55_35.png,55.0,35.0,figure8,figure8_1778019756276,good_fig_8_junction_obstacle
NewModel\ensemble_model\8\good_fig_8_junction_obstacle\1778019866233_65_35.png,65.0,35.0,figure8,figure8_1778019866233,good_fig_8_junction_obstacle
NewModel\ensemble_model\8\good_oval_inside_bend\1778018975739_65_35.png,65.0,35.0,figure8,figure8_1778018975739,good_oval_inside_bend
NewModel\ensemble_model\8\good_fig_8_junction_obstacle\1778019927207_80_35.png,80.0,35.0,figure8,figure8_1778019927207,good_fig_8_junction_obstacle
NewModel\ensemble_model\8\good_oval_inside_bend\1778019140410_85_35.png,85.0,35.0,figure8,figure8_1778019140410,good_oval_inside_bend
NewModel\ensemble_model\8\good_fig_8_outside_junction\1778017040320_90_35.png,90.0,35.0,figure8,figure8_1778017040320,good_fig_8_outside_junction
NewModel\ensemble_model\8\good_oval_inside_bend\1778018995450_90_35.png,90.0,35.0,figure8,figure8_1778018995450,good_oval_inside_bend
NewModel\ensemble_model\8\good_fig_8_junction_obstacle\1778019841674_75_35.png,75.0,35.0,figure8,figure8_1778019841674,good_fig_8_junction_obstacle
NewModel\ensemble_model\8\good_oval_inside_bend\1778019156219_90_35.png,90.0,35.0,figure8,figure8_1778019156219,good_oval_inside_bend
NewModel\ensemble_model\8\good_oval_inside_bend\1778019106912_70_35.png,70.0,35.0,figure8,figure8_1778019106912,good_oval_inside_bend
NewModel\ensemble_model\8\good_oval_inside_bend\1778019090132_90_35.png,90.0,35.0,figure8,figure8_1778019090132,good_oval_inside_bend
NewModel\ensemble_model\8\good_oval_inside_bend\1778019043219_55_35.png,55.0,35.0,figure8,figure8_1778019043219,good_oval_inside_bend
NewModel\ensemble_model\8\good_oval_inside_bend\1778019026509_50_35.png,50.0,35.0,figure8,figure8_1778019026509,good_oval_inside_bend
NewModel\ensemble_model\8\good_oval_inside_bend\1778018925860_55_35.png,55.0,35.0,figure8,figure8_1778018925860,good_oval_inside_bend
NewModel\ensemble_model\8\good_fig_8_outside_junction\1778017159003_100_35.png,100.0,35.0,figure8,figure8_1778017159003,good_fig_8_outside_junction
NewModel\ensemble_model\8\good_oval_inside_bend\1778018947719_80_35.png,80.0,35.0,figure8,figure8_1778018947719,good_oval_inside_bend
NewModel\ensemble_model\8\good_fig_8_outside_junction\1778017113832_100_35.png,100.0,35.0,figure8,figure8_1778017113832,good_fig_8_outside_junction
NewModel\ensemble_model\8\good_oval_inside_bend\1778018978840_60_35.png,60.0,35.0,figure8,figure8_1778018978840,good_oval_inside_bend
NewModel\ensemble_model\8\good_fig_8_outside_junction\1778017156870_105_35.png,105.0,35.0,figure8,figure8_1778017156870,good_fig_8_outside_junction
NewModel\ensemble_model\8\good_oval_inside_bend\1778018941447_65_35.png,65.0,35.0,figure8,figure8_1778018941447,good_oval_inside_bend
NewModel\ensemble_model\8\good_fig_8_junction_obstacle\1778019930376_70_0.png,70.0,0.0,figure8,figure8_1778019930376,good_fig_8_junction_obstacle
NewModel\ensemble_model\8\good_fig_8_outside_junction\1778017209970_90_35.png,90.0,35.0,figure8,figure8_1778017209970,good_fig_8_outside_junction
NewModel\ensemble_model\8\good_oval_inside_bend\1778019075491_60_35.png,60.0,35.0,figure8,figure8_1778019075491,good_oval_inside_bend
NewModel\ensemble_model\8\good_oval_inside_bend\1778019165793_95_35.png,95.0,35.0,figure8,figure8_1778019165793,good_oval_inside_bend
NewModel\ensemble_model\8\good_oval_inside_bend\1778019029639_80_35.png,80.0,35.0,figure8,figure8_1778019029639,good_oval_inside_bend
NewModel\ensemble_model\8\good_oval_inside_bend\1778019038013_75_35.png,75.0,35.0,figure8,figure8_1778019038013,good_oval_inside_bend
NewModel\ensemble_model\8\good_oval_inside_bend\1778019158356_70_35.png,70.0,35.0,figure8,figure8_1778019158356,good_oval_inside_bend
NewModel\ensemble_model\8\good_fig_8_junction_obstacle\1778019709609_65_35.png,65.0,35.0,figure8,figure8_1778019709609,good_fig_8_junction_obstacle
NewModel\ensemble_model\8\good_oval_inside_bend\1778019022335_85_35.png,85.0,35.0,figure8,figure8_1778019022335,good_oval_inside_bend
NewModel\ensemble_model\8\good_oval_inside_bend\1778019160456_60_35.png,60.0,35.0,figure8,figure8_1778019160456,good_oval_inside_bend
NewModel\ensemble_model\8\good_oval_inside_bend\1778018972572_70_35.png,70.0,35.0,figure8,figure8_1778018972572,good_oval_inside_bend
NewModel\ensemble_model\8\good_fig_8_outside_junction\1778017154770_120_35.png,120.0,35.0,figure8,figure8_1778017154770,good_fig_8_outside_junction
NewModel\ensemble_model\8\good_fig_8_outside_junction\1778017206770_110_35.png,110.0,35.0,figure8,figure8_1778017206770,good_fig_8_outside_junction
NewModel\ensemble_model\8\good_fig_8_junction_obstacle\1778019673251_125_35.png,125.0,35.0,figure8,figure8_1778019673251,good_fig_8_junction_obstacle
NewModel\ensemble_model\8\good_fig_8_junction_obstacle\1778019773523_120_35.png,120.0,35.0,figure8,figure8_1778019773523,good_fig_8_junction_obstacle
NewModel\ensemble_model\8\good_oval_inside_bend\1778018979876_85_35.png,85.0,35.0,figure8,figure8_1778018979876,good_oval_inside_bend
NewModel\ensemble_model\8\good_oval_inside_bend\1778018948751_95_35.png,95.0,35.0,figure8,figure8_1778018948751,good_oval_inside_bend
NewModel\ensemble_model\8\good_oval_inside_bend\1778019099643_95_35.png,95.0,35.0,figure8,figure8_1778019099643,good_oval_inside_bend
NewModel\ensemble_model\8\good_oval_inside_bend\1778019098574_75_35.png,75.0,35.0,figure8,figure8_1778019098574,good_oval_inside_bend
NewModel\ensemble_model\8\good_oval_inside_bend\1778019110080_60_35.png,60.0,35.0,figure8,figure8_1778019110080,good_oval_inside_bend
NewModel\ensemble_model\8\good_fig_8_junction_obstacle\1778020034090_75_35.png,75.0,35.0,figure8,figure8_1778020034090,good_fig_8_junction_obstacle
NewModel\ensemble_model\8\good_fig_8_junction_obstacle\1778020036179_70_35.png,70.0,35.0,figure8,figure8_1778020036179,good_fig_8_junction_obstacle
NewModel\ensemble_model\8\good_oval_inside_bend\1778018996486_105_35.png,105.0,35.0,figure8,figure8_1778018996486,good_oval_inside_bend
NewModel\ensemble_model\8\good_fig_8_outside_junction\1778017235966_115_35.png,115.0,35.0,figure8,figure8_1778017235966,good_fig_8_outside_junction
NewModel\ensemble_model\8\good_fig_8_junction_obstacle\1778019674287_100_0.png,100.0,0.0,figure8,figure8_1778019674287,good_fig_8_junction_obstacle
NewModel\ensemble_model\8\good_fig_8_junction_obstacle\1778019713803_90_0.png,90.0,0.0,figure8,figure8_1778019713803,good_fig_8_junction_obstacle
NewModel\ensemble_model\8\good_fig_8_outside_junction\1778017157938_90_35.png,90.0,35.0,figure8,figure8_1778017157938,good_fig_8_outside_junction
NewModel\ensemble_model\8\good_fig_8_outside_junction\1778017034015_130_35.png,130.0,35.0,figure8,figure8_1778017034015,good_fig_8_outside_junction
NewModel\ensemble_model\8\good_fig_8_junction_obstacle\1778019863065_70_35.png,70.0,35.0,figure8,figure8_1778019863065,good_fig_8_junction_obstacle
NewModel\ensemble_model\8\good_oval_inside_bend\1778018989186_65_35.png,65.0,35.0,figure8,figure8_1778018989186,good_oval_inside_bend
NewModel\ensemble_model\8\good_fig_8_junction_obstacle\1778019846911_80_0.png,80.0,0.0,figure8,figure8_1778019846911,good_fig_8_junction_obstacle
NewModel\ensemble_model\8\good_fig_8_outside_junction\1778017031915_95_35.png,95.0,35.0,figure8,figure8_1778017031915,good_fig_8_outside_junction
NewModel\ensemble_model\8\good_oval_inside_bend\1778019093237_60_35.png,60.0,35.0,figure8,figure8_1778019093237,good_oval_inside_bend
NewModel\ensemble_model\8\good_oval_inside_bend\1778019161524_60_35.png,60.0,35.0,figure8,figure8_1778019161524,good_oval_inside_bend
NewModel\ensemble_model\8\good_oval_inside_bend\1778018997518_85_35.png,85.0,35.0,figure8,figure8_1778018997518,good_oval_inside_bend
NewModel\ensemble_model\8\good_fig_8_outside_junction\1778017239167_85_35.png,85.0,35.0,figure8,figure8_1778017239167,good_fig_8_outside_junction
NewModel\ensemble_model\8\good_fig_8_outside_junction\1778017204633_115_35.png,115.0,35.0,figure8,figure8_1778017204633,good_fig_8_outside_junction
NewModel\ensemble_model\8\good_oval_inside_bend\1778019030677_90_35.png,90.0,35.0,figure8,figure8_1778019030677,good_oval_inside_bend
NewModel\ensemble_model\8\good_oval_inside_bend\1778018944583_60_35.png,60.0,35.0,figure8,figure8_1778018944583,good_oval_inside_bend
NewModel\ensemble_model\8\good_fig_8_junction_obstacle\1778019775623_115_0.png,115.0,0.0,figure8,figure8_1778019775623,good_fig_8_junction_obstacle
NewModel\ensemble_model\8\good_oval_inside_bend\1778019112216_65_35.png,65.0,35.0,figure8,figure8_1778019112216,good_oval_inside_bend
NewModel\ensemble_model\8\good_fig_8_outside_junction\1778017114899_95_35.png,95.0,35.0,figure8,figure8_1778017114899,good_fig_8_outside_junction
NewModel\ensemble_model\8\good_oval_inside_bend\1778019035944_90_0.png,90.0,0.0,figure8,figure8_1778019035944,good_oval_inside_bend
NewModel\ensemble_model\8\good_oval_inside_bend\1778018974703_60_35.png,60.0,35.0,figure8,figure8_1778018974703,good_oval_inside_bend
NewModel\ensemble_model\8\good_oval_inside_bend\1778019144678_55_35.png,55.0,35.0,figure8,figure8_1778019144678,good_oval_inside_bend
NewModel\ensemble_model\8\good_fig_8_outside_junction\1778017037183_95_35.png,95.0,35.0,figure8,figure8_1778017037183,good_fig_8_outside_junction
NewModel\ensemble_model\8\good_oval_inside_bend\1778018939347_90_35.png,90.0,35.0,figure8,figure8_1778018939347,good_oval_inside_bend
NewModel\ensemble_model\8\good_oval_inside_bend\1778018990214_65_35.png,65.0,35.0,figure8,figure8_1778018990214,good_oval_inside_bend
NewModel\ensemble_model\8\good_fig_8_outside_junction\1778017279818_90_35.png,90.0,35.0,figure8,figure8_1778017279818,good_fig_8_outside_junction
NewModel\ensemble_model\8\good_oval_inside_bend\1778019095370_60_35.png,60.0,35.0,figure8,figure8_1778019095370,good_oval_inside_bend
NewModel\ensemble_model\8\good_oval_inside_bend\1778019024439_75_35.png,75.0,35.0,figure8,figure8_1778019024439,good_oval_inside_bend
NewModel\ensemble_model\8\good_oval_inside_bend\1778019105843_90_35.png,90.0,35.0,figure8,figure8_1778019105843,good_oval_inside_bend
NewModel\ensemble_model\8\good_fig_8_outside_junction\1778017038215_95_35.png,95.0,35.0,figure8,figure8_1778017038215,good_fig_8_outside_junction
NewModel\ensemble_model\8\good_fig_8_junction_obstacle\1778019771455_105_35.png,105.0,35.0,figure8,figure8_1778019771455,good_fig_8_junction_obstacle
NewModel\ensemble_model\8\good_fig_8_outside_junction\1778017241303_100_35.png,100.0,35.0,figure8,figure8_1778017241303,good_fig_8_outside_junction
NewModel\ensemble_model\8\good_fig_8_junction_obstacle\1778019864132_60_35.png,60.0,35.0,figure8,figure8_1778019864132,good_fig_8_junction_obstacle
NewModel\ensemble_model\8\good_fig_8_outside_junction\1778017039267_105_35.png,105.0,35.0,figure8,figure8_1778017039267,good_fig_8_outside_junction
NewModel\ensemble_model\8\good_oval_inside_bend\1778019021302_90_35.png,90.0,35.0,figure8,figure8_1778019021302,good_oval_inside_bend
NewModel\ensemble_model\8\good_fig_8_outside_junction\1778017152665_120_35.png,120.0,35.0,figure8,figure8_1778017152665,good_fig_8_outside_junction
NewModel\ensemble_model\8\good_oval_inside_bend\1778019025471_60_35.png,60.0,35.0,figure8,figure8_1778019025471,good_oval_inside_bend
NewModel\ensemble_model\8\good_fig_8_junction_obstacle\1778019868334_90_0.png,90.0,0.0,figure8,figure8_1778019868334,good_fig_8_junction_obstacle
NewModel\ensemble_model\8\good_fig_8_junction_obstacle\1778019867266_80_0.png,80.0,0.0,figure8,figure8_1778019867266,good_fig_8_junction_obstacle
NewModel\ensemble_model\8\good_fig_8_outside_junction\1778017203570_115_35.png,115.0,35.0,figure8,figure8_1778017203570,good_fig_8_outside_junction
NewModel\ensemble_model\8\good_fig_8_junction_obstacle\1778019774591_100_35.png,100.0,35.0,figure8,figure8_1778019774591,good_fig_8_junction_obstacle
NewModel\ensemble_model\8\good_oval_inside_bend\1778019145746_50_35.png,50.0,35.0,figure8,figure8_1778019145746,good_oval_inside_bend
NewModel\ensemble_model\8\good_fig_8_junction_obstacle\1778019772487_120_35.png,120.0,35.0,figure8,figure8_1778019772487,good_fig_8_junction_obstacle
NewModel\ensemble_model\8\good_fig_8_outside_junction\1778017281954_85_35.png,85.0,35.0,figure8,figure8_1778017281954,good_fig_8_outside_junction
NewModel\ensemble_model\8\good_fig_8_outside_junction\1778017112766_80_35.png,80.0,35.0,figure8,figure8_1778017112766,good_fig_8_outside_junction
NewModel\ensemble_model\8\good_oval_inside_bend\1778019091169_90_35.png,90.0,35.0,figure8,figure8_1778019091169,good_oval_inside_bend
NewModel\ensemble_model\8\good_fig_8_outside_junction\1778017276635_125_35.png,125.0,35.0,figure8,figure8_1778017276635,good_fig_8_outside_junction
NewModel\ensemble_model\8\good_oval_inside_bend\1778019023372_65_35.png,65.0,35.0,figure8,figure8_1778019023372,good_oval_inside_bend
NewModel\ensemble_model\8\good_oval_inside_bend\1778018976771_60_35.png,60.0,35.0,figure8,figure8_1778018976771,good_oval_inside_bend
NewModel\ensemble_model\8\good_oval_inside_bend\1778019041149_75_35.png,75.0,35.0,figure8,figure8_1778019041149,good_oval_inside_bend
NewModel\ensemble_model\8\good_fig_8_outside_junction\1778017283018_90_35.png,90.0,35.0,figure8,figure8_1778017283018,good_fig_8_outside_junction
NewModel\ensemble_model\8\good_oval_inside_bend\1778019073422_65_35.png,65.0,35.0,figure8,figure8_1778019073422,good_oval_inside_bend
NewModel\ensemble_model\8\good_oval_inside_bend\1778018991282_60_35.png,60.0,35.0,figure8,figure8_1778018991282,good_oval_inside_bend
NewModel\ensemble_model\8\good_fig_8_outside_junction\1778017109631_125_35.png,125.0,35.0,figure8,figure8_1778017109631,good_fig_8_outside_junction
NewModel\ensemble_model\8\good_oval_inside_bend\1778019074459_60_35.png,60.0,35.0,figure8,figure8_1778019074459,good_oval_inside_bend
NewModel\ensemble_model\8\good_fig_8_junction_obstacle\1778019844810_65_35.png,65.0,35.0,figure8,figure8_1778019844810,good_fig_8_junction_obstacle
NewModel\ensemble_model\8\good_oval_inside_bend\1778019077592_85_35.png,85.0,35.0,figure8,figure8_1778019077592,good_oval_inside_bend
NewModel\ensemble_model\8\good_fig_8_outside_junction\1778017041352_75_35.png,75.0,35.0,figure8,figure8_1778017041352,good_fig_8_outside_junction
NewModel\ensemble_model\8\good_fig_8_outside_junction\1778017108563_110_35.png,110.0,35.0,figure8,figure8_1778017108563,good_fig_8_outside_junction
NewModel\ensemble_model\8\good_fig_8_outside_junction\1778017155834_110_35.png,110.0,35.0,figure8,figure8_1778017155834,good_fig_8_outside_junction
NewModel\ensemble_model\8\good_fig_8_outside_junction\1778017205702_120_35.png,120.0,35.0,figure8,figure8_1778017205702,good_fig_8_outside_junction
NewModel\ensemble_model\8\good_fig_8_junction_obstacle\1778019752944_60_35.png,60.0,35.0,figure8,figure8_1778019752944,good_fig_8_junction_obstacle
NewModel\ensemble_model\8\good_fig_8_junction_obstacle\1778019757312_90_35.png,90.0,35.0,figure8,figure8_1778019757312,good_fig_8_junction_obstacle
NewModel\ensemble_model\8\good_oval_inside_bend\1778019094302_65_35.png,65.0,35.0,figure8,figure8_1778019094302,good_oval_inside_bend
NewModel\ensemble_model\8\good_oval_inside_bend\1778018924795_50_35.png,50.0,35.0,figure8,figure8_1778018924795,good_oval_inside_bend
NewModel\ensemble_model\8\good_fig_8_outside_junction\1778017151601_115_35.png,115.0,35.0,figure8,figure8_1778017151601,good_fig_8_outside_junction
NewModel\ensemble_model\8\good_fig_8_junction_obstacle\1778020038280_85_0.png,85.0,0.0,figure8,figure8_1778020038280,good_fig_8_junction_obstacle
NewModel\ensemble_model\8\good_oval_inside_bend\1778019076542_75_35.png,75.0,35.0,figure8,figure8_1778019076542,good_oval_inside_bend
NewModel\ensemble_model\8\good_fig_8_junction_obstacle\1778019865165_60_35.png,60.0,35.0,figure8,figure8_1778019865165,good_fig_8_junction_obstacle
NewModel\ensemble_model\8\good_fig_8_junction_obstacle\1778019929307_55_35.png,55.0,35.0,figure8,figure8_1778019929307,good_fig_8_junction_obstacle
NewModel\ensemble_model\8\good_oval_inside_bend\1778018927964_60_35.png,60.0,35.0,figure8,figure8_1778018927964,good_oval_inside_bend
NewModel\ensemble_model\8\good_oval_inside_bend\1778019046350_100_35.png,100.0,35.0,figure8,figure8_1778019046350,good_oval_inside_bend
NewModel\ensemble_model\8\good_fig_8_outside_junction\1778017032983_120_35.png,120.0,35.0,figure8,figure8_1778017032983,good_fig_8_outside_junction
NewModel\ensemble_model\8\good_oval_inside_bend\1778019080764_110_35.png,110.0,35.0,figure8,figure8_1778019080764,good_oval_inside_bend
NewModel\ensemble_model\8\good_fig_8_junction_obstacle\1778019928272_55_35.png,55.0,35.0,figure8,figure8_1778019928272,good_fig_8_junction_obstacle
NewModel\ensemble_model\8\good_oval_inside_bend\1778018988145_90_35.png,90.0,35.0,figure8,figure8_1778018988145,good_oval_inside_bend
NewModel\ensemble_model\8\good_fig_8_junction_obstacle\1778019708577_80_35.png,80.0,35.0,figure8,figure8_1778019708577,good_fig_8_junction_obstacle
NewModel\ensemble_model\8\good_oval_inside_bend\1778018931065_85_35.png,85.0,35.0,figure8,figure8_1778018931065,good_oval_inside_bend
NewModel\ensemble_model\8\good_oval_inside_bend\1778018945650_75_35.png,75.0,35.0,figure8,figure8_1778018945650,good_oval_inside_bend
NewModel\ensemble_model\8\good_oval_inside_bend\1778019069142_75_35.png,75.0,35.0,figure8,figure8_1778019069142,good_oval_inside_bend
NewModel\ensemble_model\8\good_oval_inside_bend\1778019159420_65_35.png,65.0,35.0,figure8,figure8_1778019159420,good_oval_inside_bend
NewModel\ensemble_model\8\good_fig_8_outside_junction\1778017035083_100_35.png,100.0,35.0,figure8,figure8_1778017035083,good_fig_8_outside_junction
NewModel\ensemble_model\8\good_oval_inside_bend\1778019031744_90_0.png,90.0,0.0,figure8,figure8_1778019031744,good_oval_inside_bend
NewModel\ensemble_model\8\good_oval_inside_bend\1778018992318_65_35.png,65.0,35.0,figure8,figure8_1778018992318,good_oval_inside_bend
NewModel\ensemble_model\8\good_oval_inside_bend\1778019042182_65_35.png,65.0,35.0,figure8,figure8_1778019042182,good_oval_inside_bend
NewModel\ensemble_model\8\good_oval_inside_bend\1778019109047_60_35.png,60.0,35.0,figure8,figure8_1778019109047,good_oval_inside_bend
NewModel\ensemble_model\8\good_fig_8_junction_obstacle\1778019754008_60_35.png,60.0,35.0,figure8,figure8_1778019754008,good_fig_8_junction_obstacle
NewModel\ensemble_model\8\good_oval_inside_bend\1778018930034_70_35.png,70.0,35.0,figure8,figure8_1778018930034,good_oval_inside_bend
NewModel\ensemble_model\8\good_fig_8_outside_junction\1778017111730_115_35.png,115.0,35.0,figure8,figure8_1778017111730,good_fig_8_outside_junction
NewModel\ensemble_model\8\good_oval_inside_bend\1778019040113_55_35.png,55.0,35.0,figure8,figure8_1778019040113,good_oval_inside_bend
NewModel\ensemble_model\8\good_oval_inside_bend\1778018926896_65_35.png,65.0,35.0,figure8,figure8_1778018926896,good_oval_inside_bend
NewModel\ensemble_model\8\good_fig_8_junction_obstacle\1778020035148_55_35.png,55.0,35.0,figure8,figure8_1778020035148,good_fig_8_junction_obstacle
NewModel\ensemble_model\8\good_oval_inside_bend\1778018928996_65_35.png,65.0,35.0,figure8,figure8_1778018928996,good_oval_inside_bend
