image_path,steering,speed,source,sequence_key,chunk_id
data\training_data\508.png,85.0,0.0,csv,csv_000000508,1
data\training_data\509.png,89.375,1.0,csv,csv_000000509,1
data\training_data\510.png,85.0,0.0,csv,csv_000000510,1
data\training_data\511.png,80.625,1.0,csv,csv_000000511,1
data\training_data\512.png,89.375,1.0,csv,csv_000000512,1
data\training_data\513.png,85.0,0.0,csv,csv_000000513,1
data\training_data\514.png,98.125,1.0,csv,csv_000000514,1
data\training_data\515.png,85.0,1.0,csv,csv_000000515,1
data\training_data\516.png,111.25,0.0,csv,csv_000000516,1
data\training_data\517.png,89.375,1.0,csv,csv_000000517,1
data\training_data\518.png,102.5,1.0,csv,csv_000000518,1
data\training_data\519.png,63.125,1.0,csv,csv_000000519,1
data\training_data\520.png,93.75,1.0,csv,csv_000000520,1
data\training_data\521.png,106.875,1.0,csv,csv_000000521,1
data\training_data\522.png,76.25,1.0,csv,csv_000000522,1
data\training_data\523.png,85.0,1.0,csv,csv_000000523,1
data\training_data\524.png,85.0,1.0,csv,csv_000000524,1
data\training_data\525.png,102.5,1.0,csv,csv_000000525,1
data\training_data\526.png,89.375,1.0,csv,csv_000000526,1
data\training_data\527.png,106.875,1.0,csv,csv_000000527,1
data\training_data\528.png,98.125,0.0,csv,csv_000000528,1
data\training_data\529.png,58.75,0.0,csv,csv_000000529,1
data\training_data\530.png,85.0,0.0,csv,csv_000000530,1
data\training_data\531.png,76.25,1.0,csv,csv_000000531,1
data\training_data\532.png,106.875,1.0,csv,csv_000000532,1
data\training_data\533.png,63.125,0.0,csv,csv_000000533,1
data\training_data\534.png,98.125,1.0,csv,csv_000000534,1
data\training_data\535.png,76.25,1.0,csv,csv_000000535,1
data\training_data\536.png,89.375,1.0,csv,csv_000000536,1
data\training_data\537.png,106.875,1.0,csv,csv_000000537,1
data\training_data\538.png,85.0,0.0,csv,csv_000000538,1
data\training_data\539.png,102.5,1.0,csv,csv_000000539,1
data\training_data\540.png,89.375,1.0,csv,csv_000000540,1
data\training_data\541.png,58.75,1.0,csv,csv_000000541,1
data\training_data\542.png,58.75,0.0,csv,csv_000000542,1
data\training_data\543.png,106.875,1.0,csv,csv_000000543,1
data\training_data\544.png,98.125,0.0,csv,csv_000000544,1
data\training_data\545.png,54.375,1.0,csv,csv_000000545,1
data\training_data\546.png,93.75,1.0,csv,csv_000000546,1
data\training_data\547.png,115.625,1.0,csv,csv_000000547,1
data\training_data\548.png,93.75,0.0,csv,csv_000000548,1
data\training_data\549.png,67.5,1.0,csv,csv_000000549,1
data\training_data\550.png,102.5,1.0,csv,csv_000000550,1
data\training_data\551.png,115.625,1.0,csv,csv_000000551,1
data\training_data\552.png,89.375,1.0,csv,csv_000000552,1
data\training_data\553.png,98.125,1.0,csv,csv_000000553,1
data\training_data\554.png,111.25,1.0,csv,csv_000000554,1
data\training_data\555.png,98.125,1.0,csv,csv_000000555,1
data\training_data\556.png,85.0,1.0,csv,csv_000000556,1
data\training_data\557.png,89.375,1.0,csv,csv_000000557,1
data\training_data\558.png,106.875,0.0,csv,csv_000000558,1
data\training_data\559.png,102.5,1.0,csv,csv_000000559,1
data\training_data\560.png,106.875,1.0,csv,csv_000000560,1
data\training_data\561.png,102.5,1.0,csv,csv_000000561,1
data\training_data\562.png,106.875,1.0,csv,csv_000000562,1
data\training_data\563.png,63.125,1.0,csv,csv_000000563,1
data\training_data\564.png,106.875,1.0,csv,csv_000000564,1
data\training_data\565.png,58.75,1.0,csv,csv_000000565,1
data\training_data\566.png,63.125,1.0,csv,csv_000000566,1
data\training_data\567.png,67.5,1.0,csv,csv_000000567,1
data\training_data\568.png,102.5,0.0,csv,csv_000000568,1
data\training_data\569.png,98.125,0.0,csv,csv_000000569,1
data\training_data\570.png,76.25,1.0,csv,csv_000000570,1
data\training_data\571.png,98.125,0.0,csv,csv_000000571,1
data\training_data\572.png,85.0,1.0,csv,csv_000000572,1
data\training_data\573.png,85.0,1.0,csv,csv_000000573,1
data\training_data\574.png,63.125,1.0,csv,csv_000000574,1
data\training_data\575.png,67.5,1.0,csv,csv_000000575,1
data\training_data\576.png,76.25,1.0,csv,csv_000000576,1
data\training_data\577.png,93.75,1.0,csv,csv_000000577,1
data\training_data\578.png,63.125,1.0,csv,csv_000000578,1
data\training_data\579.png,106.875,1.0,csv,csv_000000579,1
data\training_data\580.png,63.125,1.0,csv,csv_000000580,1
data\training_data\581.png,85.0,0.0,csv,csv_000000581,1
data\training_data\582.png,80.625,1.0,csv,csv_000000582,1
data\training_data\583.png,89.375,1.0,csv,csv_000000583,1
data\training_data\584.png,102.5,0.0,csv,csv_000000584,1
data\training_data\585.png,106.875,1.0,csv,csv_000000585,1
data\training_data\586.png,85.0,1.0,csv,csv_000000586,1
data\training_data\587.png,98.125,1.0,csv,csv_000000587,1
data\training_data\588.png,111.25,1.0,csv,csv_000000588,1
data\training_data\589.png,89.375,1.0,csv,csv_000000589,1
data\training_data\590.png,85.0,0.0,csv,csv_000000590,1
data\training_data\591.png,85.0,1.0,csv,csv_000000591,1
data\training_data\592.png,85.0,1.0,csv,csv_000000592,1
data\training_data\593.png,102.5,1.0,csv,csv_000000593,1
data\training_data\594.png,80.625,1.0,csv,csv_000000594,1
data\training_data\595.png,93.75,1.0,csv,csv_000000595,1
data\training_data\596.png,85.0,1.0,csv,csv_000000596,1
data\training_data\597.png,106.875,1.0,csv,csv_000000597,1
data\training_data\598.png,89.375,0.0,csv,csv_000000598,1
data\training_data\599.png,89.375,1.0,csv,csv_000000599,1
data\training_data\600.png,58.75,1.0,csv,csv_000000600,1
data\training_data\601.png,58.75,1.0,csv,csv_000000601,1
data\training_data\602.png,98.125,1.0,csv,csv_000000602,1
data\training_data\603.png,85.0,0.0,csv,csv_000000603,1
data\training_data\604.png,80.625,1.0,csv,csv_000000604,1
data\training_data\605.png,102.5,1.0,csv,csv_000000605,1
data\training_data\606.png,93.75,1.0,csv,csv_000000606,1
data\training_data\607.png,98.125,1.0,csv,csv_000000607,1
data\training_data\608.png,58.75,1.0,csv,csv_000000608,1
data\training_data\609.png,89.375,1.0,csv,csv_000000609,1
data\training_data\610.png,80.625,1.0,csv,csv_000000610,1
data\training_data\611.png,80.625,1.0,csv,csv_000000611,1
data\training_data\612.png,106.875,1.0,csv,csv_000000612,1
data\training_data\613.png,58.75,1.0,csv,csv_000000613,1
data\training_data\614.png,85.0,0.0,csv,csv_000000614,1
data\training_data\615.png,85.0,1.0,csv,csv_000000615,1
data\training_data\616.png,58.75,1.0,csv,csv_000000616,1
data\training_data\617.png,58.75,1.0,csv,csv_000000617,1
data\training_data\618.png,111.25,0.0,csv,csv_000000618,1
data\training_data\619.png,54.375,1.0,csv,csv_000000619,1
data\training_data\620.png,93.75,0.0,csv,csv_000000620,1
data\training_data\621.png,85.0,1.0,csv,csv_000000621,1
data\training_data\622.png,98.125,1.0,csv,csv_000000622,1
data\training_data\623.png,85.0,0.0,csv,csv_000000623,1
data\training_data\624.png,98.125,0.0,csv,csv_000000624,1
data\training_data\625.png,85.0,1.0,csv,csv_000000625,1
data\training_data\626.png,76.25,0.0,csv,csv_000000626,1
data\training_data\627.png,111.25,0.0,csv,csv_000000627,1
data\training_data\628.png,89.375,1.0,csv,csv_000000628,1
data\training_data\629.png,85.0,1.0,csv,csv_000000629,1
data\training_data\630.png,98.125,0.0,csv,csv_000000630,1
data\training_data\631.png,85.0,0.0,csv,csv_000000631,1
data\training_data\632.png,102.5,1.0,csv,csv_000000632,1
data\training_data\633.png,93.75,0.0,csv,csv_000000633,1
data\training_data\634.png,106.875,1.0,csv,csv_000000634,1
data\training_data\635.png,80.625,1.0,csv,csv_000000635,1
data\training_data\636.png,102.5,1.0,csv,csv_000000636,1
data\training_data\637.png,85.0,1.0,csv,csv_000000637,1
data\training_data\638.png,58.75,1.0,csv,csv_000000638,1
data\training_data\639.png,102.5,1.0,csv,csv_000000639,1
data\training_data\640.png,85.0,1.0,csv,csv_000000640,1
data\training_data\641.png,85.0,0.0,csv,csv_000000641,1
data\training_data\642.png,63.125,1.0,csv,csv_000000642,1
data\training_data\643.png,93.75,1.0,csv,csv_000000643,1
data\training_data\644.png,102.5,1.0,csv,csv_000000644,1
data\training_data\645.png,98.125,1.0,csv,csv_000000645,1
data\training_data\646.png,85.0,1.0,csv,csv_000000646,1
data\training_data\647.png,85.0,1.0,csv,csv_000000647,1
data\training_data\648.png,85.0,0.0,csv,csv_000000648,1
data\training_data\649.png,102.5,1.0,csv,csv_000000649,1
data\training_data\650.png,85.0,0.0,csv,csv_000000650,1
data\training_data\651.png,102.5,1.0,csv,csv_000000651,1
data\training_data\652.png,102.5,0.0,csv,csv_000000652,1
data\training_data\653.png,102.5,1.0,csv,csv_000000653,1
data\training_data\654.png,102.5,1.0,csv,csv_000000654,1
data\training_data\655.png,98.125,0.0,csv,csv_000000655,1
data\training_data\656.png,106.875,0.0,csv,csv_000000656,1
data\training_data\657.png,102.5,1.0,csv,csv_000000657,1
data\training_data\658.png,58.75,1.0,csv,csv_000000658,1
data\training_data\659.png,111.25,1.0,csv,csv_000000659,1
data\training_data\660.png,89.375,1.0,csv,csv_000000660,1
data\training_data\661.png,98.125,1.0,csv,csv_000000661,1
data\training_data\662.png,85.0,1.0,csv,csv_000000662,1
data\training_data\663.png,85.0,1.0,csv,csv_000000663,1
data\training_data\664.png,106.875,0.0,csv,csv_000000664,1
data\training_data\665.png,102.5,1.0,csv,csv_000000665,1
data\training_data\666.png,111.25,1.0,csv,csv_000000666,1
data\training_data\667.png,85.0,1.0,csv,csv_000000667,1
data\training_data\668.png,89.375,1.0,csv,csv_000000668,1
data\training_data\669.png,111.25,0.0,csv,csv_000000669,1
data\training_data\670.png,102.5,0.0,csv,csv_000000670,1
data\training_data\671.png,85.0,0.0,csv,csv_000000671,1
data\training_data\672.png,85.0,1.0,csv,csv_000000672,1
data\training_data\673.png,93.75,0.0,csv,csv_000000673,1
data\training_data\674.png,89.375,1.0,csv,csv_000000674,1
data\training_data\675.png,89.375,1.0,csv,csv_000000675,1
data\training_data\676.png,85.0,1.0,csv,csv_000000676,1
data\training_data\677.png,71.875,1.0,csv,csv_000000677,1
data\training_data\678.png,120.0,1.0,csv,csv_000000678,1
data\training_data\679.png,85.0,1.0,csv,csv_000000679,1
data\training_data\680.png,80.625,1.0,csv,csv_000000680,1
data\training_data\681.png,89.375,1.0,csv,csv_000000681,1
data\training_data\682.png,106.875,1.0,csv,csv_000000682,1
data\training_data\683.png,63.125,1.0,csv,csv_000000683,1
data\training_data\684.png,89.375,1.0,csv,csv_000000684,1
data\training_data\685.png,76.25,1.0,csv,csv_000000685,1
data\training_data\686.png,85.0,1.0,csv,csv_000000686,1
data\training_data\687.png,80.625,1.0,csv,csv_000000687,1
data\training_data\688.png,106.875,1.0,csv,csv_000000688,1
data\training_data\689.png,98.125,1.0,csv,csv_000000689,1
data\training_data\690.png,85.0,0.0,csv,csv_000000690,1
data\training_data\691.png,63.125,1.0,csv,csv_000000691,1
data\training_data\692.png,89.375,0.0,csv,csv_000000692,1
data\training_data\693.png,85.0,1.0,csv,csv_000000693,1
data\training_data\694.png,85.0,1.0,csv,csv_000000694,1
data\training_data\695.png,85.0,1.0,csv,csv_000000695,1
data\training_data\696.png,76.25,1.0,csv,csv_000000696,1
data\training_data\697.png,89.375,1.0,csv,csv_000000697,1
data\training_data\698.png,54.375,1.0,csv,csv_000000698,1
data\training_data\699.png,89.375,0.0,csv,csv_000000699,1
data\training_data\700.png,80.625,1.0,csv,csv_000000700,1
data\training_data\701.png,85.0,1.0,csv,csv_000000701,1
data\training_data\702.png,98.125,0.0,csv,csv_000000702,1
data\training_data\703.png,89.375,1.0,csv,csv_000000703,1
data\training_data\704.png,89.375,1.0,csv,csv_000000704,1
data\training_data\705.png,102.5,1.0,csv,csv_000000705,1
data\training_data\706.png,80.625,1.0,csv,csv_000000706,1
data\training_data\707.png,89.375,1.0,csv,csv_000000707,1
data\training_data\708.png,89.375,1.0,csv,csv_000000708,1
data\training_data\709.png,115.625,1.0,csv,csv_000000709,1
data\training_data\710.png,85.0,1.0,csv,csv_000000710,1
data\training_data\711.png,85.0,0.0,csv,csv_000000711,1
data\training_data\712.png,98.125,1.0,csv,csv_000000712,1
data\training_data\713.png,98.125,1.0,csv,csv_000000713,1
data\training_data\714.png,102.5,1.0,csv,csv_000000714,1
data\training_data\715.png,80.625,1.0,csv,csv_000000715,1
data\training_data\716.png,98.125,1.0,csv,csv_000000716,1
data\training_data\717.png,98.125,1.0,csv,csv_000000717,1
data\training_data\718.png,63.125,1.0,csv,csv_000000718,1
data\training_data\719.png,106.875,1.0,csv,csv_000000719,1
data\training_data\720.png,102.5,1.0,csv,csv_000000720,1
data\training_data\721.png,93.75,1.0,csv,csv_000000721,1
data\training_data\722.png,85.0,1.0,csv,csv_000000722,1
data\training_data\723.png,102.5,1.0,csv,csv_000000723,1
data\training_data\724.png,58.75,1.0,csv,csv_000000724,1
data\training_data\725.png,111.25,0.0,csv,csv_000000725,1
data\training_data\726.png,85.0,0.0,csv,csv_000000726,1
data\training_data\727.png,98.125,1.0,csv,csv_000000727,1
data\training_data\728.png,85.0,0.0,csv,csv_000000728,1
data\training_data\729.png,63.125,1.0,csv,csv_000000729,1
data\training_data\730.png,85.0,1.0,csv,csv_000000730,1
data\training_data\731.png,85.0,0.0,csv,csv_000000731,1
data\training_data\732.png,102.5,1.0,csv,csv_000000732,1
data\training_data\733.png,89.375,1.0,csv,csv_000000733,1
data\training_data\734.png,102.5,1.0,csv,csv_000000734,1
data\training_data\735.png,85.0,1.0,csv,csv_000000735,1
data\training_data\736.png,80.625,1.0,csv,csv_000000736,1
data\training_data\737.png,89.375,1.0,csv,csv_000000737,1
data\training_data\738.png,85.0,0.0,csv,csv_000000738,1
data\training_data\739.png,89.375,1.0,csv,csv_000000739,1
data\training_data\740.png,85.0,1.0,csv,csv_000000740,1
data\training_data\741.png,85.0,1.0,csv,csv_000000741,1
data\training_data\742.png,98.125,1.0,csv,csv_000000742,1
data\training_data\743.png,98.125,1.0,csv,csv_000000743,1
data\training_data\744.png,63.125,1.0,csv,csv_000000744,1
data\training_data\745.png,93.75,1.0,csv,csv_000000745,1
data\training_data\746.png,85.0,0.0,csv,csv_000000746,1
data\training_data\747.png,85.0,1.0,csv,csv_000000747,1
data\training_data\748.png,76.25,1.0,csv,csv_000000748,1
data\training_data\749.png,71.875,0.0,csv,csv_000000749,1
data\training_data\750.png,98.125,1.0,csv,csv_000000750,1
data\training_data\751.png,63.125,1.0,csv,csv_000000751,1
data\training_data\752.png,85.0,1.0,csv,csv_000000752,1
data\training_data\753.png,58.75,1.0,csv,csv_000000753,1
data\training_data\754.png,85.0,0.0,csv,csv_000000754,1
data\training_data\755.png,80.625,1.0,csv,csv_000000755,1
data\training_data\756.png,106.875,0.0,csv,csv_000000756,1
data\training_data\757.png,85.0,0.0,csv,csv_000000757,1
data\training_data\758.png,85.0,0.0,csv,csv_000000758,1
data\training_data\759.png,89.375,1.0,csv,csv_000000759,1
data\training_data\760.png,89.375,0.0,csv,csv_000000760,1
data\training_data\761.png,58.75,1.0,csv,csv_000000761,1
data\training_data\762.png,58.75,0.0,csv,csv_000000762,1
data\training_data\763.png,93.75,1.0,csv,csv_000000763,1
data\training_data\764.png,89.375,1.0,csv,csv_000000764,1
data\training_data\765.png,102.5,1.0,csv,csv_000000765,1
data\training_data\766.png,102.5,1.0,csv,csv_000000766,1
data\training_data\767.png,89.375,1.0,csv,csv_000000767,1
data\training_data\768.png,85.0,1.0,csv,csv_000000768,1
data\training_data\769.png,85.0,0.0,csv,csv_000000769,1
data\training_data\770.png,76.25,1.0,csv,csv_000000770,1
data\training_data\771.png,58.75,1.0,csv,csv_000000771,1
data\training_data\772.png,89.375,0.0,csv,csv_000000772,1
data\training_data\773.png,102.5,1.0,csv,csv_000000773,1
data\training_data\774.png,58.75,1.0,csv,csv_000000774,1
data\training_data\775.png,106.875,1.0,csv,csv_000000775,1
data\training_data\776.png,102.5,1.0,csv,csv_000000776,1
data\training_data\777.png,85.0,1.0,csv,csv_000000777,1
data\training_data\778.png,89.375,1.0,csv,csv_000000778,1
data\training_data\779.png,89.375,1.0,csv,csv_000000779,1
data\training_data\780.png,106.875,0.0,csv,csv_000000780,1
data\training_data\781.png,111.25,1.0,csv,csv_000000781,1
data\training_data\782.png,85.0,1.0,csv,csv_000000782,1
data\training_data\783.png,93.75,1.0,csv,csv_000000783,1
data\training_data\784.png,102.5,1.0,csv,csv_000000784,1
data\training_data\785.png,58.75,1.0,csv,csv_000000785,1
data\training_data\786.png,80.625,1.0,csv,csv_000000786,1
data\training_data\787.png,93.75,0.0,csv,csv_000000787,1
data\training_data\788.png,98.125,0.0,csv,csv_000000788,1
data\training_data\789.png,102.5,1.0,csv,csv_000000789,1
data\training_data\790.png,80.625,1.0,csv,csv_000000790,1
data\training_data\791.png,85.0,0.0,csv,csv_000000791,1
data\training_data\792.png,106.875,1.0,csv,csv_000000792,1
data\training_data\793.png,89.375,0.0,csv,csv_000000793,1
data\training_data\794.png,89.375,1.0,csv,csv_000000794,1
data\training_data\795.png,93.75,1.0,csv,csv_000000795,1
data\training_data\796.png,85.0,0.0,csv,csv_000000796,1
data\training_data\797.png,93.75,1.0,csv,csv_000000797,1
data\training_data\798.png,111.25,0.0,csv,csv_000000798,1
data\training_data\799.png,102.5,1.0,csv,csv_000000799,1
data\training_data\800.png,80.625,1.0,csv,csv_000000800,1
data\training_data\801.png,85.0,0.0,csv,csv_000000801,1
data\training_data\802.png,111.25,0.0,csv,csv_000000802,1
data\training_data\803.png,63.125,1.0,csv,csv_000000803,1
data\training_data\804.png,85.0,0.0,csv,csv_000000804,1
data\training_data\805.png,89.375,1.0,csv,csv_000000805,1
data\training_data\806.png,58.75,1.0,csv,csv_000000806,1
data\training_data\807.png,93.75,0.0,csv,csv_000000807,1
data\training_data\808.png,85.0,1.0,csv,csv_000000808,1
data\training_data\809.png,63.125,1.0,csv,csv_000000809,1
data\training_data\810.png,58.75,1.0,csv,csv_000000810,1
data\training_data\811.png,89.375,1.0,csv,csv_000000811,1
data\training_data\812.png,93.75,1.0,csv,csv_000000812,1
data\training_data\813.png,111.25,0.0,csv,csv_000000813,1
data\training_data\814.png,63.125,1.0,csv,csv_000000814,1
data\training_data\815.png,89.375,1.0,csv,csv_000000815,1
data\training_data\816.png,89.375,1.0,csv,csv_000000816,1
data\training_data\817.png,85.0,0.0,csv,csv_000000817,1
data\training_data\818.png,54.375,1.0,csv,csv_000000818,1
data\training_data\819.png,85.0,1.0,csv,csv_000000819,1
data\training_data\820.png,98.125,1.0,csv,csv_000000820,1
data\training_data\821.png,93.75,1.0,csv,csv_000000821,1
data\training_data\822.png,80.625,1.0,csv,csv_000000822,1
data\training_data\823.png,80.625,1.0,csv,csv_000000823,1
data\training_data\824.png,89.375,1.0,csv,csv_000000824,1
data\training_data\825.png,80.625,1.0,csv,csv_000000825,1
data\training_data\826.png,111.25,0.0,csv,csv_000000826,1
data\training_data\827.png,80.625,1.0,csv,csv_000000827,1
data\training_data\828.png,98.125,1.0,csv,csv_000000828,1
data\training_data\829.png,85.0,1.0,csv,csv_000000829,1
data\training_data\830.png,89.375,1.0,csv,csv_000000830,1
data\training_data\831.png,85.0,1.0,csv,csv_000000831,1
data\training_data\832.png,102.5,1.0,csv,csv_000000832,1
data\training_data\833.png,80.625,1.0,csv,csv_000000833,1
data\training_data\834.png,85.0,1.0,csv,csv_000000834,1
data\training_data\835.png,80.625,1.0,csv,csv_000000835,1
data\training_data\836.png,85.0,0.0,csv,csv_000000836,1
data\training_data\837.png,102.5,1.0,csv,csv_000000837,1
data\training_data\838.png,85.0,0.0,csv,csv_000000838,1
data\training_data\839.png,115.625,1.0,csv,csv_000000839,1
data\training_data\840.png,102.5,1.0,csv,csv_000000840,1
data\training_data\841.png,111.25,0.0,csv,csv_000000841,1
data\training_data\842.png,85.0,1.0,csv,csv_000000842,1
data\training_data\843.png,85.0,1.0,csv,csv_000000843,1
data\training_data\844.png,85.0,0.0,csv,csv_000000844,1
data\training_data\845.png,120.0,0.0,csv,csv_000000845,1
data\training_data\846.png,71.875,1.0,csv,csv_000000846,1
data\training_data\847.png,67.5,0.0,csv,csv_000000847,1
data\training_data\848.png,111.25,0.0,csv,csv_000000848,1
data\training_data\849.png,93.75,1.0,csv,csv_000000849,1
data\training_data\850.png,85.0,1.0,csv,csv_000000850,1
data\training_data\851.png,85.0,0.0,csv,csv_000000851,1
data\training_data\852.png,85.0,1.0,csv,csv_000000852,1
data\training_data\853.png,93.75,1.0,csv,csv_000000853,1
data\training_data\854.png,89.375,1.0,csv,csv_000000854,1
data\training_data\855.png,120.0,0.0,csv,csv_000000855,1
data\training_data\856.png,63.125,1.0,csv,csv_000000856,1
data\training_data\857.png,80.625,1.0,csv,csv_000000857,1
data\training_data\858.png,89.375,1.0,csv,csv_000000858,1
data\training_data\859.png,50.0,1.0,csv,csv_000000859,1
data\training_data\860.png,80.625,0.0,csv,csv_000000860,1
data\training_data\861.png,80.625,1.0,csv,csv_000000861,1
data\training_data\862.png,76.25,1.0,csv,csv_000000862,1
data\training_data\863.png,71.875,1.0,csv,csv_000000863,1
data\training_data\864.png,54.375,1.0,csv,csv_000000864,1
data\training_data\865.png,111.25,0.0,csv,csv_000000865,1
data\training_data\866.png,89.375,1.0,csv,csv_000000866,1
data\training_data\867.png,102.5,1.0,csv,csv_000000867,1
data\training_data\868.png,93.75,1.0,csv,csv_000000868,1
data\training_data\869.png,89.375,0.0,csv,csv_000000869,1
data\training_data\870.png,98.125,1.0,csv,csv_000000870,1
data\training_data\871.png,54.375,1.0,csv,csv_000000871,1
data\training_data\872.png,58.75,1.0,csv,csv_000000872,1
data\training_data\873.png,76.25,1.0,csv,csv_000000873,1
data\training_data\874.png,106.875,1.0,csv,csv_000000874,1
data\training_data\875.png,80.625,1.0,csv,csv_000000875,1
data\training_data\876.png,89.375,1.0,csv,csv_000000876,1
data\training_data\877.png,89.375,1.0,csv,csv_000000877,1
data\training_data\878.png,85.0,1.0,csv,csv_000000878,1
data\training_data\879.png,54.375,1.0,csv,csv_000000879,1
data\training_data\880.png,71.875,1.0,csv,csv_000000880,1
data\training_data\881.png,85.0,0.0,csv,csv_000000881,1
data\training_data\882.png,89.375,0.0,csv,csv_000000882,1
data\training_data\883.png,85.0,1.0,csv,csv_000000883,1
data\training_data\884.png,80.625,0.0,csv,csv_000000884,1
data\training_data\885.png,98.125,1.0,csv,csv_000000885,1
data\training_data\886.png,111.25,1.0,csv,csv_000000886,1
data\training_data\887.png,67.5,1.0,csv,csv_000000887,1
data\training_data\888.png,85.0,1.0,csv,csv_000000888,1
data\training_data\889.png,71.875,1.0,csv,csv_000000889,1
data\training_data\890.png,93.75,1.0,csv,csv_000000890,1
data\training_data\891.png,54.375,1.0,csv,csv_000000891,1
data\training_data\892.png,76.25,1.0,csv,csv_000000892,1
data\training_data\893.png,85.0,1.0,csv,csv_000000893,1
data\training_data\894.png,102.5,1.0,csv,csv_000000894,1
data\training_data\895.png,106.875,1.0,csv,csv_000000895,1
data\training_data\896.png,63.125,1.0,csv,csv_000000896,1
data\training_data\897.png,85.0,0.0,csv,csv_000000897,1
data\training_data\898.png,58.75,1.0,csv,csv_000000898,1
data\training_data\899.png,63.125,0.0,csv,csv_000000899,1
data\training_data\900.png,58.75,1.0,csv,csv_000000900,1
data\training_data\901.png,89.375,1.0,csv,csv_000000901,1
data\training_data\902.png,106.875,1.0,csv,csv_000000902,1
data\training_data\903.png,85.0,0.0,csv,csv_000000903,1
data\training_data\904.png,58.75,1.0,csv,csv_000000904,1
data\training_data\905.png,85.0,0.0,csv,csv_000000905,1
data\training_data\906.png,98.125,1.0,csv,csv_000000906,1
data\training_data\907.png,89.375,1.0,csv,csv_000000907,1
data\training_data\908.png,85.0,0.0,csv,csv_000000908,1
data\training_data\909.png,80.625,1.0,csv,csv_000000909,1
data\training_data\910.png,98.125,1.0,csv,csv_000000910,1
data\training_data\911.png,89.375,0.0,csv,csv_000000911,1
data\training_data\912.png,89.375,1.0,csv,csv_000000912,1
data\training_data\913.png,85.0,1.0,csv,csv_000000913,1
data\training_data\914.png,54.375,1.0,csv,csv_000000914,1
data\training_data\915.png,85.0,0.0,csv,csv_000000915,1
data\training_data\916.png,89.375,1.0,csv,csv_000000916,1
data\training_data\917.png,76.25,0.0,csv,csv_000000917,1
data\training_data\918.png,80.625,0.0,csv,csv_000000918,1
data\training_data\919.png,93.75,0.0,csv,csv_000000919,1
data\training_data\920.png,85.0,1.0,csv,csv_000000920,1
data\training_data\921.png,89.375,0.0,csv,csv_000000921,1
data\training_data\922.png,93.75,1.0,csv,csv_000000922,1
data\training_data\923.png,93.75,1.0,csv,csv_000000923,1
data\training_data\924.png,80.625,1.0,csv,csv_000000924,1
data\training_data\925.png,89.375,1.0,csv,csv_000000925,1
data\training_data\926.png,89.375,1.0,csv,csv_000000926,1
data\training_data\927.png,89.375,0.0,csv,csv_000000927,1
data\training_data\928.png,54.375,1.0,csv,csv_000000928,1
data\training_data\929.png,98.125,1.0,csv,csv_000000929,1
data\training_data\930.png,98.125,1.0,csv,csv_000000930,1
data\training_data\931.png,85.0,1.0,csv,csv_000000931,1
data\training_data\932.png,89.375,1.0,csv,csv_000000932,1
data\training_data\933.png,50.0,0.0,csv,csv_000000933,1
data\training_data\934.png,85.0,1.0,csv,csv_000000934,1
data\training_data\935.png,89.375,1.0,csv,csv_000000935,1
data\training_data\936.png,106.875,1.0,csv,csv_000000936,1
data\training_data\937.png,111.25,1.0,csv,csv_000000937,1
data\training_data\938.png,85.0,0.0,csv,csv_000000938,1
data\training_data\939.png,98.125,1.0,csv,csv_000000939,1
data\training_data\940.png,102.5,1.0,csv,csv_000000940,1
data\training_data\941.png,85.0,0.0,csv,csv_000000941,1
data\training_data\942.png,93.75,1.0,csv,csv_000000942,1
data\training_data\943.png,102.5,1.0,csv,csv_000000943,1
data\training_data\944.png,89.375,1.0,csv,csv_000000944,1
data\training_data\945.png,80.625,1.0,csv,csv_000000945,1
data\training_data\946.png,89.375,1.0,csv,csv_000000946,1
data\training_data\947.png,111.25,1.0,csv,csv_000000947,1
data\training_data\948.png,67.5,1.0,csv,csv_000000948,1
data\training_data\949.png,98.125,1.0,csv,csv_000000949,1
data\training_data\950.png,85.0,1.0,csv,csv_000000950,1
data\training_data\951.png,85.0,1.0,csv,csv_000000951,1
data\training_data\952.png,85.0,1.0,csv,csv_000000952,1
data\training_data\953.png,85.0,1.0,csv,csv_000000953,1
data\training_data\954.png,89.375,1.0,csv,csv_000000954,1
data\training_data\955.png,102.5,1.0,csv,csv_000000955,1
data\training_data\956.png,98.125,0.0,csv,csv_000000956,1
data\training_data\957.png,67.5,1.0,csv,csv_000000957,1
data\training_data\958.png,89.375,0.0,csv,csv_000000958,1
data\training_data\959.png,80.625,1.0,csv,csv_000000959,1
data\training_data\960.png,85.0,0.0,csv,csv_000000960,1
data\training_data\961.png,85.0,0.0,csv,csv_000000961,1
data\training_data\962.png,98.125,1.0,csv,csv_000000962,1
data\training_data\963.png,85.0,1.0,csv,csv_000000963,1
data\training_data\964.png,54.375,1.0,csv,csv_000000964,1
data\training_data\965.png,93.75,1.0,csv,csv_000000965,1
data\training_data\966.png,111.25,1.0,csv,csv_000000966,1
data\training_data\967.png,89.375,1.0,csv,csv_000000967,1
data\training_data\968.png,89.375,1.0,csv,csv_000000968,1
data\training_data\969.png,93.75,1.0,csv,csv_000000969,1
data\training_data\970.png,93.75,1.0,csv,csv_000000970,1
data\training_data\971.png,98.125,1.0,csv,csv_000000971,1
data\training_data\972.png,93.75,1.0,csv,csv_000000972,1
data\training_data\973.png,102.5,1.0,csv,csv_000000973,1
data\training_data\974.png,93.75,1.0,csv,csv_000000974,1
data\training_data\975.png,102.5,1.0,csv,csv_000000975,1
data\training_data\976.png,63.125,1.0,csv,csv_000000976,1
data\training_data\977.png,93.75,1.0,csv,csv_000000977,1
data\training_data\978.png,106.875,1.0,csv,csv_000000978,1
data\training_data\979.png,85.0,1.0,csv,csv_000000979,1
data\training_data\980.png,85.0,0.0,csv,csv_000000980,1
data\training_data\981.png,63.125,1.0,csv,csv_000000981,1
data\training_data\982.png,80.625,1.0,csv,csv_000000982,1
data\training_data\983.png,58.75,1.0,csv,csv_000000983,1
data\training_data\984.png,80.625,1.0,csv,csv_000000984,1
data\training_data\985.png,98.125,1.0,csv,csv_000000985,1
data\training_data\986.png,54.375,1.0,csv,csv_000000986,1
data\training_data\987.png,102.5,1.0,csv,csv_000000987,1
data\training_data\988.png,67.5,1.0,csv,csv_000000988,1
data\training_data\989.png,106.875,1.0,csv,csv_000000989,1
data\training_data\990.png,106.875,1.0,csv,csv_000000990,1
data\training_data\991.png,89.375,0.0,csv,csv_000000991,1
data\training_data\992.png,85.0,1.0,csv,csv_000000992,1
data\training_data\993.png,63.125,1.0,csv,csv_000000993,1
data\training_data\994.png,63.125,1.0,csv,csv_000000994,1
data\training_data\995.png,80.625,1.0,csv,csv_000000995,1
data\training_data\996.png,111.25,1.0,csv,csv_000000996,1
data\training_data\997.png,89.375,0.0,csv,csv_000000997,1
data\training_data\998.png,93.75,1.0,csv,csv_000000998,1
data\training_data\999.png,85.0,1.0,csv,csv_000000999,1
data\training_data\1000.png,54.375,1.0,csv,csv_000001000,1
data\training_data\1001.png,85.0,1.0,csv,csv_000001001,1
data\training_data\1002.png,58.75,1.0,csv,csv_000001002,1
data\training_data\1003.png,89.375,1.0,csv,csv_000001003,1
data\training_data\1004.png,85.0,0.0,csv,csv_000001004,1
data\training_data\1005.png,106.875,1.0,csv,csv_000001005,1
data\training_data\1006.png,89.375,1.0,csv,csv_000001006,1
data\training_data\1007.png,85.0,1.0,csv,csv_000001007,1
data\training_data\1008.png,85.0,1.0,csv,csv_000001008,2
data\training_data\1009.png,85.0,0.0,csv,csv_000001009,2
data\training_data\1010.png,89.375,1.0,csv,csv_000001010,2
data\training_data\1011.png,85.0,0.0,csv,csv_000001011,2
data\training_data\1012.png,93.75,0.0,csv,csv_000001012,2
data\training_data\1013.png,93.75,1.0,csv,csv_000001013,2
data\training_data\1014.png,85.0,1.0,csv,csv_000001014,2
data\training_data\1015.png,111.25,0.0,csv,csv_000001015,2
data\training_data\1016.png,89.375,1.0,csv,csv_000001016,2
data\training_data\1017.png,63.125,1.0,csv,csv_000001017,2
data\training_data\1018.png,111.25,1.0,csv,csv_000001018,2
data\training_data\1019.png,106.875,1.0,csv,csv_000001019,2
data\training_data\1020.png,115.625,1.0,csv,csv_000001020,2
data\training_data\1021.png,106.875,1.0,csv,csv_000001021,2
data\training_data\1022.png,76.25,0.0,csv,csv_000001022,2
data\training_data\1023.png,58.75,1.0,csv,csv_000001023,2
data\training_data\1024.png,89.375,1.0,csv,csv_000001024,2
data\training_data\1025.png,106.875,1.0,csv,csv_000001025,2
data\training_data\1026.png,111.25,1.0,csv,csv_000001026,2
data\training_data\1027.png,106.875,1.0,csv,csv_000001027,2
data\training_data\1028.png,89.375,1.0,csv,csv_000001028,2
data\training_data\1029.png,120.0,1.0,csv,csv_000001029,2
data\training_data\1030.png,106.875,1.0,csv,csv_000001030,2
data\training_data\1031.png,98.125,1.0,csv,csv_000001031,2
data\training_data\1032.png,102.5,1.0,csv,csv_000001032,2
data\training_data\1033.png,102.5,1.0,csv,csv_000001033,2
data\training_data\1034.png,85.0,1.0,csv,csv_000001034,2
data\training_data\1035.png,67.5,1.0,csv,csv_000001035,2
data\training_data\1036.png,85.0,1.0,csv,csv_000001036,2
data\training_data\1037.png,106.875,1.0,csv,csv_000001037,2
data\training_data\1038.png,85.0,1.0,csv,csv_000001038,2
data\training_data\1039.png,115.625,0.0,csv,csv_000001039,2
data\training_data\1040.png,98.125,0.0,csv,csv_000001040,2
data\training_data\1041.png,106.875,1.0,csv,csv_000001041,2
data\training_data\1042.png,54.375,1.0,csv,csv_000001042,2
data\training_data\1043.png,85.0,1.0,csv,csv_000001043,2
data\training_data\1044.png,67.5,1.0,csv,csv_000001044,2
data\training_data\1045.png,85.0,0.0,csv,csv_000001045,2
data\training_data\1046.png,111.25,0.0,csv,csv_000001046,2
data\training_data\1047.png,93.75,1.0,csv,csv_000001047,2
data\training_data\1048.png,50.0,1.0,csv,csv_000001048,2
data\training_data\1049.png,89.375,0.0,csv,csv_000001049,2
data\training_data\1050.png,85.0,1.0,csv,csv_000001050,2
data\training_data\1051.png,89.375,1.0,csv,csv_000001051,2
data\training_data\1052.png,98.125,1.0,csv,csv_000001052,2
data\training_data\1053.png,89.375,1.0,csv,csv_000001053,2
data\training_data\1054.png,106.875,1.0,csv,csv_000001054,2
data\training_data\1055.png,54.375,1.0,csv,csv_000001055,2
data\training_data\1056.png,63.125,1.0,csv,csv_000001056,2
data\training_data\1057.png,85.0,1.0,csv,csv_000001057,2
data\training_data\1058.png,58.75,0.0,csv,csv_000001058,2
data\training_data\1059.png,80.625,0.0,csv,csv_000001059,2
data\training_data\1060.png,85.0,1.0,csv,csv_000001060,2
data\training_data\1061.png,111.25,0.0,csv,csv_000001061,2
data\training_data\1062.png,102.5,1.0,csv,csv_000001062,2
data\training_data\1063.png,98.125,1.0,csv,csv_000001063,2
data\training_data\1064.png,80.625,1.0,csv,csv_000001064,2
data\training_data\1065.png,85.0,1.0,csv,csv_000001065,2
data\training_data\1066.png,85.0,1.0,csv,csv_000001066,2
data\training_data\1067.png,63.125,1.0,csv,csv_000001067,2
data\training_data\1068.png,93.75,0.0,csv,csv_000001068,2
data\training_data\1069.png,89.375,0.0,csv,csv_000001069,2
data\training_data\1070.png,111.25,1.0,csv,csv_000001070,2
data\training_data\1071.png,85.0,1.0,csv,csv_000001071,2
data\training_data\1072.png,80.625,1.0,csv,csv_000001072,2
data\training_data\1073.png,85.0,1.0,csv,csv_000001073,2
data\training_data\1074.png,58.75,1.0,csv,csv_000001074,2
data\training_data\1075.png,71.875,1.0,csv,csv_000001075,2
data\training_data\1076.png,102.5,1.0,csv,csv_000001076,2
data\training_data\1077.png,102.5,1.0,csv,csv_000001077,2
data\training_data\1078.png,85.0,0.0,csv,csv_000001078,2
data\training_data\1079.png,80.625,1.0,csv,csv_000001079,2
data\training_data\1080.png,85.0,0.0,csv,csv_000001080,2
data\training_data\1081.png,85.0,1.0,csv,csv_000001081,2
data\training_data\1082.png,89.375,1.0,csv,csv_000001082,2
data\training_data\1083.png,93.75,1.0,csv,csv_000001083,2
data\training_data\1084.png,85.0,1.0,csv,csv_000001084,2
data\training_data\1085.png,106.875,1.0,csv,csv_000001085,2
data\training_data\1086.png,63.125,1.0,csv,csv_000001086,2
data\training_data\1087.png,76.25,0.0,csv,csv_000001087,2
data\training_data\1088.png,93.75,0.0,csv,csv_000001088,2
data\training_data\1089.png,85.0,0.0,csv,csv_000001089,2
data\training_data\1090.png,98.125,1.0,csv,csv_000001090,2
data\training_data\1091.png,98.125,1.0,csv,csv_000001091,2
data\training_data\1092.png,89.375,1.0,csv,csv_000001092,2
data\training_data\1093.png,63.125,1.0,csv,csv_000001093,2
data\training_data\1094.png,85.0,1.0,csv,csv_000001094,2
data\training_data\1095.png,106.875,1.0,csv,csv_000001095,2
data\training_data\1096.png,85.0,0.0,csv,csv_000001096,2
data\training_data\1097.png,85.0,1.0,csv,csv_000001097,2
data\training_data\1098.png,98.125,1.0,csv,csv_000001098,2
data\training_data\1099.png,102.5,1.0,csv,csv_000001099,2
data\training_data\1100.png,98.125,1.0,csv,csv_000001100,2
data\training_data\1101.png,85.0,1.0,csv,csv_000001101,2
data\training_data\1102.png,93.75,1.0,csv,csv_000001102,2
data\training_data\1103.png,58.75,1.0,csv,csv_000001103,2
data\training_data\1104.png,106.875,1.0,csv,csv_000001104,2
data\training_data\1105.png,89.375,1.0,csv,csv_000001105,2
data\training_data\1106.png,111.25,0.0,csv,csv_000001106,2
data\training_data\1107.png,89.375,1.0,csv,csv_000001107,2
data\training_data\1108.png,85.0,0.0,csv,csv_000001108,2
data\training_data\1109.png,58.75,0.0,csv,csv_000001109,2
data\training_data\1110.png,93.75,1.0,csv,csv_000001110,2
data\training_data\1111.png,89.375,1.0,csv,csv_000001111,2
data\training_data\1112.png,85.0,0.0,csv,csv_000001112,2
data\training_data\1113.png,98.125,1.0,csv,csv_000001113,2
data\training_data\1114.png,85.0,1.0,csv,csv_000001114,2
data\training_data\1115.png,89.375,1.0,csv,csv_000001115,2
data\training_data\1116.png,85.0,1.0,csv,csv_000001116,2
data\training_data\1117.png,85.0,1.0,csv,csv_000001117,2
data\training_data\1118.png,85.0,0.0,csv,csv_000001118,2
data\training_data\1119.png,89.375,1.0,csv,csv_000001119,2
data\training_data\1120.png,67.5,0.0,csv,csv_000001120,2
data\training_data\1121.png,80.625,1.0,csv,csv_000001121,2
data\training_data\1122.png,85.0,0.0,csv,csv_000001122,2
data\training_data\1123.png,98.125,1.0,csv,csv_000001123,2
data\training_data\1124.png,85.0,1.0,csv,csv_000001124,2
data\training_data\1125.png,85.0,0.0,csv,csv_000001125,2
data\training_data\1126.png,63.125,1.0,csv,csv_000001126,2
data\training_data\1127.png,85.0,1.0,csv,csv_000001127,2
data\training_data\1129.png,93.75,1.0,csv,csv_000001129,2
data\training_data\1130.png,85.0,1.0,csv,csv_000001130,2
data\training_data\1131.png,85.0,1.0,csv,csv_000001131,2
data\training_data\1132.png,54.375,1.0,csv,csv_000001132,2
data\training_data\1133.png,102.5,1.0,csv,csv_000001133,2
data\training_data\1134.png,93.75,1.0,csv,csv_000001134,2
data\training_data\1135.png,98.125,0.0,csv,csv_000001135,2
data\training_data\1136.png,80.625,1.0,csv,csv_000001136,2
data\training_data\1137.png,71.875,0.0,csv,csv_000001137,2
data\training_data\1138.png,58.75,1.0,csv,csv_000001138,2
data\training_data\1139.png,58.75,0.0,csv,csv_000001139,2
data\training_data\1140.png,58.75,1.0,csv,csv_000001140,2
data\training_data\1141.png,98.125,0.0,csv,csv_000001141,2
data\training_data\1142.png,76.25,1.0,csv,csv_000001142,2
data\training_data\1143.png,89.375,1.0,csv,csv_000001143,2
data\training_data\1144.png,80.625,0.0,csv,csv_000001144,2
data\training_data\1145.png,98.125,0.0,csv,csv_000001145,2
data\training_data\1146.png,76.25,1.0,csv,csv_000001146,2
data\training_data\1147.png,98.125,1.0,csv,csv_000001147,2
data\training_data\1148.png,85.0,1.0,csv,csv_000001148,2
data\training_data\1149.png,76.25,1.0,csv,csv_000001149,2
data\training_data\1150.png,76.25,0.0,csv,csv_000001150,2
data\training_data\1151.png,106.875,1.0,csv,csv_000001151,2
data\training_data\1152.png,106.875,1.0,csv,csv_000001152,2
data\training_data\1153.png,102.5,1.0,csv,csv_000001153,2
data\training_data\1154.png,120.0,1.0,csv,csv_000001154,2
data\training_data\1155.png,85.0,0.0,csv,csv_000001155,2
data\training_data\1156.png,67.5,1.0,csv,csv_000001156,2
data\training_data\1157.png,54.375,1.0,csv,csv_000001157,2
data\training_data\1158.png,85.0,1.0,csv,csv_000001158,2
data\training_data\1159.png,102.5,1.0,csv,csv_000001159,2
data\training_data\1160.png,102.5,1.0,csv,csv_000001160,2
data\training_data\1161.png,54.375,1.0,csv,csv_000001161,2
data\training_data\1162.png,98.125,1.0,csv,csv_000001162,2
data\training_data\1163.png,63.125,1.0,csv,csv_000001163,2
data\training_data\1164.png,98.125,1.0,csv,csv_000001164,2
data\training_data\1165.png,98.125,1.0,csv,csv_000001165,2
data\training_data\1166.png,93.75,1.0,csv,csv_000001166,2
data\training_data\1167.png,111.25,1.0,csv,csv_000001167,2
data\training_data\1168.png,115.625,1.0,csv,csv_000001168,2
data\training_data\1169.png,63.125,1.0,csv,csv_000001169,2
data\training_data\1170.png,76.25,1.0,csv,csv_000001170,2
data\training_data\1171.png,102.5,1.0,csv,csv_000001171,2
data\training_data\1172.png,106.875,1.0,csv,csv_000001172,2
data\training_data\1173.png,102.5,1.0,csv,csv_000001173,2
data\training_data\1174.png,102.5,1.0,csv,csv_000001174,2
data\training_data\1175.png,85.0,0.0,csv,csv_000001175,2
data\training_data\1176.png,85.0,1.0,csv,csv_000001176,2
data\training_data\1177.png,67.5,1.0,csv,csv_000001177,2
data\training_data\1178.png,85.0,1.0,csv,csv_000001178,2
data\training_data\1179.png,85.0,1.0,csv,csv_000001179,2
data\training_data\1180.png,111.25,1.0,csv,csv_000001180,2
data\training_data\1181.png,85.0,0.0,csv,csv_000001181,2
data\training_data\1182.png,54.375,1.0,csv,csv_000001182,2
data\training_data\1183.png,85.0,1.0,csv,csv_000001183,2
data\training_data\1184.png,58.75,1.0,csv,csv_000001184,2
data\training_data\1185.png,85.0,1.0,csv,csv_000001185,2
data\training_data\1186.png,102.5,1.0,csv,csv_000001186,2
data\training_data\1187.png,76.25,1.0,csv,csv_000001187,2
data\training_data\1188.png,106.875,1.0,csv,csv_000001188,2
data\training_data\1189.png,89.375,1.0,csv,csv_000001189,2
data\training_data\1190.png,102.5,1.0,csv,csv_000001190,2
data\training_data\1191.png,85.0,1.0,csv,csv_000001191,2
data\training_data\1192.png,93.75,1.0,csv,csv_000001192,2
data\training_data\1193.png,106.875,1.0,csv,csv_000001193,2
data\training_data\1194.png,89.375,1.0,csv,csv_000001194,2
data\training_data\1195.png,58.75,1.0,csv,csv_000001195,2
data\training_data\1196.png,63.125,1.0,csv,csv_000001196,2
data\training_data\1197.png,102.5,1.0,csv,csv_000001197,2
data\training_data\1198.png,111.25,1.0,csv,csv_000001198,2
data\training_data\1199.png,89.375,1.0,csv,csv_000001199,2
data\training_data\1200.png,76.25,1.0,csv,csv_000001200,2
data\training_data\1201.png,67.5,1.0,csv,csv_000001201,2
data\training_data\1202.png,54.375,1.0,csv,csv_000001202,2
data\training_data\1203.png,89.375,1.0,csv,csv_000001203,2
data\training_data\1204.png,85.0,0.0,csv,csv_000001204,2
data\training_data\1205.png,89.375,1.0,csv,csv_000001205,2
data\training_data\1206.png,80.625,1.0,csv,csv_000001206,2
data\training_data\1207.png,102.5,1.0,csv,csv_000001207,2
data\training_data\1208.png,63.125,1.0,csv,csv_000001208,2
data\training_data\1209.png,89.375,1.0,csv,csv_000001209,2
data\training_data\1210.png,102.5,1.0,csv,csv_000001210,2
data\training_data\1211.png,89.375,0.0,csv,csv_000001211,2
data\training_data\1212.png,93.75,1.0,csv,csv_000001212,2
data\training_data\1213.png,106.875,1.0,csv,csv_000001213,2
data\training_data\1214.png,58.75,1.0,csv,csv_000001214,2
data\training_data\1215.png,120.0,1.0,csv,csv_000001215,2
data\training_data\1216.png,89.375,0.0,csv,csv_000001216,2
data\training_data\1217.png,67.5,1.0,csv,csv_000001217,2
data\training_data\1218.png,89.375,1.0,csv,csv_000001218,2
data\training_data\1219.png,106.875,1.0,csv,csv_000001219,2
data\training_data\1220.png,85.0,1.0,csv,csv_000001220,2
data\training_data\1221.png,85.0,0.0,csv,csv_000001221,2
data\training_data\1222.png,85.0,1.0,csv,csv_000001222,2
data\training_data\1223.png,106.875,1.0,csv,csv_000001223,2
data\training_data\1224.png,85.0,0.0,csv,csv_000001224,2
data\training_data\1225.png,89.375,1.0,csv,csv_000001225,2
data\training_data\1226.png,89.375,1.0,csv,csv_000001226,2
data\training_data\1227.png,80.625,1.0,csv,csv_000001227,2
data\training_data\1228.png,85.0,1.0,csv,csv_000001228,2
data\training_data\1229.png,50.0,1.0,csv,csv_000001229,2
data\training_data\1230.png,50.0,1.0,csv,csv_000001230,2
data\training_data\1231.png,102.5,1.0,csv,csv_000001231,2
data\training_data\1232.png,58.75,0.0,csv,csv_000001232,2
data\training_data\1233.png,67.5,1.0,csv,csv_000001233,2
data\training_data\1234.png,63.125,0.0,csv,csv_000001234,2
data\training_data\1235.png,89.375,0.0,csv,csv_000001235,2
data\training_data\1236.png,106.875,1.0,csv,csv_000001236,2
data\training_data\1237.png,85.0,0.0,csv,csv_000001237,2
data\training_data\1238.png,89.375,1.0,csv,csv_000001238,2
data\training_data\1239.png,89.375,1.0,csv,csv_000001239,2
data\training_data\1240.png,85.0,1.0,csv,csv_000001240,2
data\training_data\1241.png,85.0,0.0,csv,csv_000001241,2
data\training_data\1242.png,111.25,0.0,csv,csv_000001242,2
data\training_data\1243.png,106.875,1.0,csv,csv_000001243,2
data\training_data\1244.png,93.75,1.0,csv,csv_000001244,2
data\training_data\1245.png,85.0,1.0,csv,csv_000001245,2
data\training_data\1246.png,89.375,1.0,csv,csv_000001246,2
data\training_data\1247.png,85.0,0.0,csv,csv_000001247,2
data\training_data\1248.png,102.5,1.0,csv,csv_000001248,2
data\training_data\1249.png,102.5,1.0,csv,csv_000001249,2
data\training_data\1250.png,106.875,1.0,csv,csv_000001250,2
data\training_data\1251.png,58.75,1.0,csv,csv_000001251,2
data\training_data\1252.png,85.0,0.0,csv,csv_000001252,2
data\training_data\1253.png,89.375,1.0,csv,csv_000001253,2
data\training_data\1254.png,80.625,0.0,csv,csv_000001254,2
data\training_data\1255.png,102.5,1.0,csv,csv_000001255,2
data\training_data\1256.png,85.0,0.0,csv,csv_000001256,2
data\training_data\1257.png,85.0,0.0,csv,csv_000001257,2
data\training_data\1258.png,85.0,1.0,csv,csv_000001258,2
data\training_data\1259.png,85.0,0.0,csv,csv_000001259,2
data\training_data\1260.png,85.0,1.0,csv,csv_000001260,2
data\training_data\1261.png,85.0,1.0,csv,csv_000001261,2
data\training_data\1262.png,98.125,1.0,csv,csv_000001262,2
data\training_data\1263.png,102.5,1.0,csv,csv_000001263,2
data\training_data\1264.png,89.375,1.0,csv,csv_000001264,2
data\training_data\1265.png,120.0,0.0,csv,csv_000001265,2
data\training_data\1266.png,98.125,1.0,csv,csv_000001266,2
data\training_data\1267.png,89.375,1.0,csv,csv_000001267,2
data\training_data\1268.png,89.375,1.0,csv,csv_000001268,2
data\training_data\1269.png,85.0,0.0,csv,csv_000001269,2
data\training_data\1270.png,106.875,1.0,csv,csv_000001270,2
data\training_data\1271.png,102.5,1.0,csv,csv_000001271,2
data\training_data\1272.png,102.5,1.0,csv,csv_000001272,2
data\training_data\1273.png,111.25,1.0,csv,csv_000001273,2
data\training_data\1274.png,89.375,1.0,csv,csv_000001274,2
data\training_data\1275.png,89.375,1.0,csv,csv_000001275,2
data\training_data\1276.png,106.875,1.0,csv,csv_000001276,2
data\training_data\1277.png,106.875,1.0,csv,csv_000001277,2
data\training_data\1278.png,89.375,1.0,csv,csv_000001278,2
data\training_data\1279.png,89.375,1.0,csv,csv_000001279,2
data\training_data\1280.png,80.625,1.0,csv,csv_000001280,2
data\training_data\1281.png,89.375,1.0,csv,csv_000001281,2
data\training_data\1282.png,85.0,0.0,csv,csv_000001282,2
data\training_data\1283.png,54.375,1.0,csv,csv_000001283,2
data\training_data\1284.png,71.875,1.0,csv,csv_000001284,2
data\training_data\1285.png,111.25,1.0,csv,csv_000001285,2
data\training_data\1286.png,89.375,1.0,csv,csv_000001286,2
data\training_data\1287.png,85.0,1.0,csv,csv_000001287,2
data\training_data\1288.png,93.75,1.0,csv,csv_000001288,2
data\training_data\1289.png,98.125,1.0,csv,csv_000001289,2
data\training_data\1290.png,58.75,1.0,csv,csv_000001290,2
data\training_data\1291.png,93.75,1.0,csv,csv_000001291,2
data\training_data\1292.png,76.25,1.0,csv,csv_000001292,2
data\training_data\1293.png,102.5,0.0,csv,csv_000001293,2
data\training_data\1294.png,80.625,0.0,csv,csv_000001294,2
data\training_data\1295.png,85.0,1.0,csv,csv_000001295,2
data\training_data\1296.png,102.5,1.0,csv,csv_000001296,2
data\training_data\1297.png,67.5,1.0,csv,csv_000001297,2
data\training_data\1298.png,106.875,1.0,csv,csv_000001298,2
data\training_data\1299.png,85.0,0.0,csv,csv_000001299,2
data\training_data\1300.png,102.5,1.0,csv,csv_000001300,2
data\training_data\1301.png,63.125,1.0,csv,csv_000001301,2
data\training_data\1302.png,89.375,1.0,csv,csv_000001302,2
data\training_data\1303.png,102.5,1.0,csv,csv_000001303,2
data\training_data\1304.png,106.875,1.0,csv,csv_000001304,2
data\training_data\1305.png,80.625,1.0,csv,csv_000001305,2
data\training_data\1306.png,89.375,1.0,csv,csv_000001306,2
data\training_data\1307.png,63.125,1.0,csv,csv_000001307,2
data\training_data\1308.png,85.0,0.0,csv,csv_000001308,2
data\training_data\1309.png,85.0,1.0,csv,csv_000001309,2
data\training_data\1310.png,85.0,1.0,csv,csv_000001310,2
data\training_data\1311.png,58.75,1.0,csv,csv_000001311,2
data\training_data\1312.png,80.625,1.0,csv,csv_000001312,2
data\training_data\1313.png,120.0,1.0,csv,csv_000001313,2
data\training_data\1314.png,71.875,1.0,csv,csv_000001314,2
data\training_data\1315.png,111.25,1.0,csv,csv_000001315,2
data\training_data\1316.png,67.5,1.0,csv,csv_000001316,2
data\training_data\1317.png,93.75,1.0,csv,csv_000001317,2
data\training_data\1318.png,102.5,1.0,csv,csv_000001318,2
data\training_data\1319.png,85.0,0.0,csv,csv_000001319,2
data\training_data\1320.png,89.375,1.0,csv,csv_000001320,2
data\training_data\1321.png,85.0,1.0,csv,csv_000001321,2
data\training_data\1322.png,120.0,1.0,csv,csv_000001322,2
data\training_data\1323.png,102.5,1.0,csv,csv_000001323,2
data\training_data\1324.png,102.5,1.0,csv,csv_000001324,2
data\training_data\1325.png,102.5,1.0,csv,csv_000001325,2
data\training_data\1326.png,85.0,1.0,csv,csv_000001326,2
data\training_data\1327.png,80.625,1.0,csv,csv_000001327,2
data\training_data\1328.png,89.375,0.0,csv,csv_000001328,2
data\training_data\1329.png,80.625,1.0,csv,csv_000001329,2
data\training_data\1330.png,50.0,0.0,csv,csv_000001330,2
data\training_data\1331.png,111.25,1.0,csv,csv_000001331,2
data\training_data\1332.png,98.125,1.0,csv,csv_000001332,2
data\training_data\1333.png,58.75,1.0,csv,csv_000001333,2
data\training_data\1334.png,85.0,1.0,csv,csv_000001334,2
data\training_data\1335.png,89.375,1.0,csv,csv_000001335,2
data\training_data\1336.png,80.625,1.0,csv,csv_000001336,2
data\training_data\1337.png,67.5,1.0,csv,csv_000001337,2
data\training_data\1338.png,98.125,1.0,csv,csv_000001338,2
data\training_data\1339.png,85.0,0.0,csv,csv_000001339,2
data\training_data\1340.png,120.0,1.0,csv,csv_000001340,2
data\training_data\1341.png,89.375,0.0,csv,csv_000001341,2
data\training_data\1342.png,111.25,1.0,csv,csv_000001342,2
data\training_data\1343.png,106.875,1.0,csv,csv_000001343,2
data\training_data\1344.png,58.75,1.0,csv,csv_000001344,2
data\training_data\1345.png,85.0,1.0,csv,csv_000001345,2
data\training_data\1346.png,102.5,1.0,csv,csv_000001346,2
data\training_data\1347.png,98.125,1.0,csv,csv_000001347,2
data\training_data\1348.png,58.75,1.0,csv,csv_000001348,2
data\training_data\1349.png,63.125,1.0,csv,csv_000001349,2
data\training_data\1350.png,102.5,1.0,csv,csv_000001350,2
data\training_data\1351.png,120.0,0.0,csv,csv_000001351,2
data\training_data\1352.png,85.0,1.0,csv,csv_000001352,2
data\training_data\1353.png,111.25,1.0,csv,csv_000001353,2
data\training_data\1354.png,89.375,1.0,csv,csv_000001354,2
data\training_data\1355.png,80.625,1.0,csv,csv_000001355,2
data\training_data\1356.png,89.375,0.0,csv,csv_000001356,2
data\training_data\1357.png,89.375,1.0,csv,csv_000001357,2
data\training_data\1358.png,102.5,0.0,csv,csv_000001358,2
data\training_data\1359.png,80.625,1.0,csv,csv_000001359,2
data\training_data\1360.png,89.375,0.0,csv,csv_000001360,2
data\training_data\1361.png,85.0,0.0,csv,csv_000001361,2
data\training_data\1362.png,85.0,1.0,csv,csv_000001362,2
data\training_data\1363.png,58.75,1.0,csv,csv_000001363,2
data\training_data\1364.png,80.625,1.0,csv,csv_000001364,2
data\training_data\1365.png,85.0,1.0,csv,csv_000001365,2
data\training_data\1366.png,93.75,1.0,csv,csv_000001366,2
data\training_data\1367.png,85.0,1.0,csv,csv_000001367,2
data\training_data\1368.png,89.375,1.0,csv,csv_000001368,2
data\training_data\1369.png,85.0,0.0,csv,csv_000001369,2
data\training_data\1370.png,67.5,0.0,csv,csv_000001370,2
data\training_data\1371.png,80.625,0.0,csv,csv_000001371,2
data\training_data\1372.png,80.625,1.0,csv,csv_000001372,2
data\training_data\1373.png,85.0,1.0,csv,csv_000001373,2
data\training_data\1374.png,85.0,1.0,csv,csv_000001374,2
data\training_data\1375.png,98.125,1.0,csv,csv_000001375,2
data\training_data\1376.png,106.875,1.0,csv,csv_000001376,2
data\training_data\1377.png,80.625,1.0,csv,csv_000001377,2
data\training_data\1378.png,67.5,1.0,csv,csv_000001378,2
data\training_data\1379.png,58.75,1.0,csv,csv_000001379,2
data\training_data\1380.png,71.875,1.0,csv,csv_000001380,2
data\training_data\1381.png,102.5,1.0,csv,csv_000001381,2
data\training_data\1382.png,89.375,0.0,csv,csv_000001382,2
data\training_data\1383.png,89.375,1.0,csv,csv_000001383,2
data\training_data\1384.png,85.0,1.0,csv,csv_000001384,2
data\training_data\1385.png,106.875,1.0,csv,csv_000001385,2
data\training_data\1386.png,93.75,1.0,csv,csv_000001386,2
data\training_data\1387.png,58.75,1.0,csv,csv_000001387,2
data\training_data\1388.png,102.5,1.0,csv,csv_000001388,2
data\training_data\1389.png,85.0,0.0,csv,csv_000001389,2
data\training_data\1390.png,102.5,1.0,csv,csv_000001390,2
data\training_data\1391.png,106.875,0.0,csv,csv_000001391,2
data\training_data\1392.png,85.0,1.0,csv,csv_000001392,2
data\training_data\1393.png,80.625,1.0,csv,csv_000001393,2
data\training_data\1394.png,102.5,1.0,csv,csv_000001394,2
data\training_data\1395.png,89.375,0.0,csv,csv_000001395,2
data\training_data\1396.png,93.75,1.0,csv,csv_000001396,2
data\training_data\1397.png,93.75,1.0,csv,csv_000001397,2
data\training_data\1398.png,85.0,1.0,csv,csv_000001398,2
data\training_data\1399.png,63.125,1.0,csv,csv_000001399,2
data\training_data\1400.png,80.625,1.0,csv,csv_000001400,2
data\training_data\1401.png,89.375,1.0,csv,csv_000001401,2
data\training_data\1402.png,93.75,1.0,csv,csv_000001402,2
data\training_data\1403.png,93.75,0.0,csv,csv_000001403,2
data\training_data\1404.png,120.0,0.0,csv,csv_000001404,2
data\training_data\1405.png,102.5,1.0,csv,csv_000001405,2
data\training_data\1406.png,98.125,1.0,csv,csv_000001406,2
data\training_data\1407.png,76.25,1.0,csv,csv_000001407,2
data\training_data\1408.png,106.875,1.0,csv,csv_000001408,2
data\training_data\1409.png,67.5,1.0,csv,csv_000001409,2
data\training_data\1410.png,102.5,1.0,csv,csv_000001410,2
data\training_data\1411.png,85.0,1.0,csv,csv_000001411,2
data\training_data\1412.png,93.75,1.0,csv,csv_000001412,2
data\training_data\1413.png,93.75,1.0,csv,csv_000001413,2
data\training_data\1414.png,102.5,1.0,csv,csv_000001414,2
data\training_data\1415.png,85.0,0.0,csv,csv_000001415,2
data\training_data\1416.png,93.75,1.0,csv,csv_000001416,2
data\training_data\1417.png,111.25,1.0,csv,csv_000001417,2
data\training_data\1418.png,102.5,0.0,csv,csv_000001418,2
data\training_data\1419.png,102.5,1.0,csv,csv_000001419,2
data\training_data\1420.png,85.0,1.0,csv,csv_000001420,2
data\training_data\1421.png,80.625,1.0,csv,csv_000001421,2
data\training_data\1422.png,58.75,1.0,csv,csv_000001422,2
data\training_data\1423.png,80.625,1.0,csv,csv_000001423,2
data\training_data\1424.png,98.125,1.0,csv,csv_000001424,2
data\training_data\1425.png,89.375,0.0,csv,csv_000001425,2
data\training_data\1426.png,85.0,1.0,csv,csv_000001426,2
data\training_data\1427.png,106.875,1.0,csv,csv_000001427,2
data\training_data\1428.png,89.375,1.0,csv,csv_000001428,2
data\training_data\1429.png,120.0,0.0,csv,csv_000001429,2
data\training_data\1430.png,85.0,1.0,csv,csv_000001430,2
data\training_data\1431.png,85.0,0.0,csv,csv_000001431,2
data\training_data\1432.png,102.5,1.0,csv,csv_000001432,2
data\training_data\1433.png,89.375,1.0,csv,csv_000001433,2
data\training_data\1434.png,106.875,1.0,csv,csv_000001434,2
data\training_data\1435.png,58.75,1.0,csv,csv_000001435,2
data\training_data\1436.png,98.125,1.0,csv,csv_000001436,2
data\training_data\1437.png,80.625,1.0,csv,csv_000001437,2
data\training_data\1438.png,54.375,1.0,csv,csv_000001438,2
data\training_data\1439.png,85.0,0.0,csv,csv_000001439,2
data\training_data\1440.png,85.0,0.0,csv,csv_000001440,2
data\training_data\1441.png,85.0,1.0,csv,csv_000001441,2
data\training_data\1442.png,80.625,1.0,csv,csv_000001442,2
data\training_data\1443.png,85.0,1.0,csv,csv_000001443,2
data\training_data\1444.png,89.375,0.0,csv,csv_000001444,2
data\training_data\1445.png,85.0,0.0,csv,csv_000001445,2
data\training_data\1446.png,89.375,1.0,csv,csv_000001446,2
data\training_data\1447.png,106.875,1.0,csv,csv_000001447,2
data\training_data\1448.png,76.25,1.0,csv,csv_000001448,2
data\training_data\1449.png,89.375,0.0,csv,csv_000001449,2
data\training_data\1450.png,50.0,1.0,csv,csv_000001450,2
data\training_data\1451.png,89.375,1.0,csv,csv_000001451,2
data\training_data\1452.png,89.375,0.0,csv,csv_000001452,2
data\training_data\1453.png,89.375,0.0,csv,csv_000001453,2
data\training_data\1454.png,89.375,1.0,csv,csv_000001454,2
data\training_data\1455.png,85.0,0.0,csv,csv_000001455,2
data\training_data\1456.png,58.75,1.0,csv,csv_000001456,2
data\training_data\1457.png,85.0,1.0,csv,csv_000001457,2
data\training_data\1458.png,102.5,1.0,csv,csv_000001458,2
data\training_data\1459.png,85.0,1.0,csv,csv_000001459,2
data\training_data\1460.png,89.375,0.0,csv,csv_000001460,2
data\training_data\1461.png,106.875,1.0,csv,csv_000001461,2
data\training_data\1462.png,85.0,1.0,csv,csv_000001462,2
data\training_data\1463.png,71.875,1.0,csv,csv_000001463,2
data\training_data\1464.png,58.75,1.0,csv,csv_000001464,2
data\training_data\1465.png,111.25,0.0,csv,csv_000001465,2
data\training_data\1466.png,89.375,1.0,csv,csv_000001466,2
data\training_data\1467.png,80.625,1.0,csv,csv_000001467,2
data\training_data\1468.png,50.0,0.0,csv,csv_000001468,2
data\training_data\1469.png,80.625,1.0,csv,csv_000001469,2
data\training_data\1470.png,98.125,0.0,csv,csv_000001470,2
data\training_data\1471.png,120.0,1.0,csv,csv_000001471,2
data\training_data\1472.png,89.375,1.0,csv,csv_000001472,2
data\training_data\1473.png,54.375,1.0,csv,csv_000001473,2
data\training_data\1474.png,67.5,0.0,csv,csv_000001474,2
data\training_data\1475.png,85.0,1.0,csv,csv_000001475,2
data\training_data\1476.png,85.0,1.0,csv,csv_000001476,2
data\training_data\1477.png,58.75,1.0,csv,csv_000001477,2
data\training_data\1478.png,89.375,0.0,csv,csv_000001478,2
data\training_data\1479.png,58.75,1.0,csv,csv_000001479,2
data\training_data\1480.png,80.625,1.0,csv,csv_000001480,2
data\training_data\1481.png,98.125,1.0,csv,csv_000001481,2
data\training_data\1482.png,67.5,1.0,csv,csv_000001482,2
data\training_data\1483.png,85.0,1.0,csv,csv_000001483,2
data\training_data\1484.png,85.0,1.0,csv,csv_000001484,2
data\training_data\1485.png,85.0,0.0,csv,csv_000001485,2
data\training_data\1486.png,106.875,1.0,csv,csv_000001486,2
data\training_data\1487.png,85.0,1.0,csv,csv_000001487,2
data\training_data\1488.png,102.5,1.0,csv,csv_000001488,2
data\training_data\1489.png,85.0,0.0,csv,csv_000001489,2
data\training_data\1490.png,111.25,0.0,csv,csv_000001490,2
data\training_data\1491.png,89.375,0.0,csv,csv_000001491,2
data\training_data\1492.png,98.125,0.0,csv,csv_000001492,2
data\training_data\1493.png,85.0,1.0,csv,csv_000001493,2
data\training_data\1494.png,63.125,1.0,csv,csv_000001494,2
data\training_data\1495.png,89.375,1.0,csv,csv_000001495,2
data\training_data\1496.png,93.75,1.0,csv,csv_000001496,2
data\training_data\1497.png,63.125,1.0,csv,csv_000001497,2
data\training_data\1498.png,89.375,1.0,csv,csv_000001498,2
data\training_data\1499.png,80.625,1.0,csv,csv_000001499,2
data\training_data\1500.png,54.375,1.0,csv,csv_000001500,2
data\training_data\1501.png,102.5,1.0,csv,csv_000001501,2
data\training_data\1502.png,98.125,0.0,csv,csv_000001502,2
data\training_data\1503.png,71.875,1.0,csv,csv_000001503,2
data\training_data\1504.png,85.0,0.0,csv,csv_000001504,2
data\training_data\1505.png,85.0,1.0,csv,csv_000001505,2
data\training_data\1506.png,85.0,1.0,csv,csv_000001506,2
data\training_data\1507.png,93.75,1.0,csv,csv_000001507,2
data\training_data\1508.png,58.75,1.0,csv,csv_000001508,2
data\training_data\2010.png,85.0,0.0,csv,csv_000002010,4
data\training_data\2011.png,98.125,1.0,csv,csv_000002011,4
data\training_data\2012.png,89.375,1.0,csv,csv_000002012,4
data\training_data\2013.png,89.375,0.0,csv,csv_000002013,4
data\training_data\2014.png,98.125,1.0,csv,csv_000002014,4
data\training_data\2015.png,67.5,1.0,csv,csv_000002015,4
data\training_data\2016.png,85.0,0.0,csv,csv_000002016,4
data\training_data\2017.png,111.25,0.0,csv,csv_000002017,4
data\training_data\2018.png,63.125,1.0,csv,csv_000002018,4
data\training_data\2019.png,102.5,1.0,csv,csv_000002019,4
data\training_data\2020.png,98.125,1.0,csv,csv_000002020,4
data\training_data\2021.png,93.75,1.0,csv,csv_000002021,4
data\training_data\2022.png,93.75,1.0,csv,csv_000002022,4
data\training_data\2023.png,85.0,0.0,csv,csv_000002023,4
data\training_data\2024.png,63.125,1.0,csv,csv_000002024,4
data\training_data\2025.png,93.75,0.0,csv,csv_000002025,4
data\training_data\2026.png,98.125,1.0,csv,csv_000002026,4
data\training_data\2027.png,50.0,1.0,csv,csv_000002027,4
data\training_data\2028.png,58.75,1.0,csv,csv_000002028,4
data\training_data\2029.png,98.125,1.0,csv,csv_000002029,4
data\training_data\2030.png,120.0,1.0,csv,csv_000002030,4
data\training_data\2031.png,85.0,0.0,csv,csv_000002031,4
data\training_data\2033.png,50.0,0.0,csv,csv_000002033,4
data\training_data\2034.png,85.0,0.0,csv,csv_000002034,4
data\training_data\2035.png,102.5,1.0,csv,csv_000002035,4
data\training_data\2036.png,102.5,0.0,csv,csv_000002036,4
data\training_data\2037.png,67.5,1.0,csv,csv_000002037,4
data\training_data\2038.png,85.0,1.0,csv,csv_000002038,4
data\training_data\2039.png,85.0,1.0,csv,csv_000002039,4
data\training_data\2040.png,80.625,1.0,csv,csv_000002040,4
data\training_data\2041.png,85.0,0.0,csv,csv_000002041,4
data\training_data\2042.png,85.0,0.0,csv,csv_000002042,4
data\training_data\2043.png,102.5,1.0,csv,csv_000002043,4
data\training_data\2044.png,85.0,1.0,csv,csv_000002044,4
data\training_data\2045.png,98.125,0.0,csv,csv_000002045,4
data\training_data\2046.png,98.125,1.0,csv,csv_000002046,4
data\training_data\2047.png,80.625,1.0,csv,csv_000002047,4
data\training_data\2048.png,85.0,1.0,csv,csv_000002048,4
data\training_data\2049.png,98.125,1.0,csv,csv_000002049,4
data\training_data\2050.png,89.375,0.0,csv,csv_000002050,4
data\training_data\2051.png,85.0,1.0,csv,csv_000002051,4
data\training_data\2052.png,106.875,1.0,csv,csv_000002052,4
data\training_data\2053.png,85.0,1.0,csv,csv_000002053,4
data\training_data\2054.png,98.125,1.0,csv,csv_000002054,4
data\training_data\2055.png,80.625,1.0,csv,csv_000002055,4
data\training_data\2056.png,85.0,0.0,csv,csv_000002056,4
data\training_data\2057.png,80.625,1.0,csv,csv_000002057,4
data\training_data\2058.png,85.0,1.0,csv,csv_000002058,4
data\training_data\2059.png,80.625,1.0,csv,csv_000002059,4
data\training_data\2060.png,98.125,1.0,csv,csv_000002060,4
data\training_data\2061.png,89.375,1.0,csv,csv_000002061,4
data\training_data\2062.png,102.5,1.0,csv,csv_000002062,4
data\training_data\2063.png,76.25,1.0,csv,csv_000002063,4
data\training_data\2064.png,98.125,1.0,csv,csv_000002064,4
data\training_data\2065.png,67.5,1.0,csv,csv_000002065,4
data\training_data\2066.png,76.25,1.0,csv,csv_000002066,4
data\training_data\2067.png,89.375,1.0,csv,csv_000002067,4
data\training_data\2068.png,58.75,1.0,csv,csv_000002068,4
data\training_data\2069.png,85.0,1.0,csv,csv_000002069,4
data\training_data\2070.png,102.5,1.0,csv,csv_000002070,4
data\training_data\2071.png,98.125,1.0,csv,csv_000002071,4
data\training_data\2072.png,106.875,1.0,csv,csv_000002072,4
data\training_data\2073.png,85.0,1.0,csv,csv_000002073,4
data\training_data\2074.png,76.25,1.0,csv,csv_000002074,4
data\training_data\2075.png,111.25,0.0,csv,csv_000002075,4
data\training_data\2076.png,93.75,1.0,csv,csv_000002076,4
data\training_data\2077.png,111.25,1.0,csv,csv_000002077,4
data\training_data\2078.png,76.25,1.0,csv,csv_000002078,4
data\training_data\2079.png,106.875,1.0,csv,csv_000002079,4
data\training_data\2080.png,76.25,1.0,csv,csv_000002080,4
data\training_data\2081.png,85.0,1.0,csv,csv_000002081,4
data\training_data\2082.png,80.625,1.0,csv,csv_000002082,4
data\training_data\2083.png,102.5,1.0,csv,csv_000002083,4
data\training_data\2084.png,98.125,1.0,csv,csv_000002084,4
data\training_data\2085.png,80.625,1.0,csv,csv_000002085,4
data\training_data\2086.png,93.75,1.0,csv,csv_000002086,4
data\training_data\2087.png,98.125,1.0,csv,csv_000002087,4
data\training_data\2088.png,106.875,1.0,csv,csv_000002088,4
data\training_data\2089.png,50.0,1.0,csv,csv_000002089,4
data\training_data\2090.png,80.625,1.0,csv,csv_000002090,4
data\training_data\2091.png,58.75,1.0,csv,csv_000002091,4
data\training_data\2092.png,102.5,1.0,csv,csv_000002092,4
data\training_data\2093.png,106.875,1.0,csv,csv_000002093,4
data\training_data\2094.png,93.75,1.0,csv,csv_000002094,4
data\training_data\2095.png,85.0,0.0,csv,csv_000002095,4
data\training_data\2096.png,58.75,1.0,csv,csv_000002096,4
data\training_data\2097.png,85.0,1.0,csv,csv_000002097,4
data\training_data\2098.png,89.375,0.0,csv,csv_000002098,4
data\training_data\2099.png,89.375,1.0,csv,csv_000002099,4
data\training_data\2100.png,102.5,1.0,csv,csv_000002100,4
data\training_data\2101.png,80.625,1.0,csv,csv_000002101,4
data\training_data\2102.png,106.875,1.0,csv,csv_000002102,4
data\training_data\2103.png,85.0,0.0,csv,csv_000002103,4
data\training_data\2104.png,89.375,1.0,csv,csv_000002104,4
data\training_data\2105.png,80.625,1.0,csv,csv_000002105,4
data\training_data\2106.png,106.875,1.0,csv,csv_000002106,4
data\training_data\2107.png,58.75,1.0,csv,csv_000002107,4
data\training_data\2108.png,102.5,1.0,csv,csv_000002108,4
data\training_data\2109.png,63.125,1.0,csv,csv_000002109,4
data\training_data\2110.png,85.0,1.0,csv,csv_000002110,4
data\training_data\2111.png,89.375,1.0,csv,csv_000002111,4
data\training_data\2112.png,93.75,1.0,csv,csv_000002112,4
data\training_data\2113.png,54.375,0.0,csv,csv_000002113,4
data\training_data\2114.png,89.375,1.0,csv,csv_000002114,4
data\training_data\2115.png,85.0,1.0,csv,csv_000002115,4
data\training_data\2116.png,85.0,0.0,csv,csv_000002116,4
data\training_data\2117.png,93.75,1.0,csv,csv_000002117,4
data\training_data\2118.png,106.875,1.0,csv,csv_000002118,4
data\training_data\2119.png,89.375,1.0,csv,csv_000002119,4
data\training_data\2120.png,76.25,1.0,csv,csv_000002120,4
data\training_data\2121.png,98.125,1.0,csv,csv_000002121,4
data\training_data\2122.png,89.375,1.0,csv,csv_000002122,4
data\training_data\2123.png,85.0,1.0,csv,csv_000002123,4
data\training_data\2124.png,76.25,1.0,csv,csv_000002124,4
data\training_data\2125.png,93.75,1.0,csv,csv_000002125,4
data\training_data\2126.png,63.125,1.0,csv,csv_000002126,4
data\training_data\2127.png,98.125,1.0,csv,csv_000002127,4
data\training_data\2128.png,85.0,0.0,csv,csv_000002128,4
data\training_data\2129.png,89.375,0.0,csv,csv_000002129,4
data\training_data\2130.png,80.625,1.0,csv,csv_000002130,4
data\training_data\2131.png,63.125,1.0,csv,csv_000002131,4
data\training_data\2132.png,89.375,1.0,csv,csv_000002132,4
data\training_data\2133.png,102.5,1.0,csv,csv_000002133,4
data\training_data\2134.png,98.125,1.0,csv,csv_000002134,4
data\training_data\2135.png,80.625,1.0,csv,csv_000002135,4
data\training_data\2136.png,93.75,1.0,csv,csv_000002136,4
data\training_data\2137.png,106.875,1.0,csv,csv_000002137,4
data\training_data\2138.png,58.75,1.0,csv,csv_000002138,4
data\training_data\2139.png,89.375,1.0,csv,csv_000002139,4
data\training_data\2140.png,89.375,1.0,csv,csv_000002140,4
data\training_data\2141.png,89.375,1.0,csv,csv_000002141,4
data\training_data\2142.png,93.75,1.0,csv,csv_000002142,4
data\training_data\2143.png,63.125,1.0,csv,csv_000002143,4
data\training_data\2144.png,85.0,1.0,csv,csv_000002144,4
data\training_data\2145.png,85.0,0.0,csv,csv_000002145,4
data\training_data\2146.png,98.125,0.0,csv,csv_000002146,4
data\training_data\2147.png,89.375,1.0,csv,csv_000002147,4
data\training_data\2148.png,85.0,1.0,csv,csv_000002148,4
data\training_data\2149.png,80.625,1.0,csv,csv_000002149,4
data\training_data\2150.png,85.0,1.0,csv,csv_000002150,4
data\training_data\2151.png,54.375,1.0,csv,csv_000002151,4
data\training_data\2152.png,102.5,1.0,csv,csv_000002152,4
data\training_data\2153.png,63.125,1.0,csv,csv_000002153,4
data\training_data\2154.png,93.75,0.0,csv,csv_000002154,4
data\training_data\2155.png,89.375,1.0,csv,csv_000002155,4
data\training_data\2156.png,89.375,1.0,csv,csv_000002156,4
data\training_data\2157.png,80.625,1.0,csv,csv_000002157,4
data\training_data\2158.png,85.0,1.0,csv,csv_000002158,4
data\training_data\2159.png,58.75,1.0,csv,csv_000002159,4
data\training_data\2160.png,102.5,1.0,csv,csv_000002160,4
data\training_data\2161.png,63.125,1.0,csv,csv_000002161,4
data\training_data\2162.png,58.75,0.0,csv,csv_000002162,4
data\training_data\2163.png,71.875,1.0,csv,csv_000002163,4
data\training_data\2164.png,111.25,1.0,csv,csv_000002164,4
data\training_data\2165.png,71.875,1.0,csv,csv_000002165,4
data\training_data\2166.png,89.375,1.0,csv,csv_000002166,4
data\training_data\2167.png,106.875,1.0,csv,csv_000002167,4
data\training_data\2168.png,85.0,0.0,csv,csv_000002168,4
data\training_data\2169.png,102.5,1.0,csv,csv_000002169,4
data\training_data\2170.png,85.0,1.0,csv,csv_000002170,4
data\training_data\2171.png,89.375,1.0,csv,csv_000002171,4
data\training_data\2172.png,85.0,1.0,csv,csv_000002172,4
data\training_data\2173.png,71.875,0.0,csv,csv_000002173,4
data\training_data\2175.png,89.375,1.0,csv,csv_000002175,4
data\training_data\2176.png,111.25,1.0,csv,csv_000002176,4
data\training_data\2177.png,63.125,1.0,csv,csv_000002177,4
data\training_data\2178.png,63.125,1.0,csv,csv_000002178,4
data\training_data\2179.png,93.75,1.0,csv,csv_000002179,4
data\training_data\2180.png,85.0,0.0,csv,csv_000002180,4
data\training_data\2181.png,98.125,1.0,csv,csv_000002181,4
data\training_data\2182.png,67.5,1.0,csv,csv_000002182,4
data\training_data\2183.png,80.625,1.0,csv,csv_000002183,4
data\training_data\2184.png,58.75,1.0,csv,csv_000002184,4
data\training_data\2185.png,58.75,1.0,csv,csv_000002185,4
data\training_data\2186.png,102.5,1.0,csv,csv_000002186,4
data\training_data\2187.png,89.375,1.0,csv,csv_000002187,4
data\training_data\2188.png,85.0,0.0,csv,csv_000002188,4
data\training_data\2189.png,85.0,0.0,csv,csv_000002189,4
data\training_data\2190.png,102.5,1.0,csv,csv_000002190,4
data\training_data\2191.png,85.0,1.0,csv,csv_000002191,4
data\training_data\2192.png,50.0,1.0,csv,csv_000002192,4
data\training_data\2193.png,102.5,1.0,csv,csv_000002193,4
data\training_data\2194.png,102.5,0.0,csv,csv_000002194,4
data\training_data\2195.png,98.125,1.0,csv,csv_000002195,4
data\training_data\2196.png,102.5,1.0,csv,csv_000002196,4
data\training_data\2197.png,63.125,1.0,csv,csv_000002197,4
data\training_data\2198.png,98.125,0.0,csv,csv_000002198,4
data\training_data\2199.png,85.0,1.0,csv,csv_000002199,4
data\training_data\2200.png,85.0,1.0,csv,csv_000002200,4
data\training_data\2201.png,85.0,0.0,csv,csv_000002201,4
data\training_data\2202.png,85.0,1.0,csv,csv_000002202,4
data\training_data\2203.png,93.75,1.0,csv,csv_000002203,4
data\training_data\2204.png,58.75,1.0,csv,csv_000002204,4
data\training_data\2205.png,102.5,1.0,csv,csv_000002205,4
data\training_data\2206.png,80.625,1.0,csv,csv_000002206,4
data\training_data\2207.png,85.0,0.0,csv,csv_000002207,4
data\training_data\2208.png,58.75,1.0,csv,csv_000002208,4
data\training_data\2209.png,98.125,1.0,csv,csv_000002209,4
data\training_data\2210.png,106.875,1.0,csv,csv_000002210,4
data\training_data\2211.png,89.375,1.0,csv,csv_000002211,4
data\training_data\2212.png,63.125,1.0,csv,csv_000002212,4
data\training_data\2213.png,98.125,1.0,csv,csv_000002213,4
data\training_data\2214.png,80.625,1.0,csv,csv_000002214,4
data\training_data\2215.png,85.0,0.0,csv,csv_000002215,4
data\training_data\2216.png,85.0,0.0,csv,csv_000002216,4
data\training_data\2217.png,89.375,0.0,csv,csv_000002217,4
data\training_data\2218.png,50.0,1.0,csv,csv_000002218,4
data\training_data\2219.png,93.75,1.0,csv,csv_000002219,4
data\training_data\2220.png,98.125,1.0,csv,csv_000002220,4
data\training_data\2221.png,102.5,1.0,csv,csv_000002221,4
data\training_data\2222.png,98.125,1.0,csv,csv_000002222,4
data\training_data\2223.png,85.0,1.0,csv,csv_000002223,4
data\training_data\2224.png,98.125,1.0,csv,csv_000002224,4
data\training_data\2225.png,106.875,1.0,csv,csv_000002225,4
data\training_data\2226.png,80.625,1.0,csv,csv_000002226,4
data\training_data\2227.png,106.875,1.0,csv,csv_000002227,4
data\training_data\2228.png,102.5,1.0,csv,csv_000002228,4
data\training_data\2229.png,58.75,1.0,csv,csv_000002229,4
data\training_data\2230.png,102.5,1.0,csv,csv_000002230,4
data\training_data\2231.png,98.125,0.0,csv,csv_000002231,4
data\training_data\2232.png,106.875,1.0,csv,csv_000002232,4
data\training_data\2233.png,98.125,0.0,csv,csv_000002233,4
data\training_data\2234.png,93.75,1.0,csv,csv_000002234,4
data\training_data\2235.png,93.75,1.0,csv,csv_000002235,4
data\training_data\2236.png,89.375,1.0,csv,csv_000002236,4
data\training_data\2237.png,102.5,1.0,csv,csv_000002237,4
data\training_data\2238.png,50.0,0.0,csv,csv_000002238,4
data\training_data\2239.png,80.625,1.0,csv,csv_000002239,4
data\training_data\2240.png,85.0,0.0,csv,csv_000002240,4
data\training_data\2241.png,98.125,1.0,csv,csv_000002241,4
data\training_data\2242.png,111.25,0.0,csv,csv_000002242,4
data\training_data\2243.png,89.375,0.0,csv,csv_000002243,4
data\training_data\2244.png,85.0,1.0,csv,csv_000002244,4
data\training_data\2245.png,58.75,1.0,csv,csv_000002245,4
data\training_data\2246.png,76.25,1.0,csv,csv_000002246,4
data\training_data\2247.png,93.75,1.0,csv,csv_000002247,4
data\training_data\2248.png,89.375,1.0,csv,csv_000002248,4
data\training_data\2249.png,85.0,1.0,csv,csv_000002249,4
data\training_data\2250.png,89.375,1.0,csv,csv_000002250,4
data\training_data\2251.png,85.0,0.0,csv,csv_000002251,4
data\training_data\2252.png,102.5,1.0,csv,csv_000002252,4
data\training_data\2253.png,106.875,1.0,csv,csv_000002253,4
data\training_data\2254.png,58.75,1.0,csv,csv_000002254,4
data\training_data\2255.png,58.75,1.0,csv,csv_000002255,4
data\training_data\2256.png,63.125,0.0,csv,csv_000002256,4
data\training_data\2257.png,63.125,1.0,csv,csv_000002257,4
data\training_data\2258.png,85.0,0.0,csv,csv_000002258,4
data\training_data\2259.png,106.875,0.0,csv,csv_000002259,4
data\training_data\2260.png,89.375,1.0,csv,csv_000002260,4
data\training_data\2261.png,85.0,0.0,csv,csv_000002261,4
data\training_data\2262.png,106.875,1.0,csv,csv_000002262,4
data\training_data\2263.png,102.5,0.0,csv,csv_000002263,4
data\training_data\2264.png,80.625,1.0,csv,csv_000002264,4
data\training_data\2265.png,89.375,1.0,csv,csv_000002265,4
data\training_data\2266.png,80.625,0.0,csv,csv_000002266,4
data\training_data\2267.png,54.375,1.0,csv,csv_000002267,4
data\training_data\2268.png,71.875,1.0,csv,csv_000002268,4
data\training_data\2269.png,102.5,1.0,csv,csv_000002269,4
data\training_data\2270.png,93.75,1.0,csv,csv_000002270,4
data\training_data\2271.png,85.0,0.0,csv,csv_000002271,4
data\training_data\2272.png,89.375,1.0,csv,csv_000002272,4
data\training_data\2273.png,58.75,1.0,csv,csv_000002273,4
data\training_data\2274.png,98.125,1.0,csv,csv_000002274,4
data\training_data\2275.png,80.625,1.0,csv,csv_000002275,4
data\training_data\2276.png,89.375,1.0,csv,csv_000002276,4
data\training_data\2277.png,89.375,1.0,csv,csv_000002277,4
data\training_data\2278.png,71.875,1.0,csv,csv_000002278,4
data\training_data\2279.png,106.875,1.0,csv,csv_000002279,4
data\training_data\2280.png,89.375,1.0,csv,csv_000002280,4
data\training_data\2281.png,71.875,1.0,csv,csv_000002281,4
data\training_data\2282.png,89.375,1.0,csv,csv_000002282,4
data\training_data\2283.png,58.75,1.0,csv,csv_000002283,4
data\training_data\2284.png,89.375,1.0,csv,csv_000002284,4
data\training_data\2285.png,58.75,1.0,csv,csv_000002285,4
data\training_data\2286.png,106.875,1.0,csv,csv_000002286,4
data\training_data\2287.png,102.5,1.0,csv,csv_000002287,4
data\training_data\2288.png,120.0,1.0,csv,csv_000002288,4
data\training_data\2289.png,71.875,1.0,csv,csv_000002289,4
data\training_data\2290.png,111.25,0.0,csv,csv_000002290,4
data\training_data\2291.png,102.5,1.0,csv,csv_000002291,4
data\training_data\2292.png,106.875,1.0,csv,csv_000002292,4
data\training_data\2293.png,89.375,1.0,csv,csv_000002293,4
data\training_data\2294.png,76.25,1.0,csv,csv_000002294,4
data\training_data\2295.png,71.875,1.0,csv,csv_000002295,4
data\training_data\2296.png,76.25,1.0,csv,csv_000002296,4
data\training_data\2297.png,85.0,0.0,csv,csv_000002297,4
data\training_data\2298.png,54.375,0.0,csv,csv_000002298,4
data\training_data\2299.png,58.75,1.0,csv,csv_000002299,4
data\training_data\2300.png,76.25,1.0,csv,csv_000002300,4
data\training_data\2301.png,54.375,1.0,csv,csv_000002301,4
data\training_data\2302.png,111.25,1.0,csv,csv_000002302,4
data\training_data\2303.png,80.625,1.0,csv,csv_000002303,4
data\training_data\2304.png,85.0,0.0,csv,csv_000002304,4
data\training_data\2305.png,80.625,1.0,csv,csv_000002305,4
data\training_data\2306.png,111.25,1.0,csv,csv_000002306,4
data\training_data\2307.png,80.625,1.0,csv,csv_000002307,4
data\training_data\2308.png,98.125,0.0,csv,csv_000002308,4
data\training_data\2309.png,106.875,1.0,csv,csv_000002309,4
data\training_data\2310.png,93.75,0.0,csv,csv_000002310,4
data\training_data\2311.png,102.5,1.0,csv,csv_000002311,4
data\training_data\2312.png,85.0,0.0,csv,csv_000002312,4
data\training_data\2313.png,89.375,1.0,csv,csv_000002313,4
data\training_data\2314.png,85.0,1.0,csv,csv_000002314,4
data\training_data\2315.png,98.125,1.0,csv,csv_000002315,4
data\training_data\2316.png,102.5,1.0,csv,csv_000002316,4
data\training_data\2317.png,106.875,1.0,csv,csv_000002317,4
data\training_data\2318.png,80.625,1.0,csv,csv_000002318,4
data\training_data\2319.png,85.0,1.0,csv,csv_000002319,4
data\training_data\2320.png,85.0,0.0,csv,csv_000002320,4
data\training_data\2321.png,102.5,0.0,csv,csv_000002321,4
data\training_data\2322.png,63.125,1.0,csv,csv_000002322,4
data\training_data\2323.png,85.0,0.0,csv,csv_000002323,4
data\training_data\2324.png,111.25,1.0,csv,csv_000002324,4
data\training_data\2325.png,102.5,0.0,csv,csv_000002325,4
data\training_data\2326.png,54.375,1.0,csv,csv_000002326,4
data\training_data\2327.png,58.75,1.0,csv,csv_000002327,4
data\training_data\2328.png,85.0,0.0,csv,csv_000002328,4
data\training_data\2329.png,85.0,1.0,csv,csv_000002329,4
data\training_data\2330.png,115.625,1.0,csv,csv_000002330,4
data\training_data\2331.png,102.5,0.0,csv,csv_000002331,4
data\training_data\2332.png,102.5,1.0,csv,csv_000002332,4
data\training_data\2333.png,93.75,1.0,csv,csv_000002333,4
data\training_data\2334.png,102.5,1.0,csv,csv_000002334,4
data\training_data\2335.png,54.375,1.0,csv,csv_000002335,4
data\training_data\2336.png,102.5,1.0,csv,csv_000002336,4
data\training_data\2337.png,102.5,1.0,csv,csv_000002337,4
data\training_data\2338.png,89.375,1.0,csv,csv_000002338,4
data\training_data\2339.png,89.375,1.0,csv,csv_000002339,4
data\training_data\2340.png,63.125,1.0,csv,csv_000002340,4
data\training_data\2341.png,80.625,1.0,csv,csv_000002341,4
data\training_data\2342.png,50.0,0.0,csv,csv_000002342,4
data\training_data\2343.png,85.0,1.0,csv,csv_000002343,4
data\training_data\2344.png,85.0,1.0,csv,csv_000002344,4
data\training_data\2345.png,85.0,0.0,csv,csv_000002345,4
data\training_data\2346.png,115.625,1.0,csv,csv_000002346,4
data\training_data\2347.png,89.375,1.0,csv,csv_000002347,4
data\training_data\2348.png,89.375,1.0,csv,csv_000002348,4
data\training_data\2349.png,67.5,1.0,csv,csv_000002349,4
data\training_data\2350.png,58.75,0.0,csv,csv_000002350,4
data\training_data\2351.png,102.5,0.0,csv,csv_000002351,4
data\training_data\2352.png,89.375,1.0,csv,csv_000002352,4
data\training_data\2353.png,80.625,1.0,csv,csv_000002353,4
data\training_data\2354.png,102.5,1.0,csv,csv_000002354,4
data\training_data\2355.png,85.0,0.0,csv,csv_000002355,4
data\training_data\2356.png,93.75,0.0,csv,csv_000002356,4
data\training_data\2357.png,85.0,0.0,csv,csv_000002357,4
data\training_data\2358.png,85.0,1.0,csv,csv_000002358,4
data\training_data\2359.png,111.25,0.0,csv,csv_000002359,4
data\training_data\2360.png,76.25,1.0,csv,csv_000002360,4
data\training_data\2361.png,85.0,0.0,csv,csv_000002361,4
data\training_data\2362.png,58.75,1.0,csv,csv_000002362,4
data\training_data\2363.png,89.375,1.0,csv,csv_000002363,4
data\training_data\2364.png,80.625,0.0,csv,csv_000002364,4
data\training_data\2365.png,85.0,1.0,csv,csv_000002365,4
data\training_data\2366.png,85.0,0.0,csv,csv_000002366,4
data\training_data\2367.png,102.5,1.0,csv,csv_000002367,4
data\training_data\2368.png,85.0,1.0,csv,csv_000002368,4
data\training_data\2369.png,93.75,1.0,csv,csv_000002369,4
data\training_data\2370.png,93.75,1.0,csv,csv_000002370,4
data\training_data\2371.png,102.5,1.0,csv,csv_000002371,4
data\training_data\2372.png,98.125,1.0,csv,csv_000002372,4
data\training_data\2373.png,102.5,1.0,csv,csv_000002373,4
data\training_data\2374.png,102.5,1.0,csv,csv_000002374,4
data\training_data\2375.png,80.625,0.0,csv,csv_000002375,4
data\training_data\2376.png,63.125,1.0,csv,csv_000002376,4
data\training_data\2377.png,54.375,1.0,csv,csv_000002377,4
data\training_data\2378.png,106.875,1.0,csv,csv_000002378,4
data\training_data\2379.png,80.625,1.0,csv,csv_000002379,4
data\training_data\2380.png,85.0,1.0,csv,csv_000002380,4
data\training_data\2381.png,71.875,1.0,csv,csv_000002381,4
data\training_data\2382.png,54.375,1.0,csv,csv_000002382,4
data\training_data\2383.png,111.25,1.0,csv,csv_000002383,4
data\training_data\2384.png,106.875,0.0,csv,csv_000002384,4
data\training_data\2385.png,54.375,1.0,csv,csv_000002385,4
data\training_data\2386.png,102.5,1.0,csv,csv_000002386,4
data\training_data\2387.png,76.25,1.0,csv,csv_000002387,4
data\training_data\2388.png,85.0,1.0,csv,csv_000002388,4
data\training_data\2389.png,85.0,0.0,csv,csv_000002389,4
data\training_data\2390.png,50.0,0.0,csv,csv_000002390,4
data\training_data\2391.png,85.0,1.0,csv,csv_000002391,4
data\training_data\2392.png,89.375,1.0,csv,csv_000002392,4
data\training_data\2393.png,111.25,1.0,csv,csv_000002393,4
data\training_data\2394.png,89.375,0.0,csv,csv_000002394,4
data\training_data\2395.png,85.0,0.0,csv,csv_000002395,4
data\training_data\2396.png,89.375,1.0,csv,csv_000002396,4
data\training_data\2397.png,106.875,1.0,csv,csv_000002397,4
data\training_data\2398.png,106.875,1.0,csv,csv_000002398,4
data\training_data\2399.png,93.75,1.0,csv,csv_000002399,4
data\training_data\2400.png,102.5,1.0,csv,csv_000002400,4
data\training_data\2401.png,85.0,1.0,csv,csv_000002401,4
data\training_data\2402.png,102.5,1.0,csv,csv_000002402,4
data\training_data\2403.png,85.0,0.0,csv,csv_000002403,4
data\training_data\2404.png,98.125,1.0,csv,csv_000002404,4
data\training_data\2405.png,80.625,1.0,csv,csv_000002405,4
data\training_data\2406.png,58.75,1.0,csv,csv_000002406,4
data\training_data\2407.png,85.0,1.0,csv,csv_000002407,4
data\training_data\2408.png,106.875,1.0,csv,csv_000002408,4
data\training_data\2409.png,89.375,1.0,csv,csv_000002409,4
data\training_data\2410.png,98.125,1.0,csv,csv_000002410,4
data\training_data\2411.png,85.0,1.0,csv,csv_000002411,4
data\training_data\2412.png,54.375,1.0,csv,csv_000002412,4
data\training_data\2413.png,89.375,1.0,csv,csv_000002413,4
data\training_data\2414.png,106.875,1.0,csv,csv_000002414,4
data\training_data\2415.png,85.0,0.0,csv,csv_000002415,4
data\training_data\2416.png,102.5,1.0,csv,csv_000002416,4
data\training_data\2417.png,63.125,1.0,csv,csv_000002417,4
data\training_data\2418.png,58.75,1.0,csv,csv_000002418,4
data\training_data\2419.png,89.375,1.0,csv,csv_000002419,4
data\training_data\2420.png,85.0,0.0,csv,csv_000002420,4
data\training_data\2421.png,58.75,1.0,csv,csv_000002421,4
data\training_data\2422.png,58.75,1.0,csv,csv_000002422,4
data\training_data\2423.png,102.5,1.0,csv,csv_000002423,4
data\training_data\2424.png,93.75,1.0,csv,csv_000002424,4
data\training_data\2425.png,102.5,1.0,csv,csv_000002425,4
data\training_data\2426.png,111.25,0.0,csv,csv_000002426,4
data\training_data\2427.png,58.75,1.0,csv,csv_000002427,4
data\training_data\2428.png,106.875,1.0,csv,csv_000002428,4
data\training_data\2429.png,85.0,0.0,csv,csv_000002429,4
data\training_data\2430.png,98.125,1.0,csv,csv_000002430,4
data\training_data\2431.png,80.625,1.0,csv,csv_000002431,4
data\training_data\2432.png,93.75,1.0,csv,csv_000002432,4
data\training_data\2433.png,106.875,1.0,csv,csv_000002433,4
data\training_data\2434.png,85.0,0.0,csv,csv_000002434,4
data\training_data\2435.png,102.5,0.0,csv,csv_000002435,4
data\training_data\2436.png,111.25,1.0,csv,csv_000002436,4
data\training_data\2437.png,54.375,1.0,csv,csv_000002437,4
data\training_data\2438.png,98.125,1.0,csv,csv_000002438,4
data\training_data\2439.png,85.0,1.0,csv,csv_000002439,4
data\training_data\2440.png,106.875,1.0,csv,csv_000002440,4
data\training_data\2441.png,93.75,0.0,csv,csv_000002441,4
data\training_data\2442.png,71.875,1.0,csv,csv_000002442,4
data\training_data\2443.png,85.0,0.0,csv,csv_000002443,4
data\training_data\2444.png,111.25,1.0,csv,csv_000002444,4
data\training_data\2445.png,98.125,1.0,csv,csv_000002445,4
data\training_data\2446.png,80.625,1.0,csv,csv_000002446,4
data\training_data\2447.png,80.625,1.0,csv,csv_000002447,4
data\training_data\2448.png,80.625,0.0,csv,csv_000002448,4
data\training_data\2449.png,54.375,1.0,csv,csv_000002449,4
data\training_data\2450.png,85.0,1.0,csv,csv_000002450,4
data\training_data\2451.png,111.25,0.0,csv,csv_000002451,4
data\training_data\2452.png,98.125,0.0,csv,csv_000002452,4
data\training_data\2453.png,106.875,1.0,csv,csv_000002453,4
data\training_data\2454.png,93.75,0.0,csv,csv_000002454,4
data\training_data\2455.png,67.5,1.0,csv,csv_000002455,4
data\training_data\2456.png,102.5,1.0,csv,csv_000002456,4
data\training_data\2457.png,85.0,0.0,csv,csv_000002457,4
data\training_data\2458.png,85.0,0.0,csv,csv_000002458,4
data\training_data\2459.png,76.25,1.0,csv,csv_000002459,4
data\training_data\2460.png,106.875,1.0,csv,csv_000002460,4
data\training_data\2461.png,93.75,1.0,csv,csv_000002461,4
data\training_data\2462.png,80.625,1.0,csv,csv_000002462,4
data\training_data\2463.png,106.875,1.0,csv,csv_000002463,4
data\training_data\2464.png,85.0,0.0,csv,csv_000002464,4
data\training_data\2465.png,106.875,1.0,csv,csv_000002465,4
data\training_data\2466.png,80.625,1.0,csv,csv_000002466,4
data\training_data\2467.png,58.75,1.0,csv,csv_000002467,4
data\training_data\2468.png,89.375,0.0,csv,csv_000002468,4
data\training_data\2469.png,93.75,1.0,csv,csv_000002469,4
data\training_data\2470.png,89.375,1.0,csv,csv_000002470,4
data\training_data\2471.png,85.0,1.0,csv,csv_000002471,4
data\training_data\2472.png,85.0,1.0,csv,csv_000002472,4
data\training_data\2473.png,89.375,1.0,csv,csv_000002473,4
data\training_data\2474.png,102.5,1.0,csv,csv_000002474,4
data\training_data\2475.png,58.75,1.0,csv,csv_000002475,4
data\training_data\2476.png,67.5,1.0,csv,csv_000002476,4
data\training_data\2477.png,106.875,1.0,csv,csv_000002477,4
data\training_data\2478.png,98.125,1.0,csv,csv_000002478,4
data\training_data\2479.png,115.625,1.0,csv,csv_000002479,4
data\training_data\2480.png,76.25,1.0,csv,csv_000002480,4
data\training_data\2481.png,98.125,1.0,csv,csv_000002481,4
data\training_data\2482.png,106.875,1.0,csv,csv_000002482,4
data\training_data\2483.png,93.75,1.0,csv,csv_000002483,4
data\training_data\2484.png,85.0,1.0,csv,csv_000002484,4
data\training_data\2485.png,106.875,1.0,csv,csv_000002485,4
data\training_data\2486.png,89.375,1.0,csv,csv_000002486,4
data\training_data\2487.png,85.0,1.0,csv,csv_000002487,4
data\training_data\2488.png,80.625,1.0,csv,csv_000002488,4
data\training_data\2489.png,98.125,1.0,csv,csv_000002489,4
data\training_data\2490.png,106.875,1.0,csv,csv_000002490,4
data\training_data\2491.png,85.0,1.0,csv,csv_000002491,4
data\training_data\2492.png,106.875,1.0,csv,csv_000002492,4
data\training_data\2493.png,106.875,0.0,csv,csv_000002493,4
data\training_data\2494.png,89.375,1.0,csv,csv_000002494,4
data\training_data\2495.png,89.375,1.0,csv,csv_000002495,4
data\training_data\2496.png,106.875,1.0,csv,csv_000002496,4
data\training_data\2497.png,63.125,1.0,csv,csv_000002497,4
data\training_data\2498.png,80.625,1.0,csv,csv_000002498,4
data\training_data\2499.png,111.25,1.0,csv,csv_000002499,4
data\training_data\2500.png,102.5,1.0,csv,csv_000002500,4
data\training_data\2501.png,85.0,1.0,csv,csv_000002501,4
data\training_data\2502.png,93.75,1.0,csv,csv_000002502,4
data\training_data\2503.png,89.375,1.0,csv,csv_000002503,4
data\training_data\2504.png,63.125,1.0,csv,csv_000002504,4
data\training_data\2505.png,85.0,1.0,csv,csv_000002505,4
data\training_data\2506.png,89.375,0.0,csv,csv_000002506,4
data\training_data\2507.png,106.875,1.0,csv,csv_000002507,4
data\training_data\2508.png,85.0,1.0,csv,csv_000002508,4
data\training_data\2509.png,93.75,1.0,csv,csv_000002509,4
data\training_data\2510.png,71.875,1.0,csv,csv_000002510,4
data\training_data\2511.png,106.875,1.0,csv,csv_000002511,4
data\training_data\2512.png,111.25,0.0,csv,csv_000002512,5
data\training_data\2513.png,98.125,1.0,csv,csv_000002513,5
data\training_data\2514.png,85.0,1.0,csv,csv_000002514,5
data\training_data\2515.png,89.375,1.0,csv,csv_000002515,5
data\training_data\2516.png,98.125,1.0,csv,csv_000002516,5
data\training_data\2517.png,85.0,0.0,csv,csv_000002517,5
data\training_data\2518.png,102.5,1.0,csv,csv_000002518,5
data\training_data\2519.png,85.0,0.0,csv,csv_000002519,5
data\training_data\2520.png,71.875,1.0,csv,csv_000002520,5
data\training_data\2521.png,106.875,0.0,csv,csv_000002521,5
data\training_data\2522.png,111.25,0.0,csv,csv_000002522,5
data\training_data\2523.png,80.625,0.0,csv,csv_000002523,5
data\training_data\2524.png,98.125,1.0,csv,csv_000002524,5
data\training_data\2525.png,89.375,0.0,csv,csv_000002525,5
data\training_data\2526.png,102.5,1.0,csv,csv_000002526,5
data\training_data\2527.png,63.125,1.0,csv,csv_000002527,5
data\training_data\2528.png,63.125,1.0,csv,csv_000002528,5
data\training_data\2529.png,98.125,1.0,csv,csv_000002529,5
data\training_data\2530.png,106.875,1.0,csv,csv_000002530,5
data\training_data\2531.png,89.375,1.0,csv,csv_000002531,5
data\training_data\2532.png,93.75,1.0,csv,csv_000002532,5
data\training_data\2533.png,89.375,1.0,csv,csv_000002533,5
data\training_data\2534.png,85.0,1.0,csv,csv_000002534,5
data\training_data\2535.png,85.0,1.0,csv,csv_000002535,5
data\training_data\2536.png,89.375,1.0,csv,csv_000002536,5
data\training_data\2537.png,80.625,1.0,csv,csv_000002537,5
data\training_data\2538.png,93.75,1.0,csv,csv_000002538,5
data\training_data\2539.png,98.125,1.0,csv,csv_000002539,5
data\training_data\2540.png,102.5,1.0,csv,csv_000002540,5
data\training_data\2541.png,89.375,1.0,csv,csv_000002541,5
data\training_data\2542.png,85.0,1.0,csv,csv_000002542,5
data\training_data\2543.png,85.0,1.0,csv,csv_000002543,5
data\training_data\2544.png,85.0,0.0,csv,csv_000002544,5
data\training_data\2545.png,102.5,0.0,csv,csv_000002545,5
data\training_data\2546.png,111.25,1.0,csv,csv_000002546,5
data\training_data\2547.png,85.0,0.0,csv,csv_000002547,5
data\training_data\2548.png,67.5,1.0,csv,csv_000002548,5
data\training_data\2549.png,58.75,1.0,csv,csv_000002549,5
data\training_data\2550.png,106.875,1.0,csv,csv_000002550,5
data\training_data\2551.png,98.125,1.0,csv,csv_000002551,5
data\training_data\2552.png,102.5,1.0,csv,csv_000002552,5
data\training_data\2553.png,85.0,1.0,csv,csv_000002553,5
data\training_data\2554.png,54.375,1.0,csv,csv_000002554,5
data\training_data\2555.png,106.875,1.0,csv,csv_000002555,5
data\training_data\2556.png,58.75,1.0,csv,csv_000002556,5
data\training_data\2557.png,50.0,0.0,csv,csv_000002557,5
data\training_data\2558.png,89.375,1.0,csv,csv_000002558,5
data\training_data\2559.png,85.0,1.0,csv,csv_000002559,5
data\training_data\2560.png,89.375,0.0,csv,csv_000002560,5
data\training_data\2561.png,106.875,0.0,csv,csv_000002561,5
data\training_data\2562.png,76.25,1.0,csv,csv_000002562,5
data\training_data\2563.png,89.375,1.0,csv,csv_000002563,5
data\training_data\2564.png,76.25,1.0,csv,csv_000002564,5
data\training_data\2565.png,85.0,1.0,csv,csv_000002565,5
data\training_data\2566.png,102.5,0.0,csv,csv_000002566,5
data\training_data\2567.png,106.875,1.0,csv,csv_000002567,5
data\training_data\2568.png,102.5,1.0,csv,csv_000002568,5
data\training_data\2569.png,58.75,1.0,csv,csv_000002569,5
data\training_data\2570.png,89.375,1.0,csv,csv_000002570,5
data\training_data\2571.png,89.375,1.0,csv,csv_000002571,5
data\training_data\2572.png,80.625,1.0,csv,csv_000002572,5
data\training_data\2573.png,111.25,0.0,csv,csv_000002573,5
data\training_data\2574.png,58.75,1.0,csv,csv_000002574,5
data\training_data\2575.png,93.75,1.0,csv,csv_000002575,5
data\training_data\2576.png,85.0,0.0,csv,csv_000002576,5
data\training_data\2577.png,98.125,0.0,csv,csv_000002577,5
data\training_data\2578.png,115.625,0.0,csv,csv_000002578,5
data\training_data\2579.png,111.25,0.0,csv,csv_000002579,5
data\training_data\2580.png,85.0,1.0,csv,csv_000002580,5
data\training_data\2581.png,85.0,1.0,csv,csv_000002581,5
data\training_data\2582.png,98.125,1.0,csv,csv_000002582,5
data\training_data\2583.png,76.25,1.0,csv,csv_000002583,5
data\training_data\2584.png,58.75,1.0,csv,csv_000002584,5
data\training_data\2585.png,93.75,0.0,csv,csv_000002585,5
data\training_data\2586.png,102.5,1.0,csv,csv_000002586,5
data\training_data\2587.png,106.875,1.0,csv,csv_000002587,5
data\training_data\2588.png,85.0,0.0,csv,csv_000002588,5
data\training_data\2589.png,85.0,1.0,csv,csv_000002589,5
data\training_data\2590.png,106.875,1.0,csv,csv_000002590,5
data\training_data\2591.png,54.375,1.0,csv,csv_000002591,5
data\training_data\2592.png,98.125,0.0,csv,csv_000002592,5
data\training_data\2593.png,106.875,1.0,csv,csv_000002593,5
data\training_data\2594.png,115.625,1.0,csv,csv_000002594,5
data\training_data\2595.png,85.0,1.0,csv,csv_000002595,5
data\training_data\2596.png,85.0,1.0,csv,csv_000002596,5
data\training_data\2597.png,85.0,0.0,csv,csv_000002597,5
data\training_data\2598.png,58.75,1.0,csv,csv_000002598,5
data\training_data\2599.png,85.0,0.0,csv,csv_000002599,5
data\training_data\2600.png,111.25,0.0,csv,csv_000002600,5
data\training_data\2601.png,85.0,1.0,csv,csv_000002601,5
data\training_data\2602.png,102.5,1.0,csv,csv_000002602,5
data\training_data\2603.png,85.0,1.0,csv,csv_000002603,5
data\training_data\2604.png,85.0,0.0,csv,csv_000002604,5
data\training_data\2605.png,76.25,1.0,csv,csv_000002605,5
data\training_data\2606.png,85.0,0.0,csv,csv_000002606,5
data\training_data\2607.png,89.375,0.0,csv,csv_000002607,5
data\training_data\2608.png,106.875,1.0,csv,csv_000002608,5
data\training_data\2609.png,89.375,0.0,csv,csv_000002609,5
data\training_data\2610.png,106.875,0.0,csv,csv_000002610,5
data\training_data\2611.png,89.375,1.0,csv,csv_000002611,5
data\training_data\2612.png,80.625,1.0,csv,csv_000002612,5
data\training_data\2613.png,85.0,0.0,csv,csv_000002613,5
data\training_data\2614.png,93.75,1.0,csv,csv_000002614,5
data\training_data\2615.png,58.75,1.0,csv,csv_000002615,5
data\training_data\2616.png,80.625,1.0,csv,csv_000002616,5
data\training_data\2617.png,58.75,1.0,csv,csv_000002617,5
data\training_data\2618.png,80.625,1.0,csv,csv_000002618,5
data\training_data\2619.png,102.5,0.0,csv,csv_000002619,5
data\training_data\2620.png,85.0,1.0,csv,csv_000002620,5
data\training_data\2621.png,89.375,1.0,csv,csv_000002621,5
data\training_data\2622.png,106.875,1.0,csv,csv_000002622,5
data\training_data\2623.png,98.125,1.0,csv,csv_000002623,5
data\training_data\2624.png,58.75,1.0,csv,csv_000002624,5
data\training_data\2625.png,98.125,0.0,csv,csv_000002625,5
data\training_data\2626.png,89.375,1.0,csv,csv_000002626,5
data\training_data\2627.png,85.0,0.0,csv,csv_000002627,5
data\training_data\2628.png,102.5,1.0,csv,csv_000002628,5
data\training_data\2629.png,67.5,1.0,csv,csv_000002629,5
data\training_data\2630.png,85.0,0.0,csv,csv_000002630,5
data\training_data\2631.png,106.875,0.0,csv,csv_000002631,5
data\training_data\2632.png,85.0,1.0,csv,csv_000002632,5
data\training_data\2633.png,89.375,1.0,csv,csv_000002633,5
data\training_data\2634.png,80.625,1.0,csv,csv_000002634,5
data\training_data\2635.png,120.0,0.0,csv,csv_000002635,5
data\training_data\2636.png,93.75,1.0,csv,csv_000002636,5
data\training_data\2637.png,102.5,1.0,csv,csv_000002637,5
data\training_data\2638.png,98.125,1.0,csv,csv_000002638,5
data\training_data\2639.png,85.0,1.0,csv,csv_000002639,5
data\training_data\2640.png,120.0,1.0,csv,csv_000002640,5
data\training_data\2641.png,85.0,1.0,csv,csv_000002641,5
data\training_data\2642.png,85.0,0.0,csv,csv_000002642,5
data\training_data\2643.png,85.0,1.0,csv,csv_000002643,5
data\training_data\2644.png,85.0,1.0,csv,csv_000002644,5
data\training_data\2645.png,71.875,1.0,csv,csv_000002645,5
data\training_data\2646.png,120.0,1.0,csv,csv_000002646,5
data\training_data\2647.png,102.5,1.0,csv,csv_000002647,5
data\training_data\2648.png,63.125,1.0,csv,csv_000002648,5
data\training_data\2649.png,54.375,1.0,csv,csv_000002649,5
data\training_data\2650.png,89.375,0.0,csv,csv_000002650,5
data\training_data\2651.png,106.875,1.0,csv,csv_000002651,5
data\training_data\2652.png,85.0,1.0,csv,csv_000002652,5
data\training_data\2653.png,93.75,1.0,csv,csv_000002653,5
data\training_data\2654.png,80.625,1.0,csv,csv_000002654,5
data\training_data\2655.png,98.125,1.0,csv,csv_000002655,5
data\training_data\2656.png,58.75,1.0,csv,csv_000002656,5
data\training_data\2657.png,58.75,1.0,csv,csv_000002657,5
data\training_data\2658.png,89.375,1.0,csv,csv_000002658,5
data\training_data\2659.png,102.5,0.0,csv,csv_000002659,5
data\training_data\2660.png,80.625,1.0,csv,csv_000002660,5
data\training_data\2661.png,102.5,1.0,csv,csv_000002661,5
data\training_data\2662.png,98.125,1.0,csv,csv_000002662,5
data\training_data\2663.png,85.0,1.0,csv,csv_000002663,5
data\training_data\2664.png,102.5,1.0,csv,csv_000002664,5
data\training_data\2665.png,102.5,1.0,csv,csv_000002665,5
data\training_data\2666.png,85.0,0.0,csv,csv_000002666,5
data\training_data\2667.png,85.0,0.0,csv,csv_000002667,5
data\training_data\2668.png,89.375,1.0,csv,csv_000002668,5
data\training_data\2669.png,54.375,1.0,csv,csv_000002669,5
data\training_data\2670.png,106.875,1.0,csv,csv_000002670,5
data\training_data\2671.png,85.0,1.0,csv,csv_000002671,5
data\training_data\2672.png,111.25,1.0,csv,csv_000002672,5
data\training_data\2673.png,85.0,0.0,csv,csv_000002673,5
data\training_data\2674.png,85.0,0.0,csv,csv_000002674,5
data\training_data\2675.png,63.125,1.0,csv,csv_000002675,5
data\training_data\2676.png,111.25,0.0,csv,csv_000002676,5
data\training_data\2677.png,93.75,0.0,csv,csv_000002677,5
data\training_data\2678.png,98.125,1.0,csv,csv_000002678,5
data\training_data\2679.png,102.5,1.0,csv,csv_000002679,5
data\training_data\2680.png,102.5,0.0,csv,csv_000002680,5
data\training_data\2681.png,102.5,1.0,csv,csv_000002681,5
data\training_data\2682.png,80.625,1.0,csv,csv_000002682,5
data\training_data\2683.png,106.875,1.0,csv,csv_000002683,5
data\training_data\2684.png,89.375,1.0,csv,csv_000002684,5
data\training_data\2685.png,58.75,1.0,csv,csv_000002685,5
data\training_data\2686.png,89.375,1.0,csv,csv_000002686,5
data\training_data\2687.png,93.75,0.0,csv,csv_000002687,5
data\training_data\2688.png,102.5,1.0,csv,csv_000002688,5
data\training_data\2689.png,106.875,1.0,csv,csv_000002689,5
data\training_data\2690.png,71.875,1.0,csv,csv_000002690,5
data\training_data\2691.png,85.0,0.0,csv,csv_000002691,5
data\training_data\2692.png,85.0,1.0,csv,csv_000002692,5
data\training_data\2693.png,98.125,1.0,csv,csv_000002693,5
data\training_data\2694.png,102.5,1.0,csv,csv_000002694,5
data\training_data\2695.png,80.625,1.0,csv,csv_000002695,5
data\training_data\2696.png,106.875,1.0,csv,csv_000002696,5
data\training_data\2697.png,85.0,1.0,csv,csv_000002697,5
data\training_data\2698.png,111.25,0.0,csv,csv_000002698,5
data\training_data\2699.png,67.5,1.0,csv,csv_000002699,5
data\training_data\2700.png,76.25,1.0,csv,csv_000002700,5
data\training_data\2701.png,85.0,0.0,csv,csv_000002701,5
data\training_data\2702.png,85.0,1.0,csv,csv_000002702,5
data\training_data\2703.png,63.125,1.0,csv,csv_000002703,5
data\training_data\2704.png,98.125,1.0,csv,csv_000002704,5
data\training_data\2705.png,89.375,0.0,csv,csv_000002705,5
data\training_data\2706.png,106.875,0.0,csv,csv_000002706,5
data\training_data\2707.png,111.25,1.0,csv,csv_000002707,5
data\training_data\2708.png,98.125,0.0,csv,csv_000002708,5
data\training_data\2709.png,98.125,1.0,csv,csv_000002709,5
data\training_data\2710.png,85.0,1.0,csv,csv_000002710,5
data\training_data\2711.png,85.0,1.0,csv,csv_000002711,5
data\training_data\2712.png,63.125,1.0,csv,csv_000002712,5
data\training_data\2713.png,76.25,1.0,csv,csv_000002713,5
data\training_data\2714.png,93.75,1.0,csv,csv_000002714,5
data\training_data\2715.png,85.0,0.0,csv,csv_000002715,5
data\training_data\2716.png,85.0,1.0,csv,csv_000002716,5
data\training_data\2717.png,102.5,0.0,csv,csv_000002717,5
data\training_data\2718.png,58.75,1.0,csv,csv_000002718,5
data\training_data\2719.png,102.5,1.0,csv,csv_000002719,5
data\training_data\2720.png,89.375,1.0,csv,csv_000002720,5
data\training_data\2721.png,102.5,1.0,csv,csv_000002721,5
data\training_data\2722.png,106.875,0.0,csv,csv_000002722,5
data\training_data\2723.png,102.5,0.0,csv,csv_000002723,5
data\training_data\2724.png,54.375,1.0,csv,csv_000002724,5
data\training_data\2725.png,63.125,1.0,csv,csv_000002725,5
data\training_data\2726.png,106.875,1.0,csv,csv_000002726,5
data\training_data\2727.png,54.375,1.0,csv,csv_000002727,5
data\training_data\2728.png,89.375,1.0,csv,csv_000002728,5
data\training_data\2729.png,58.75,1.0,csv,csv_000002729,5
data\training_data\2730.png,63.125,1.0,csv,csv_000002730,5
data\training_data\2731.png,89.375,1.0,csv,csv_000002731,5
data\training_data\2732.png,85.0,0.0,csv,csv_000002732,5
data\training_data\2733.png,80.625,1.0,csv,csv_000002733,5
data\training_data\2735.png,85.0,1.0,csv,csv_000002735,5
data\training_data\2736.png,98.125,1.0,csv,csv_000002736,5
data\training_data\2737.png,106.875,1.0,csv,csv_000002737,5
data\training_data\2738.png,120.0,0.0,csv,csv_000002738,5
data\training_data\2739.png,67.5,1.0,csv,csv_000002739,5
data\training_data\2740.png,102.5,1.0,csv,csv_000002740,5
data\training_data\2741.png,106.875,1.0,csv,csv_000002741,5
data\training_data\2742.png,63.125,1.0,csv,csv_000002742,5
data\training_data\2743.png,85.0,1.0,csv,csv_000002743,5
data\training_data\2744.png,58.75,1.0,csv,csv_000002744,5
data\training_data\2745.png,85.0,1.0,csv,csv_000002745,5
data\training_data\2746.png,89.375,1.0,csv,csv_000002746,5
data\training_data\2747.png,58.75,1.0,csv,csv_000002747,5
data\training_data\2748.png,80.625,0.0,csv,csv_000002748,5
data\training_data\2749.png,85.0,1.0,csv,csv_000002749,5
data\training_data\2750.png,85.0,1.0,csv,csv_000002750,5
data\training_data\2751.png,106.875,0.0,csv,csv_000002751,5
data\training_data\2752.png,76.25,1.0,csv,csv_000002752,5
data\training_data\2753.png,106.875,1.0,csv,csv_000002753,5
data\training_data\2754.png,93.75,1.0,csv,csv_000002754,5
data\training_data\2755.png,85.0,0.0,csv,csv_000002755,5
data\training_data\2756.png,58.75,1.0,csv,csv_000002756,5
data\training_data\2757.png,102.5,1.0,csv,csv_000002757,5
data\training_data\2758.png,93.75,1.0,csv,csv_000002758,5
data\training_data\2759.png,50.0,1.0,csv,csv_000002759,5
data\training_data\2760.png,85.0,1.0,csv,csv_000002760,5
data\training_data\2761.png,85.0,0.0,csv,csv_000002761,5
data\training_data\2762.png,58.75,1.0,csv,csv_000002762,5
data\training_data\2763.png,115.625,1.0,csv,csv_000002763,5
data\training_data\2764.png,63.125,1.0,csv,csv_000002764,5
data\training_data\2765.png,89.375,1.0,csv,csv_000002765,5
data\training_data\2766.png,71.875,0.0,csv,csv_000002766,5
data\training_data\2767.png,85.0,0.0,csv,csv_000002767,5
data\training_data\2768.png,85.0,1.0,csv,csv_000002768,5
data\training_data\2769.png,106.875,1.0,csv,csv_000002769,5
data\training_data\2770.png,63.125,1.0,csv,csv_000002770,5
data\training_data\2771.png,111.25,0.0,csv,csv_000002771,5
data\training_data\2772.png,63.125,1.0,csv,csv_000002772,5
data\training_data\2773.png,58.75,1.0,csv,csv_000002773,5
data\training_data\2774.png,93.75,1.0,csv,csv_000002774,5
data\training_data\2775.png,106.875,1.0,csv,csv_000002775,5
data\training_data\2776.png,54.375,1.0,csv,csv_000002776,5
data\training_data\2777.png,63.125,0.0,csv,csv_000002777,5
data\training_data\2778.png,85.0,1.0,csv,csv_000002778,5
data\training_data\2779.png,89.375,0.0,csv,csv_000002779,5
data\training_data\2780.png,85.0,0.0,csv,csv_000002780,5
data\training_data\2781.png,106.875,1.0,csv,csv_000002781,5
data\training_data\2782.png,85.0,1.0,csv,csv_000002782,5
data\training_data\2783.png,115.625,1.0,csv,csv_000002783,5
data\training_data\2784.png,106.875,1.0,csv,csv_000002784,5
data\training_data\2785.png,102.5,1.0,csv,csv_000002785,5
data\training_data\2786.png,85.0,1.0,csv,csv_000002786,5
data\training_data\2787.png,85.0,1.0,csv,csv_000002787,5
data\training_data\2788.png,89.375,0.0,csv,csv_000002788,5
data\training_data\2789.png,106.875,1.0,csv,csv_000002789,5
data\training_data\2790.png,98.125,1.0,csv,csv_000002790,5
data\training_data\2791.png,85.0,0.0,csv,csv_000002791,5
data\training_data\2792.png,76.25,1.0,csv,csv_000002792,5
data\training_data\2793.png,89.375,0.0,csv,csv_000002793,5
data\training_data\2794.png,58.75,1.0,csv,csv_000002794,5
data\training_data\2795.png,76.25,1.0,csv,csv_000002795,5
data\training_data\2796.png,111.25,1.0,csv,csv_000002796,5
data\training_data\2797.png,85.0,1.0,csv,csv_000002797,5
data\training_data\2798.png,85.0,1.0,csv,csv_000002798,5
data\training_data\2799.png,58.75,1.0,csv,csv_000002799,5
data\training_data\2800.png,63.125,0.0,csv,csv_000002800,5
data\training_data\2801.png,85.0,1.0,csv,csv_000002801,5
data\training_data\2802.png,85.0,1.0,csv,csv_000002802,5
data\training_data\2803.png,85.0,0.0,csv,csv_000002803,5
data\training_data\2804.png,102.5,1.0,csv,csv_000002804,5
data\training_data\2805.png,85.0,1.0,csv,csv_000002805,5
data\training_data\2806.png,89.375,1.0,csv,csv_000002806,5
data\training_data\2807.png,54.375,1.0,csv,csv_000002807,5
data\training_data\2808.png,106.875,1.0,csv,csv_000002808,5
data\training_data\2809.png,106.875,1.0,csv,csv_000002809,5
data\training_data\2810.png,98.125,0.0,csv,csv_000002810,5
data\training_data\2811.png,63.125,1.0,csv,csv_000002811,5
data\training_data\2812.png,85.0,1.0,csv,csv_000002812,5
data\training_data\2813.png,102.5,1.0,csv,csv_000002813,5
data\training_data\2814.png,80.625,1.0,csv,csv_000002814,5
data\training_data\2815.png,106.875,1.0,csv,csv_000002815,5
data\training_data\2816.png,106.875,1.0,csv,csv_000002816,5
data\training_data\2817.png,106.875,1.0,csv,csv_000002817,5
data\training_data\2818.png,67.5,0.0,csv,csv_000002818,5
data\training_data\2819.png,98.125,1.0,csv,csv_000002819,5
data\training_data\2820.png,93.75,1.0,csv,csv_000002820,5
data\training_data\2821.png,98.125,0.0,csv,csv_000002821,5
data\training_data\2822.png,102.5,1.0,csv,csv_000002822,5
data\training_data\2823.png,111.25,1.0,csv,csv_000002823,5
data\training_data\2824.png,85.0,1.0,csv,csv_000002824,5
data\training_data\2825.png,93.75,1.0,csv,csv_000002825,5
data\training_data\2826.png,80.625,1.0,csv,csv_000002826,5
data\training_data\2827.png,106.875,1.0,csv,csv_000002827,5
data\training_data\2828.png,89.375,0.0,csv,csv_000002828,5
data\training_data\2829.png,98.125,1.0,csv,csv_000002829,5
data\training_data\2830.png,106.875,1.0,csv,csv_000002830,5
data\training_data\2831.png,54.375,1.0,csv,csv_000002831,5
data\training_data\2832.png,98.125,1.0,csv,csv_000002832,5
data\training_data\2833.png,76.25,1.0,csv,csv_000002833,5
data\training_data\2834.png,98.125,1.0,csv,csv_000002834,5
data\training_data\2835.png,93.75,1.0,csv,csv_000002835,5
data\training_data\2836.png,89.375,1.0,csv,csv_000002836,5
data\training_data\2837.png,85.0,0.0,csv,csv_000002837,5
data\training_data\2838.png,85.0,0.0,csv,csv_000002838,5
data\training_data\2839.png,89.375,1.0,csv,csv_000002839,5
data\training_data\2840.png,89.375,0.0,csv,csv_000002840,5
data\training_data\2841.png,85.0,1.0,csv,csv_000002841,5
data\training_data\2842.png,89.375,1.0,csv,csv_000002842,5
data\training_data\2843.png,67.5,1.0,csv,csv_000002843,5
data\training_data\2844.png,67.5,1.0,csv,csv_000002844,5
data\training_data\2845.png,102.5,1.0,csv,csv_000002845,5
data\training_data\2846.png,80.625,1.0,csv,csv_000002846,5
data\training_data\2847.png,93.75,1.0,csv,csv_000002847,5
data\training_data\2848.png,102.5,1.0,csv,csv_000002848,5
data\training_data\2849.png,102.5,1.0,csv,csv_000002849,5
data\training_data\2850.png,89.375,1.0,csv,csv_000002850,5
data\training_data\2851.png,106.875,1.0,csv,csv_000002851,5
data\training_data\2852.png,89.375,0.0,csv,csv_000002852,5
data\training_data\2853.png,85.0,1.0,csv,csv_000002853,5
data\training_data\2854.png,102.5,1.0,csv,csv_000002854,5
data\training_data\2855.png,80.625,1.0,csv,csv_000002855,5
data\training_data\2856.png,89.375,1.0,csv,csv_000002856,5
data\training_data\2857.png,115.625,0.0,csv,csv_000002857,5
data\training_data\2858.png,63.125,1.0,csv,csv_000002858,5
data\training_data\2859.png,106.875,0.0,csv,csv_000002859,5
data\training_data\2860.png,85.0,1.0,csv,csv_000002860,5
data\training_data\2861.png,80.625,1.0,csv,csv_000002861,5
data\training_data\2862.png,111.25,1.0,csv,csv_000002862,5
data\training_data\2863.png,89.375,1.0,csv,csv_000002863,5
data\training_data\2864.png,85.0,1.0,csv,csv_000002864,5
data\training_data\2865.png,93.75,1.0,csv,csv_000002865,5
data\training_data\2866.png,85.0,1.0,csv,csv_000002866,5
data\training_data\2867.png,85.0,0.0,csv,csv_000002867,5
data\training_data\2868.png,85.0,0.0,csv,csv_000002868,5
data\training_data\2869.png,80.625,1.0,csv,csv_000002869,5
data\training_data\2870.png,85.0,0.0,csv,csv_000002870,5
data\training_data\2871.png,85.0,1.0,csv,csv_000002871,5
data\training_data\2872.png,98.125,0.0,csv,csv_000002872,5
data\training_data\2873.png,106.875,1.0,csv,csv_000002873,5
data\training_data\2874.png,106.875,1.0,csv,csv_000002874,5
data\training_data\2875.png,106.875,1.0,csv,csv_000002875,5
data\training_data\2876.png,89.375,0.0,csv,csv_000002876,5
data\training_data\2877.png,106.875,1.0,csv,csv_000002877,5
data\training_data\2878.png,85.0,0.0,csv,csv_000002878,5
data\training_data\2879.png,85.0,1.0,csv,csv_000002879,5
data\training_data\2880.png,85.0,1.0,csv,csv_000002880,5
data\training_data\2881.png,102.5,1.0,csv,csv_000002881,5
data\training_data\2882.png,93.75,0.0,csv,csv_000002882,5
data\training_data\2883.png,58.75,1.0,csv,csv_000002883,5
data\training_data\2884.png,76.25,1.0,csv,csv_000002884,5
data\training_data\2885.png,93.75,1.0,csv,csv_000002885,5
data\training_data\2886.png,76.25,1.0,csv,csv_000002886,5
data\training_data\2887.png,89.375,1.0,csv,csv_000002887,5
data\training_data\2888.png,89.375,1.0,csv,csv_000002888,5
data\training_data\2889.png,85.0,1.0,csv,csv_000002889,5
data\training_data\2890.png,58.75,1.0,csv,csv_000002890,5
data\training_data\2891.png,89.375,1.0,csv,csv_000002891,5
data\training_data\2892.png,98.125,1.0,csv,csv_000002892,5
data\training_data\2893.png,106.875,1.0,csv,csv_000002893,5
data\training_data\2894.png,89.375,1.0,csv,csv_000002894,5
data\training_data\2895.png,54.375,1.0,csv,csv_000002895,5
data\training_data\2896.png,89.375,1.0,csv,csv_000002896,5
data\training_data\2897.png,76.25,1.0,csv,csv_000002897,5
data\training_data\2898.png,102.5,1.0,csv,csv_000002898,5
data\training_data\2899.png,85.0,0.0,csv,csv_000002899,5
data\training_data\2900.png,89.375,1.0,csv,csv_000002900,5
data\training_data\2901.png,63.125,0.0,csv,csv_000002901,5
data\training_data\2902.png,89.375,1.0,csv,csv_000002902,5
data\training_data\2903.png,102.5,1.0,csv,csv_000002903,5
data\training_data\2904.png,85.0,1.0,csv,csv_000002904,5
data\training_data\2905.png,89.375,1.0,csv,csv_000002905,5
data\training_data\2906.png,85.0,0.0,csv,csv_000002906,5
data\training_data\2907.png,71.875,1.0,csv,csv_000002907,5
data\training_data\2908.png,111.25,1.0,csv,csv_000002908,5
data\training_data\2909.png,85.0,0.0,csv,csv_000002909,5
data\training_data\2910.png,106.875,1.0,csv,csv_000002910,5
data\training_data\2911.png,63.125,1.0,csv,csv_000002911,5
data\training_data\2912.png,85.0,1.0,csv,csv_000002912,5
data\training_data\2913.png,58.75,1.0,csv,csv_000002913,5
data\training_data\2914.png,85.0,1.0,csv,csv_000002914,5
data\training_data\2915.png,67.5,1.0,csv,csv_000002915,5
data\training_data\2916.png,89.375,1.0,csv,csv_000002916,5
data\training_data\2917.png,85.0,0.0,csv,csv_000002917,5
data\training_data\2918.png,80.625,1.0,csv,csv_000002918,5
data\training_data\2919.png,85.0,0.0,csv,csv_000002919,5
data\training_data\2920.png,89.375,1.0,csv,csv_000002920,5
data\training_data\2921.png,50.0,0.0,csv,csv_000002921,5
data\training_data\2922.png,89.375,0.0,csv,csv_000002922,5
data\training_data\2923.png,85.0,1.0,csv,csv_000002923,5
data\training_data\2924.png,85.0,1.0,csv,csv_000002924,5
data\training_data\2925.png,67.5,1.0,csv,csv_000002925,5
data\training_data\2926.png,89.375,1.0,csv,csv_000002926,5
data\training_data\2927.png,102.5,1.0,csv,csv_000002927,5
data\training_data\2928.png,85.0,1.0,csv,csv_000002928,5
data\training_data\2929.png,111.25,0.0,csv,csv_000002929,5
data\training_data\2930.png,85.0,0.0,csv,csv_000002930,5
data\training_data\2931.png,93.75,0.0,csv,csv_000002931,5
data\training_data\2932.png,71.875,1.0,csv,csv_000002932,5
data\training_data\2933.png,93.75,1.0,csv,csv_000002933,5
data\training_data\2934.png,58.75,1.0,csv,csv_000002934,5
data\training_data\2935.png,80.625,1.0,csv,csv_000002935,5
data\training_data\2936.png,102.5,1.0,csv,csv_000002936,5
data\training_data\2937.png,80.625,1.0,csv,csv_000002937,5
data\training_data\2938.png,93.75,1.0,csv,csv_000002938,5
data\training_data\2939.png,58.75,1.0,csv,csv_000002939,5
data\training_data\2940.png,106.875,1.0,csv,csv_000002940,5
data\training_data\2941.png,85.0,1.0,csv,csv_000002941,5
data\training_data\2942.png,58.75,1.0,csv,csv_000002942,5
data\training_data\2943.png,106.875,1.0,csv,csv_000002943,5
data\training_data\2944.png,85.0,1.0,csv,csv_000002944,5
data\training_data\2945.png,54.375,1.0,csv,csv_000002945,5
data\training_data\2946.png,106.875,1.0,csv,csv_000002946,5
data\training_data\2947.png,50.0,1.0,csv,csv_000002947,5
data\training_data\2948.png,89.375,1.0,csv,csv_000002948,5
data\training_data\2949.png,98.125,1.0,csv,csv_000002949,5
data\training_data\2950.png,89.375,1.0,csv,csv_000002950,5
data\training_data\2951.png,85.0,1.0,csv,csv_000002951,5
data\training_data\2952.png,85.0,1.0,csv,csv_000002952,5
data\training_data\2953.png,85.0,1.0,csv,csv_000002953,5
data\training_data\2954.png,85.0,1.0,csv,csv_000002954,5
data\training_data\2955.png,80.625,1.0,csv,csv_000002955,5
data\training_data\2956.png,111.25,1.0,csv,csv_000002956,5
data\training_data\2957.png,102.5,1.0,csv,csv_000002957,5
data\training_data\2958.png,106.875,1.0,csv,csv_000002958,5
data\training_data\2959.png,63.125,1.0,csv,csv_000002959,5
data\training_data\2960.png,106.875,1.0,csv,csv_000002960,5
data\training_data\2961.png,111.25,0.0,csv,csv_000002961,5
data\training_data\2962.png,98.125,1.0,csv,csv_000002962,5
data\training_data\2963.png,63.125,1.0,csv,csv_000002963,5
data\training_data\2964.png,85.0,1.0,csv,csv_000002964,5
data\training_data\2965.png,85.0,1.0,csv,csv_000002965,5
data\training_data\2966.png,111.25,1.0,csv,csv_000002966,5
data\training_data\2967.png,85.0,1.0,csv,csv_000002967,5
data\training_data\2969.png,76.25,1.0,csv,csv_000002969,5
data\training_data\2970.png,89.375,1.0,csv,csv_000002970,5
data\training_data\2971.png,63.125,0.0,csv,csv_000002971,5
data\training_data\2972.png,80.625,1.0,csv,csv_000002972,5
data\training_data\2973.png,80.625,1.0,csv,csv_000002973,5
data\training_data\2974.png,85.0,0.0,csv,csv_000002974,5
data\training_data\2975.png,106.875,1.0,csv,csv_000002975,5
data\training_data\2976.png,85.0,0.0,csv,csv_000002976,5
data\training_data\2977.png,102.5,1.0,csv,csv_000002977,5
data\training_data\2978.png,54.375,1.0,csv,csv_000002978,5
data\training_data\2979.png,89.375,1.0,csv,csv_000002979,5
data\training_data\2980.png,98.125,1.0,csv,csv_000002980,5
data\training_data\2981.png,93.75,1.0,csv,csv_000002981,5
data\training_data\2982.png,85.0,0.0,csv,csv_000002982,5
data\training_data\2983.png,85.0,0.0,csv,csv_000002983,5
data\training_data\2984.png,58.75,1.0,csv,csv_000002984,5
data\training_data\2985.png,106.875,1.0,csv,csv_000002985,5
data\training_data\2986.png,102.5,1.0,csv,csv_000002986,5
data\training_data\2987.png,85.0,1.0,csv,csv_000002987,5
data\training_data\2988.png,85.0,1.0,csv,csv_000002988,5
data\training_data\2989.png,67.5,0.0,csv,csv_000002989,5
data\training_data\2990.png,54.375,1.0,csv,csv_000002990,5
data\training_data\2991.png,85.0,0.0,csv,csv_000002991,5
data\training_data\2992.png,106.875,1.0,csv,csv_000002992,5
data\training_data\2993.png,120.0,1.0,csv,csv_000002993,5
data\training_data\2994.png,54.375,1.0,csv,csv_000002994,5
data\training_data\2995.png,85.0,1.0,csv,csv_000002995,5
data\training_data\2996.png,98.125,1.0,csv,csv_000002996,5
data\training_data\2997.png,89.375,1.0,csv,csv_000002997,5
data\training_data\2998.png,98.125,1.0,csv,csv_000002998,5
data\training_data\2999.png,85.0,0.0,csv,csv_000002999,5
data\training_data\3000.png,93.75,1.0,csv,csv_000003000,5
data\training_data\3001.png,106.875,1.0,csv,csv_000003001,5
data\training_data\3002.png,67.5,1.0,csv,csv_000003002,5
data\training_data\3003.png,85.0,0.0,csv,csv_000003003,5
data\training_data\3004.png,115.625,0.0,csv,csv_000003004,5
data\training_data\3005.png,80.625,1.0,csv,csv_000003005,5
data\training_data\3006.png,80.625,1.0,csv,csv_000003006,5
data\training_data\3007.png,93.75,1.0,csv,csv_000003007,5
data\training_data\3008.png,63.125,1.0,csv,csv_000003008,5
data\training_data\3009.png,71.875,1.0,csv,csv_000003009,5
data\training_data\3010.png,85.0,1.0,csv,csv_000003010,5
data\training_data\3011.png,102.5,0.0,csv,csv_000003011,5
data\training_data\3012.png,50.0,1.0,csv,csv_000003012,5
data\training_data\3013.png,102.5,1.0,csv,csv_000003013,5
data\training_data\3517.png,89.375,1.0,csv,csv_000003517,7
data\training_data\3518.png,106.875,1.0,csv,csv_000003518,7
data\training_data\3519.png,102.5,0.0,csv,csv_000003519,7
data\training_data\3520.png,89.375,1.0,csv,csv_000003520,7
data\training_data\3521.png,106.875,1.0,csv,csv_000003521,7
data\training_data\3522.png,85.0,0.0,csv,csv_000003522,7
data\training_data\3523.png,63.125,1.0,csv,csv_000003523,7
data\training_data\3524.png,89.375,1.0,csv,csv_000003524,7
data\training_data\3525.png,98.125,1.0,csv,csv_000003525,7
data\training_data\3526.png,85.0,1.0,csv,csv_000003526,7
data\training_data\3527.png,111.25,1.0,csv,csv_000003527,7
data\training_data\3528.png,85.0,0.0,csv,csv_000003528,7
data\training_data\3529.png,115.625,1.0,csv,csv_000003529,7
data\training_data\3530.png,85.0,0.0,csv,csv_000003530,7
data\training_data\3531.png,80.625,1.0,csv,csv_000003531,7
data\training_data\3532.png,89.375,1.0,csv,csv_000003532,7
data\training_data\3533.png,102.5,1.0,csv,csv_000003533,7
data\training_data\3534.png,102.5,0.0,csv,csv_000003534,7
data\training_data\3535.png,85.0,1.0,csv,csv_000003535,7
data\training_data\3536.png,63.125,1.0,csv,csv_000003536,7
data\training_data\3537.png,106.875,0.0,csv,csv_000003537,7
data\training_data\3538.png,89.375,1.0,csv,csv_000003538,7
data\training_data\3539.png,54.375,1.0,csv,csv_000003539,7
data\training_data\3540.png,76.25,1.0,csv,csv_000003540,7
data\training_data\3541.png,58.75,1.0,csv,csv_000003541,7
data\training_data\3542.png,106.875,1.0,csv,csv_000003542,7
data\training_data\3543.png,85.0,1.0,csv,csv_000003543,7
data\training_data\3544.png,102.5,1.0,csv,csv_000003544,7
data\training_data\3545.png,85.0,0.0,csv,csv_000003545,7
data\training_data\3546.png,106.875,1.0,csv,csv_000003546,7
data\training_data\3547.png,80.625,1.0,csv,csv_000003547,7
data\training_data\3548.png,85.0,0.0,csv,csv_000003548,7
data\training_data\3549.png,85.0,1.0,csv,csv_000003549,7
data\training_data\3550.png,102.5,1.0,csv,csv_000003550,7
data\training_data\3551.png,85.0,0.0,csv,csv_000003551,7
data\training_data\3552.png,102.5,1.0,csv,csv_000003552,7
data\training_data\3553.png,89.375,0.0,csv,csv_000003553,7
data\training_data\3554.png,89.375,1.0,csv,csv_000003554,7
data\training_data\3555.png,71.875,0.0,csv,csv_000003555,7
data\training_data\3556.png,85.0,1.0,csv,csv_000003556,7
data\training_data\3557.png,71.875,1.0,csv,csv_000003557,7
data\training_data\3558.png,54.375,1.0,csv,csv_000003558,7
data\training_data\3559.png,67.5,1.0,csv,csv_000003559,7
data\training_data\3560.png,111.25,1.0,csv,csv_000003560,7
data\training_data\3561.png,85.0,1.0,csv,csv_000003561,7
data\training_data\3562.png,54.375,1.0,csv,csv_000003562,7
data\training_data\3563.png,85.0,1.0,csv,csv_000003563,7
data\training_data\3564.png,106.875,1.0,csv,csv_000003564,7
data\training_data\3565.png,85.0,0.0,csv,csv_000003565,7
data\training_data\3566.png,106.875,1.0,csv,csv_000003566,7
data\training_data\3567.png,98.125,1.0,csv,csv_000003567,7
data\training_data\3568.png,106.875,1.0,csv,csv_000003568,7
data\training_data\3569.png,89.375,1.0,csv,csv_000003569,7
data\training_data\3570.png,80.625,1.0,csv,csv_000003570,7
data\training_data\3571.png,93.75,1.0,csv,csv_000003571,7
data\training_data\3572.png,85.0,0.0,csv,csv_000003572,7
data\training_data\3573.png,106.875,1.0,csv,csv_000003573,7
data\training_data\3574.png,89.375,1.0,csv,csv_000003574,7
data\training_data\3575.png,85.0,1.0,csv,csv_000003575,7
data\training_data\3576.png,93.75,1.0,csv,csv_000003576,7
data\training_data\3577.png,102.5,1.0,csv,csv_000003577,7
data\training_data\3578.png,85.0,1.0,csv,csv_000003578,7
data\training_data\3579.png,98.125,1.0,csv,csv_000003579,7
data\training_data\3580.png,89.375,1.0,csv,csv_000003580,7
data\training_data\3581.png,71.875,0.0,csv,csv_000003581,7
data\training_data\3582.png,106.875,1.0,csv,csv_000003582,7
data\training_data\3583.png,85.0,0.0,csv,csv_000003583,7
data\training_data\3584.png,102.5,1.0,csv,csv_000003584,7
data\training_data\3585.png,89.375,1.0,csv,csv_000003585,7
data\training_data\3586.png,89.375,1.0,csv,csv_000003586,7
data\training_data\3587.png,80.625,1.0,csv,csv_000003587,7
data\training_data\3588.png,89.375,0.0,csv,csv_000003588,7
data\training_data\3589.png,54.375,1.0,csv,csv_000003589,7
data\training_data\3590.png,63.125,1.0,csv,csv_000003590,7
data\training_data\3591.png,67.5,1.0,csv,csv_000003591,7
data\training_data\3592.png,111.25,1.0,csv,csv_000003592,7
data\training_data\3593.png,106.875,0.0,csv,csv_000003593,7
data\training_data\3594.png,102.5,1.0,csv,csv_000003594,7
data\training_data\3595.png,85.0,1.0,csv,csv_000003595,7
data\training_data\3596.png,89.375,1.0,csv,csv_000003596,7
data\training_data\3597.png,106.875,1.0,csv,csv_000003597,7
data\training_data\3598.png,106.875,1.0,csv,csv_000003598,7
data\training_data\3599.png,85.0,1.0,csv,csv_000003599,7
data\training_data\3600.png,111.25,1.0,csv,csv_000003600,7
data\training_data\3601.png,93.75,0.0,csv,csv_000003601,7
data\training_data\3602.png,106.875,1.0,csv,csv_000003602,7
data\training_data\3603.png,111.25,1.0,csv,csv_000003603,7
data\training_data\3604.png,98.125,1.0,csv,csv_000003604,7
data\training_data\3605.png,106.875,0.0,csv,csv_000003605,7
data\training_data\3606.png,106.875,1.0,csv,csv_000003606,7
data\training_data\3607.png,98.125,1.0,csv,csv_000003607,7
data\training_data\3608.png,85.0,1.0,csv,csv_000003608,7
data\training_data\3609.png,85.0,1.0,csv,csv_000003609,7
data\training_data\3610.png,89.375,1.0,csv,csv_000003610,7
data\training_data\3611.png,76.25,1.0,csv,csv_000003611,7
data\training_data\3612.png,93.75,1.0,csv,csv_000003612,7
data\training_data\3613.png,89.375,1.0,csv,csv_000003613,7
data\training_data\3614.png,93.75,1.0,csv,csv_000003614,7
data\training_data\3615.png,58.75,1.0,csv,csv_000003615,7
data\training_data\3616.png,85.0,1.0,csv,csv_000003616,7
data\training_data\3617.png,102.5,1.0,csv,csv_000003617,7
data\training_data\3618.png,76.25,1.0,csv,csv_000003618,7
data\training_data\3619.png,106.875,1.0,csv,csv_000003619,7
data\training_data\3620.png,58.75,1.0,csv,csv_000003620,7
data\training_data\3621.png,85.0,1.0,csv,csv_000003621,7
data\training_data\3622.png,50.0,0.0,csv,csv_000003622,7
data\training_data\3623.png,89.375,1.0,csv,csv_000003623,7
data\training_data\3624.png,58.75,1.0,csv,csv_000003624,7
data\training_data\3625.png,85.0,0.0,csv,csv_000003625,7
data\training_data\3626.png,93.75,1.0,csv,csv_000003626,7
data\training_data\3627.png,102.5,1.0,csv,csv_000003627,7
data\training_data\3628.png,89.375,1.0,csv,csv_000003628,7
data\training_data\3629.png,67.5,1.0,csv,csv_000003629,7
data\training_data\3630.png,85.0,1.0,csv,csv_000003630,7
data\training_data\3631.png,106.875,1.0,csv,csv_000003631,7
data\training_data\3632.png,111.25,1.0,csv,csv_000003632,7
data\training_data\3633.png,98.125,1.0,csv,csv_000003633,7
data\training_data\3634.png,67.5,1.0,csv,csv_000003634,7
data\training_data\3635.png,93.75,1.0,csv,csv_000003635,7
data\training_data\3636.png,54.375,1.0,csv,csv_000003636,7
data\training_data\3637.png,80.625,1.0,csv,csv_000003637,7
data\training_data\3638.png,85.0,0.0,csv,csv_000003638,7
data\training_data\3639.png,85.0,0.0,csv,csv_000003639,7
data\training_data\3640.png,85.0,0.0,csv,csv_000003640,7
data\training_data\3641.png,89.375,1.0,csv,csv_000003641,7
data\training_data\3642.png,89.375,1.0,csv,csv_000003642,7
data\training_data\3643.png,85.0,1.0,csv,csv_000003643,7
data\training_data\3644.png,102.5,1.0,csv,csv_000003644,7
data\training_data\3645.png,89.375,0.0,csv,csv_000003645,7
data\training_data\3646.png,106.875,1.0,csv,csv_000003646,7
data\training_data\3647.png,106.875,1.0,csv,csv_000003647,7
data\training_data\3648.png,80.625,1.0,csv,csv_000003648,7
data\training_data\3649.png,98.125,1.0,csv,csv_000003649,7
data\training_data\3650.png,115.625,1.0,csv,csv_000003650,7
data\training_data\3651.png,85.0,0.0,csv,csv_000003651,7
data\training_data\3652.png,85.0,1.0,csv,csv_000003652,7
data\training_data\3653.png,85.0,1.0,csv,csv_000003653,7
data\training_data\3654.png,85.0,1.0,csv,csv_000003654,7
data\training_data\3655.png,54.375,1.0,csv,csv_000003655,7
data\training_data\3656.png,80.625,1.0,csv,csv_000003656,7
data\training_data\3657.png,63.125,1.0,csv,csv_000003657,7
data\training_data\3658.png,102.5,1.0,csv,csv_000003658,7
data\training_data\3659.png,85.0,0.0,csv,csv_000003659,7
data\training_data\3660.png,80.625,1.0,csv,csv_000003660,7
data\training_data\3661.png,85.0,1.0,csv,csv_000003661,7
data\training_data\3662.png,111.25,0.0,csv,csv_000003662,7
data\training_data\3663.png,89.375,1.0,csv,csv_000003663,7
data\training_data\3664.png,93.75,1.0,csv,csv_000003664,7
data\training_data\3665.png,85.0,0.0,csv,csv_000003665,7
data\training_data\3666.png,89.375,1.0,csv,csv_000003666,7
data\training_data\3667.png,93.75,1.0,csv,csv_000003667,7
data\training_data\3668.png,102.5,1.0,csv,csv_000003668,7
data\training_data\3669.png,111.25,1.0,csv,csv_000003669,7
data\training_data\3670.png,98.125,1.0,csv,csv_000003670,7
data\training_data\3671.png,102.5,1.0,csv,csv_000003671,7
data\training_data\3672.png,80.625,1.0,csv,csv_000003672,7
data\training_data\3673.png,63.125,1.0,csv,csv_000003673,7
data\training_data\3674.png,85.0,1.0,csv,csv_000003674,7
data\training_data\3675.png,98.125,1.0,csv,csv_000003675,7
data\training_data\3676.png,106.875,1.0,csv,csv_000003676,7
data\training_data\3677.png,106.875,1.0,csv,csv_000003677,7
data\training_data\3678.png,76.25,1.0,csv,csv_000003678,7
data\training_data\3679.png,85.0,0.0,csv,csv_000003679,7
data\training_data\3680.png,89.375,1.0,csv,csv_000003680,7
data\training_data\3681.png,102.5,1.0,csv,csv_000003681,7
data\training_data\3682.png,76.25,1.0,csv,csv_000003682,7
data\training_data\3683.png,85.0,0.0,csv,csv_000003683,7
data\training_data\3684.png,85.0,1.0,csv,csv_000003684,7
data\training_data\3685.png,93.75,1.0,csv,csv_000003685,7
data\training_data\3686.png,89.375,1.0,csv,csv_000003686,7
data\training_data\3687.png,85.0,1.0,csv,csv_000003687,7
data\training_data\3688.png,63.125,1.0,csv,csv_000003688,7
data\training_data\3689.png,85.0,0.0,csv,csv_000003689,7
data\training_data\3690.png,102.5,1.0,csv,csv_000003690,7
data\training_data\3691.png,85.0,1.0,csv,csv_000003691,7
data\training_data\3692.png,85.0,1.0,csv,csv_000003692,7
data\training_data\3693.png,76.25,1.0,csv,csv_000003693,7
data\training_data\3694.png,106.875,1.0,csv,csv_000003694,7
data\training_data\3695.png,85.0,0.0,csv,csv_000003695,7
data\training_data\3696.png,89.375,1.0,csv,csv_000003696,7
data\training_data\3697.png,111.25,1.0,csv,csv_000003697,7
data\training_data\3698.png,85.0,1.0,csv,csv_000003698,7
data\training_data\3699.png,85.0,1.0,csv,csv_000003699,7
data\training_data\3700.png,63.125,1.0,csv,csv_000003700,7
data\training_data\3701.png,67.5,1.0,csv,csv_000003701,7
data\training_data\3702.png,85.0,0.0,csv,csv_000003702,7
data\training_data\3703.png,102.5,1.0,csv,csv_000003703,7
data\training_data\3704.png,85.0,1.0,csv,csv_000003704,7
data\training_data\3705.png,85.0,0.0,csv,csv_000003705,7
data\training_data\3706.png,85.0,0.0,csv,csv_000003706,7
data\training_data\3707.png,89.375,1.0,csv,csv_000003707,7
data\training_data\3708.png,98.125,0.0,csv,csv_000003708,7
data\training_data\3709.png,63.125,1.0,csv,csv_000003709,7
data\training_data\3710.png,85.0,1.0,csv,csv_000003710,7
data\training_data\3711.png,102.5,1.0,csv,csv_000003711,7
data\training_data\3712.png,67.5,1.0,csv,csv_000003712,7
data\training_data\3713.png,85.0,0.0,csv,csv_000003713,7
data\training_data\3714.png,102.5,1.0,csv,csv_000003714,7
data\training_data\3715.png,85.0,1.0,csv,csv_000003715,7
data\training_data\3716.png,106.875,0.0,csv,csv_000003716,7
data\training_data\3717.png,85.0,1.0,csv,csv_000003717,7
data\training_data\3718.png,85.0,1.0,csv,csv_000003718,7
data\training_data\3719.png,102.5,1.0,csv,csv_000003719,7
data\training_data\3720.png,85.0,0.0,csv,csv_000003720,7
data\training_data\3721.png,93.75,1.0,csv,csv_000003721,7
data\training_data\3722.png,98.125,1.0,csv,csv_000003722,7
data\training_data\3723.png,58.75,1.0,csv,csv_000003723,7
data\training_data\3724.png,89.375,1.0,csv,csv_000003724,7
data\training_data\3725.png,85.0,1.0,csv,csv_000003725,7
data\training_data\3726.png,111.25,1.0,csv,csv_000003726,7
data\training_data\3727.png,98.125,1.0,csv,csv_000003727,7
data\training_data\3728.png,54.375,1.0,csv,csv_000003728,7
data\training_data\3729.png,85.0,0.0,csv,csv_000003729,7
data\training_data\3730.png,85.0,1.0,csv,csv_000003730,7
data\training_data\3731.png,111.25,1.0,csv,csv_000003731,7
data\training_data\3733.png,106.875,1.0,csv,csv_000003733,7
data\training_data\3734.png,85.0,1.0,csv,csv_000003734,7
data\training_data\3735.png,67.5,1.0,csv,csv_000003735,7
data\training_data\3736.png,80.625,1.0,csv,csv_000003736,7
data\training_data\3737.png,85.0,1.0,csv,csv_000003737,7
data\training_data\3738.png,63.125,1.0,csv,csv_000003738,7
data\training_data\3739.png,106.875,1.0,csv,csv_000003739,7
data\training_data\3740.png,89.375,1.0,csv,csv_000003740,7
data\training_data\3741.png,111.25,0.0,csv,csv_000003741,7
data\training_data\3742.png,93.75,0.0,csv,csv_000003742,7
data\training_data\3743.png,102.5,1.0,csv,csv_000003743,7
data\training_data\3744.png,63.125,1.0,csv,csv_000003744,7
data\training_data\3745.png,85.0,1.0,csv,csv_000003745,7
data\training_data\3746.png,85.0,1.0,csv,csv_000003746,7
data\training_data\3747.png,58.75,1.0,csv,csv_000003747,7
data\training_data\3748.png,85.0,1.0,csv,csv_000003748,7
data\training_data\3749.png,106.875,1.0,csv,csv_000003749,7
data\training_data\3750.png,102.5,1.0,csv,csv_000003750,7
data\training_data\3751.png,89.375,1.0,csv,csv_000003751,7
data\training_data\3752.png,106.875,1.0,csv,csv_000003752,7
data\training_data\3753.png,102.5,1.0,csv,csv_000003753,7
data\training_data\3754.png,98.125,1.0,csv,csv_000003754,7
data\training_data\3755.png,76.25,1.0,csv,csv_000003755,7
data\training_data\3756.png,102.5,0.0,csv,csv_000003756,7
data\training_data\3757.png,80.625,1.0,csv,csv_000003757,7
data\training_data\3758.png,85.0,1.0,csv,csv_000003758,7
data\training_data\3759.png,93.75,1.0,csv,csv_000003759,7
data\training_data\3760.png,85.0,0.0,csv,csv_000003760,7
data\training_data\3761.png,93.75,0.0,csv,csv_000003761,7
data\training_data\3762.png,102.5,1.0,csv,csv_000003762,7
data\training_data\3763.png,111.25,1.0,csv,csv_000003763,7
data\training_data\3764.png,98.125,1.0,csv,csv_000003764,7
data\training_data\3765.png,63.125,1.0,csv,csv_000003765,7
data\training_data\3766.png,102.5,1.0,csv,csv_000003766,7
data\training_data\3767.png,93.75,1.0,csv,csv_000003767,7
data\training_data\3768.png,50.0,1.0,csv,csv_000003768,7
data\training_data\3769.png,102.5,1.0,csv,csv_000003769,7
data\training_data\3770.png,98.125,1.0,csv,csv_000003770,7
data\training_data\3771.png,89.375,1.0,csv,csv_000003771,7
data\training_data\3772.png,85.0,0.0,csv,csv_000003772,7
data\training_data\3773.png,102.5,1.0,csv,csv_000003773,7
data\training_data\3774.png,93.75,1.0,csv,csv_000003774,7
data\training_data\3775.png,89.375,0.0,csv,csv_000003775,7
data\training_data\3776.png,102.5,1.0,csv,csv_000003776,7
data\training_data\3777.png,85.0,0.0,csv,csv_000003777,7
data\training_data\3778.png,98.125,1.0,csv,csv_000003778,7
data\training_data\3779.png,63.125,1.0,csv,csv_000003779,7
data\training_data\3780.png,85.0,1.0,csv,csv_000003780,7
data\training_data\3781.png,85.0,0.0,csv,csv_000003781,7
data\training_data\3782.png,58.75,1.0,csv,csv_000003782,7
data\training_data\3783.png,89.375,1.0,csv,csv_000003783,7
data\training_data\3784.png,76.25,1.0,csv,csv_000003784,7
data\training_data\3785.png,85.0,0.0,csv,csv_000003785,7
data\training_data\3786.png,54.375,1.0,csv,csv_000003786,7
data\training_data\3787.png,85.0,1.0,csv,csv_000003787,7
data\training_data\3788.png,98.125,1.0,csv,csv_000003788,7
data\training_data\3789.png,80.625,1.0,csv,csv_000003789,7
data\training_data\3790.png,85.0,1.0,csv,csv_000003790,7
data\training_data\3791.png,63.125,1.0,csv,csv_000003791,7
data\training_data\3792.png,102.5,1.0,csv,csv_000003792,7
data\training_data\3793.png,76.25,1.0,csv,csv_000003793,7
data\training_data\3794.png,89.375,1.0,csv,csv_000003794,7
data\training_data\3795.png,85.0,0.0,csv,csv_000003795,7
data\training_data\3796.png,85.0,0.0,csv,csv_000003796,7
data\training_data\3797.png,85.0,1.0,csv,csv_000003797,7
data\training_data\3798.png,80.625,1.0,csv,csv_000003798,7
data\training_data\3799.png,102.5,1.0,csv,csv_000003799,7
data\training_data\3800.png,85.0,1.0,csv,csv_000003800,7
data\training_data\3801.png,102.5,1.0,csv,csv_000003801,7
data\training_data\3802.png,102.5,1.0,csv,csv_000003802,7
data\training_data\3803.png,85.0,1.0,csv,csv_000003803,7
data\training_data\3804.png,67.5,1.0,csv,csv_000003804,7
data\training_data\3805.png,102.5,1.0,csv,csv_000003805,7
data\training_data\3806.png,58.75,1.0,csv,csv_000003806,7
data\training_data\3807.png,85.0,1.0,csv,csv_000003807,7
data\training_data\3808.png,54.375,0.0,csv,csv_000003808,7
data\training_data\3809.png,85.0,0.0,csv,csv_000003809,7
data\training_data\3810.png,106.875,1.0,csv,csv_000003810,7
data\training_data\3811.png,102.5,1.0,csv,csv_000003811,7
data\training_data\3812.png,102.5,1.0,csv,csv_000003812,7
data\training_data\3813.png,106.875,1.0,csv,csv_000003813,7
data\training_data\3814.png,85.0,0.0,csv,csv_000003814,7
data\training_data\3815.png,76.25,1.0,csv,csv_000003815,7
data\training_data\3816.png,102.5,1.0,csv,csv_000003816,7
data\training_data\3817.png,102.5,0.0,csv,csv_000003817,7
data\training_data\3818.png,63.125,1.0,csv,csv_000003818,7
data\training_data\3819.png,106.875,1.0,csv,csv_000003819,7
data\training_data\3820.png,67.5,1.0,csv,csv_000003820,7
data\training_data\3821.png,71.875,1.0,csv,csv_000003821,7
data\training_data\3822.png,89.375,0.0,csv,csv_000003822,7
data\training_data\3823.png,102.5,1.0,csv,csv_000003823,7
data\training_data\3824.png,93.75,1.0,csv,csv_000003824,7
data\training_data\3825.png,58.75,1.0,csv,csv_000003825,7
data\training_data\3826.png,85.0,1.0,csv,csv_000003826,7
data\training_data\3827.png,58.75,1.0,csv,csv_000003827,7
data\training_data\3828.png,85.0,1.0,csv,csv_000003828,7
data\training_data\3829.png,85.0,0.0,csv,csv_000003829,7
data\training_data\3830.png,54.375,1.0,csv,csv_000003830,7
data\training_data\3831.png,106.875,1.0,csv,csv_000003831,7
data\training_data\3832.png,85.0,1.0,csv,csv_000003832,7
data\training_data\3833.png,98.125,1.0,csv,csv_000003833,7
data\training_data\3834.png,80.625,1.0,csv,csv_000003834,7
data\training_data\3835.png,106.875,1.0,csv,csv_000003835,7
data\training_data\3836.png,85.0,0.0,csv,csv_000003836,7
data\training_data\3837.png,89.375,0.0,csv,csv_000003837,7
data\training_data\3838.png,58.75,1.0,csv,csv_000003838,7
data\training_data\3839.png,98.125,1.0,csv,csv_000003839,7
data\training_data\3840.png,80.625,0.0,csv,csv_000003840,7
data\training_data\3841.png,111.25,1.0,csv,csv_000003841,7
data\training_data\3842.png,85.0,1.0,csv,csv_000003842,7
data\training_data\3843.png,85.0,1.0,csv,csv_000003843,7
data\training_data\3844.png,102.5,1.0,csv,csv_000003844,7
data\training_data\3845.png,85.0,1.0,csv,csv_000003845,7
data\training_data\3846.png,102.5,0.0,csv,csv_000003846,7
data\training_data\3847.png,89.375,1.0,csv,csv_000003847,7
data\training_data\3848.png,50.0,1.0,csv,csv_000003848,7
data\training_data\3849.png,80.625,1.0,csv,csv_000003849,7
data\training_data\3850.png,76.25,0.0,csv,csv_000003850,7
data\training_data\3851.png,58.75,1.0,csv,csv_000003851,7
data\training_data\3852.png,106.875,1.0,csv,csv_000003852,7
data\training_data\3853.png,89.375,1.0,csv,csv_000003853,7
data\training_data\3854.png,106.875,1.0,csv,csv_000003854,7
data\training_data\3855.png,85.0,1.0,csv,csv_000003855,7
data\training_data\3856.png,102.5,1.0,csv,csv_000003856,7
data\training_data\3857.png,80.625,1.0,csv,csv_000003857,7
data\training_data\3858.png,89.375,1.0,csv,csv_000003858,7
data\training_data\3859.png,76.25,0.0,csv,csv_000003859,7
data\training_data\3860.png,71.875,1.0,csv,csv_000003860,7
data\training_data\3861.png,85.0,0.0,csv,csv_000003861,7
data\training_data\3862.png,85.0,1.0,csv,csv_000003862,7
data\training_data\3863.png,102.5,1.0,csv,csv_000003863,7
data\training_data\3864.png,85.0,1.0,csv,csv_000003864,7
data\training_data\3865.png,85.0,1.0,csv,csv_000003865,7
data\training_data\3866.png,85.0,1.0,csv,csv_000003866,7
data\training_data\3867.png,67.5,1.0,csv,csv_000003867,7
data\training_data\3868.png,89.375,0.0,csv,csv_000003868,7
data\training_data\3869.png,102.5,1.0,csv,csv_000003869,7
data\training_data\3870.png,63.125,1.0,csv,csv_000003870,7
data\training_data\3871.png,111.25,1.0,csv,csv_000003871,7
data\training_data\3872.png,85.0,1.0,csv,csv_000003872,7
data\training_data\3873.png,58.75,1.0,csv,csv_000003873,7
data\training_data\3874.png,106.875,1.0,csv,csv_000003874,7
data\training_data\3875.png,89.375,1.0,csv,csv_000003875,7
data\training_data\3876.png,85.0,1.0,csv,csv_000003876,7
data\training_data\3877.png,85.0,1.0,csv,csv_000003877,7
data\training_data\3878.png,80.625,1.0,csv,csv_000003878,7
data\training_data\3879.png,85.0,1.0,csv,csv_000003879,7
data\training_data\3880.png,85.0,1.0,csv,csv_000003880,7
data\training_data\3881.png,58.75,1.0,csv,csv_000003881,7
data\training_data\3882.png,89.375,1.0,csv,csv_000003882,7
data\training_data\3883.png,98.125,1.0,csv,csv_000003883,7
data\training_data\3884.png,80.625,1.0,csv,csv_000003884,7
data\training_data\3885.png,85.0,0.0,csv,csv_000003885,7
data\training_data\3886.png,85.0,0.0,csv,csv_000003886,7
data\training_data\3887.png,67.5,1.0,csv,csv_000003887,7
data\training_data\3888.png,85.0,1.0,csv,csv_000003888,7
data\training_data\3889.png,63.125,1.0,csv,csv_000003889,7
data\training_data\3890.png,89.375,1.0,csv,csv_000003890,7
data\training_data\3891.png,89.375,1.0,csv,csv_000003891,7
data\training_data\3892.png,85.0,1.0,csv,csv_000003892,7
data\training_data\3893.png,102.5,1.0,csv,csv_000003893,7
data\training_data\3894.png,98.125,1.0,csv,csv_000003894,7
data\training_data\3895.png,71.875,1.0,csv,csv_000003895,7
data\training_data\3896.png,89.375,1.0,csv,csv_000003896,7
data\training_data\3897.png,89.375,1.0,csv,csv_000003897,7
data\training_data\3898.png,85.0,1.0,csv,csv_000003898,7
data\training_data\3899.png,76.25,0.0,csv,csv_000003899,7
data\training_data\3900.png,106.875,1.0,csv,csv_000003900,7
data\training_data\3901.png,85.0,1.0,csv,csv_000003901,7
data\training_data\3902.png,85.0,0.0,csv,csv_000003902,7
data\training_data\3903.png,63.125,1.0,csv,csv_000003903,7
data\training_data\3904.png,89.375,1.0,csv,csv_000003904,7
data\training_data\3905.png,54.375,1.0,csv,csv_000003905,7
data\training_data\3906.png,111.25,0.0,csv,csv_000003906,7
data\training_data\3907.png,85.0,1.0,csv,csv_000003907,7
data\training_data\3908.png,76.25,1.0,csv,csv_000003908,7
data\training_data\3909.png,85.0,1.0,csv,csv_000003909,7
data\training_data\3910.png,76.25,0.0,csv,csv_000003910,7
data\training_data\3911.png,106.875,1.0,csv,csv_000003911,7
data\training_data\3912.png,71.875,1.0,csv,csv_000003912,7
data\training_data\3913.png,111.25,1.0,csv,csv_000003913,7
data\training_data\3914.png,85.0,0.0,csv,csv_000003914,7
data\training_data\3915.png,111.25,1.0,csv,csv_000003915,7
data\training_data\3916.png,106.875,1.0,csv,csv_000003916,7
data\training_data\3917.png,80.625,1.0,csv,csv_000003917,7
data\training_data\3918.png,80.625,1.0,csv,csv_000003918,7
data\training_data\3919.png,80.625,1.0,csv,csv_000003919,7
data\training_data\3920.png,89.375,1.0,csv,csv_000003920,7
data\training_data\3921.png,93.75,1.0,csv,csv_000003921,7
data\training_data\3922.png,85.0,1.0,csv,csv_000003922,7
data\training_data\3923.png,80.625,0.0,csv,csv_000003923,7
data\training_data\3924.png,85.0,0.0,csv,csv_000003924,7
data\training_data\3925.png,102.5,1.0,csv,csv_000003925,7
data\training_data\3926.png,76.25,1.0,csv,csv_000003926,7
data\training_data\3927.png,98.125,1.0,csv,csv_000003927,7
data\training_data\3928.png,85.0,1.0,csv,csv_000003928,7
data\training_data\3929.png,80.625,1.0,csv,csv_000003929,7
data\training_data\3930.png,85.0,0.0,csv,csv_000003930,7
data\training_data\3931.png,115.625,1.0,csv,csv_000003931,7
data\training_data\3932.png,115.625,1.0,csv,csv_000003932,7
data\training_data\3933.png,106.875,1.0,csv,csv_000003933,7
data\training_data\3934.png,63.125,1.0,csv,csv_000003934,7
data\training_data\3935.png,85.0,1.0,csv,csv_000003935,7
data\training_data\3936.png,106.875,1.0,csv,csv_000003936,7
data\training_data\3937.png,111.25,1.0,csv,csv_000003937,7
data\training_data\3938.png,85.0,1.0,csv,csv_000003938,7
data\training_data\3939.png,54.375,1.0,csv,csv_000003939,7
data\training_data\3940.png,111.25,1.0,csv,csv_000003940,7
data\training_data\3941.png,93.75,1.0,csv,csv_000003941,7
data\training_data\3942.png,85.0,0.0,csv,csv_000003942,7
data\training_data\3943.png,93.75,1.0,csv,csv_000003943,7
data\training_data\3944.png,102.5,1.0,csv,csv_000003944,7
data\training_data\3945.png,89.375,1.0,csv,csv_000003945,7
data\training_data\3946.png,89.375,1.0,csv,csv_000003946,7
data\training_data\3947.png,80.625,1.0,csv,csv_000003947,7
data\training_data\3948.png,111.25,1.0,csv,csv_000003948,7
data\training_data\3949.png,85.0,0.0,csv,csv_000003949,7
data\training_data\3950.png,58.75,1.0,csv,csv_000003950,7
data\training_data\3951.png,85.0,1.0,csv,csv_000003951,7
data\training_data\3952.png,71.875,0.0,csv,csv_000003952,7
data\training_data\3953.png,93.75,1.0,csv,csv_000003953,7
data\training_data\3954.png,71.875,1.0,csv,csv_000003954,7
data\training_data\3955.png,67.5,1.0,csv,csv_000003955,7
data\training_data\3956.png,98.125,1.0,csv,csv_000003956,7
data\training_data\3957.png,85.0,1.0,csv,csv_000003957,7
data\training_data\3958.png,98.125,0.0,csv,csv_000003958,7
data\training_data\3959.png,85.0,1.0,csv,csv_000003959,7
data\training_data\3960.png,98.125,1.0,csv,csv_000003960,7
data\training_data\3961.png,102.5,0.0,csv,csv_000003961,7
data\training_data\3962.png,85.0,1.0,csv,csv_000003962,7
data\training_data\3963.png,102.5,1.0,csv,csv_000003963,7
data\training_data\3964.png,111.25,1.0,csv,csv_000003964,7
data\training_data\3965.png,106.875,1.0,csv,csv_000003965,7
data\training_data\3966.png,98.125,0.0,csv,csv_000003966,7
data\training_data\3967.png,89.375,1.0,csv,csv_000003967,7
data\training_data\3968.png,93.75,1.0,csv,csv_000003968,7
data\training_data\3969.png,85.0,0.0,csv,csv_000003969,7
data\training_data\3970.png,85.0,1.0,csv,csv_000003970,7
data\training_data\3971.png,111.25,1.0,csv,csv_000003971,7
data\training_data\3972.png,85.0,0.0,csv,csv_000003972,7
data\training_data\3973.png,80.625,1.0,csv,csv_000003973,7
data\training_data\3974.png,93.75,1.0,csv,csv_000003974,7
data\training_data\3975.png,76.25,1.0,csv,csv_000003975,7
data\training_data\3976.png,50.0,1.0,csv,csv_000003976,7
data\training_data\3977.png,89.375,0.0,csv,csv_000003977,7
data\training_data\3978.png,102.5,1.0,csv,csv_000003978,7
data\training_data\3979.png,98.125,0.0,csv,csv_000003979,7
data\training_data\3980.png,102.5,1.0,csv,csv_000003980,7
data\training_data\3981.png,106.875,1.0,csv,csv_000003981,7
data\training_data\3982.png,98.125,1.0,csv,csv_000003982,7
data\training_data\3983.png,89.375,1.0,csv,csv_000003983,7
data\training_data\3984.png,106.875,1.0,csv,csv_000003984,7
data\training_data\3985.png,102.5,1.0,csv,csv_000003985,7
data\training_data\3986.png,102.5,1.0,csv,csv_000003986,7
data\training_data\3987.png,85.0,1.0,csv,csv_000003987,7
data\training_data\3988.png,80.625,1.0,csv,csv_000003988,7
data\training_data\3989.png,102.5,0.0,csv,csv_000003989,7
data\training_data\3990.png,93.75,1.0,csv,csv_000003990,7
data\training_data\3991.png,85.0,0.0,csv,csv_000003991,7
data\training_data\3992.png,106.875,1.0,csv,csv_000003992,7
data\training_data\3993.png,67.5,0.0,csv,csv_000003993,7
data\training_data\3994.png,54.375,1.0,csv,csv_000003994,7
data\training_data\3995.png,85.0,0.0,csv,csv_000003995,7
data\training_data\3996.png,106.875,1.0,csv,csv_000003996,7
data\training_data\3997.png,89.375,1.0,csv,csv_000003997,7
data\training_data\3998.png,54.375,1.0,csv,csv_000003998,7
data\training_data\3999.png,80.625,1.0,csv,csv_000003999,7
data\training_data\4000.png,89.375,1.0,csv,csv_000004000,7
data\training_data\4001.png,85.0,1.0,csv,csv_000004001,7
data\training_data\4002.png,98.125,1.0,csv,csv_000004002,7
data\training_data\4003.png,111.25,1.0,csv,csv_000004003,7
data\training_data\4004.png,71.875,1.0,csv,csv_000004004,7
data\training_data\4005.png,89.375,1.0,csv,csv_000004005,7
data\training_data\4006.png,85.0,0.0,csv,csv_000004006,7
data\training_data\4007.png,102.5,1.0,csv,csv_000004007,7
data\training_data\4008.png,106.875,1.0,csv,csv_000004008,7
data\training_data\4009.png,76.25,1.0,csv,csv_000004009,7
data\training_data\4010.png,58.75,1.0,csv,csv_000004010,7
data\training_data\4011.png,80.625,1.0,csv,csv_000004011,7
data\training_data\4012.png,63.125,0.0,csv,csv_000004012,7
data\training_data\4013.png,106.875,1.0,csv,csv_000004013,7
data\training_data\4014.png,98.125,0.0,csv,csv_000004014,7
data\training_data\4015.png,102.5,1.0,csv,csv_000004015,7
data\training_data\4016.png,85.0,1.0,csv,csv_000004016,7
data\training_data\4017.png,89.375,1.0,csv,csv_000004017,7
data\training_data\4018.png,98.125,1.0,csv,csv_000004018,8
data\training_data\4019.png,85.0,1.0,csv,csv_000004019,8
data\training_data\4020.png,85.0,1.0,csv,csv_000004020,8
data\training_data\4021.png,89.375,1.0,csv,csv_000004021,8
data\training_data\4022.png,85.0,1.0,csv,csv_000004022,8
data\training_data\4023.png,85.0,1.0,csv,csv_000004023,8
data\training_data\4024.png,89.375,1.0,csv,csv_000004024,8
data\training_data\4025.png,85.0,1.0,csv,csv_000004025,8
data\training_data\4026.png,106.875,1.0,csv,csv_000004026,8
data\training_data\4027.png,85.0,1.0,csv,csv_000004027,8
data\training_data\4028.png,63.125,1.0,csv,csv_000004028,8
data\training_data\4029.png,89.375,1.0,csv,csv_000004029,8
data\training_data\4030.png,71.875,1.0,csv,csv_000004030,8
data\training_data\4031.png,89.375,0.0,csv,csv_000004031,8
data\training_data\4032.png,85.0,0.0,csv,csv_000004032,8
data\training_data\4033.png,80.625,1.0,csv,csv_000004033,8
data\training_data\4034.png,71.875,1.0,csv,csv_000004034,8
data\training_data\4035.png,93.75,1.0,csv,csv_000004035,8
data\training_data\4036.png,102.5,0.0,csv,csv_000004036,8
data\training_data\4037.png,63.125,1.0,csv,csv_000004037,8
data\training_data\4038.png,89.375,1.0,csv,csv_000004038,8
data\training_data\4039.png,89.375,0.0,csv,csv_000004039,8
data\training_data\4040.png,85.0,0.0,csv,csv_000004040,8
data\training_data\4041.png,80.625,1.0,csv,csv_000004041,8
data\training_data\4042.png,106.875,1.0,csv,csv_000004042,8
data\training_data\4043.png,89.375,1.0,csv,csv_000004043,8
data\training_data\4044.png,89.375,1.0,csv,csv_000004044,8
data\training_data\4045.png,102.5,1.0,csv,csv_000004045,8
data\training_data\4046.png,106.875,1.0,csv,csv_000004046,8
data\training_data\4047.png,85.0,1.0,csv,csv_000004047,8
data\training_data\4048.png,89.375,1.0,csv,csv_000004048,8
data\training_data\4049.png,102.5,0.0,csv,csv_000004049,8
data\training_data\4050.png,80.625,1.0,csv,csv_000004050,8
data\training_data\4051.png,89.375,1.0,csv,csv_000004051,8
data\training_data\4052.png,85.0,1.0,csv,csv_000004052,8
data\training_data\4053.png,106.875,1.0,csv,csv_000004053,8
data\training_data\4054.png,106.875,1.0,csv,csv_000004054,8
data\training_data\4055.png,98.125,1.0,csv,csv_000004055,8
data\training_data\4056.png,50.0,1.0,csv,csv_000004056,8
data\training_data\4057.png,85.0,0.0,csv,csv_000004057,8
data\training_data\4058.png,106.875,1.0,csv,csv_000004058,8
data\training_data\4059.png,85.0,1.0,csv,csv_000004059,8
data\training_data\4060.png,98.125,0.0,csv,csv_000004060,8
data\training_data\4061.png,80.625,1.0,csv,csv_000004061,8
data\training_data\4062.png,89.375,1.0,csv,csv_000004062,8
data\training_data\4063.png,98.125,1.0,csv,csv_000004063,8
data\training_data\4064.png,89.375,1.0,csv,csv_000004064,8
data\training_data\4065.png,106.875,1.0,csv,csv_000004065,8
data\training_data\4066.png,111.25,1.0,csv,csv_000004066,8
data\training_data\4067.png,106.875,1.0,csv,csv_000004067,8
data\training_data\4068.png,111.25,1.0,csv,csv_000004068,8
data\training_data\4069.png,89.375,1.0,csv,csv_000004069,8
data\training_data\4070.png,106.875,1.0,csv,csv_000004070,8
data\training_data\4071.png,63.125,1.0,csv,csv_000004071,8
data\training_data\4072.png,54.375,1.0,csv,csv_000004072,8
data\training_data\4073.png,89.375,1.0,csv,csv_000004073,8
data\training_data\4074.png,106.875,1.0,csv,csv_000004074,8
data\training_data\4075.png,85.0,1.0,csv,csv_000004075,8
data\training_data\4076.png,93.75,1.0,csv,csv_000004076,8
data\training_data\4077.png,106.875,1.0,csv,csv_000004077,8
data\training_data\4078.png,98.125,1.0,csv,csv_000004078,8
data\training_data\4079.png,85.0,0.0,csv,csv_000004079,8
data\training_data\4080.png,85.0,1.0,csv,csv_000004080,8
data\training_data\4081.png,85.0,0.0,csv,csv_000004081,8
data\training_data\4082.png,89.375,1.0,csv,csv_000004082,8
data\training_data\4083.png,85.0,0.0,csv,csv_000004083,8
data\training_data\4084.png,89.375,0.0,csv,csv_000004084,8
data\training_data\4085.png,106.875,1.0,csv,csv_000004085,8
data\training_data\4086.png,80.625,1.0,csv,csv_000004086,8
data\training_data\4087.png,76.25,1.0,csv,csv_000004087,8
data\training_data\4088.png,85.0,0.0,csv,csv_000004088,8
data\training_data\4089.png,120.0,1.0,csv,csv_000004089,8
data\training_data\4090.png,63.125,1.0,csv,csv_000004090,8
data\training_data\4091.png,80.625,1.0,csv,csv_000004091,8
data\training_data\4092.png,85.0,0.0,csv,csv_000004092,8
data\training_data\4093.png,102.5,1.0,csv,csv_000004093,8
data\training_data\4094.png,58.75,1.0,csv,csv_000004094,8
data\training_data\4095.png,106.875,1.0,csv,csv_000004095,8
data\training_data\4096.png,93.75,0.0,csv,csv_000004096,8
data\training_data\4097.png,80.625,1.0,csv,csv_000004097,8
data\training_data\4098.png,89.375,1.0,csv,csv_000004098,8
data\training_data\4099.png,58.75,1.0,csv,csv_000004099,8
data\training_data\4100.png,102.5,1.0,csv,csv_000004100,8
data\training_data\4101.png,89.375,1.0,csv,csv_000004101,8
data\training_data\4102.png,106.875,1.0,csv,csv_000004102,8
data\training_data\4103.png,71.875,0.0,csv,csv_000004103,8
data\training_data\4104.png,63.125,1.0,csv,csv_000004104,8
data\training_data\4105.png,89.375,0.0,csv,csv_000004105,8
data\training_data\4106.png,89.375,0.0,csv,csv_000004106,8
data\training_data\4107.png,106.875,1.0,csv,csv_000004107,8
data\training_data\4108.png,76.25,1.0,csv,csv_000004108,8
data\training_data\4109.png,58.75,1.0,csv,csv_000004109,8
data\training_data\4110.png,111.25,1.0,csv,csv_000004110,8
data\training_data\4111.png,102.5,1.0,csv,csv_000004111,8
data\training_data\4112.png,89.375,0.0,csv,csv_000004112,8
data\training_data\4113.png,102.5,0.0,csv,csv_000004113,8
data\training_data\4114.png,85.0,1.0,csv,csv_000004114,8
data\training_data\4115.png,85.0,0.0,csv,csv_000004115,8
data\training_data\4116.png,76.25,1.0,csv,csv_000004116,8
data\training_data\4117.png,102.5,1.0,csv,csv_000004117,8
data\training_data\4118.png,98.125,1.0,csv,csv_000004118,8
data\training_data\4119.png,98.125,1.0,csv,csv_000004119,8
data\training_data\4120.png,85.0,1.0,csv,csv_000004120,8
data\training_data\4121.png,85.0,0.0,csv,csv_000004121,8
data\training_data\4122.png,80.625,1.0,csv,csv_000004122,8
data\training_data\4123.png,50.0,1.0,csv,csv_000004123,8
data\training_data\4124.png,58.75,1.0,csv,csv_000004124,8
data\training_data\4125.png,80.625,1.0,csv,csv_000004125,8
data\training_data\4126.png,106.875,1.0,csv,csv_000004126,8
data\training_data\4127.png,50.0,0.0,csv,csv_000004127,8
data\training_data\4128.png,93.75,1.0,csv,csv_000004128,8
data\training_data\4129.png,85.0,1.0,csv,csv_000004129,8
data\training_data\4130.png,58.75,1.0,csv,csv_000004130,8
data\training_data\4131.png,89.375,1.0,csv,csv_000004131,8
data\training_data\4132.png,98.125,1.0,csv,csv_000004132,8
data\training_data\4133.png,102.5,0.0,csv,csv_000004133,8
data\training_data\4134.png,98.125,1.0,csv,csv_000004134,8
data\training_data\4135.png,98.125,1.0,csv,csv_000004135,8
data\training_data\4136.png,93.75,1.0,csv,csv_000004136,8
data\training_data\4137.png,63.125,1.0,csv,csv_000004137,8
data\training_data\4138.png,54.375,1.0,csv,csv_000004138,8
data\training_data\4139.png,102.5,0.0,csv,csv_000004139,8
data\training_data\4140.png,98.125,1.0,csv,csv_000004140,8
data\training_data\4141.png,106.875,1.0,csv,csv_000004141,8
data\training_data\4142.png,98.125,1.0,csv,csv_000004142,8
data\training_data\4143.png,76.25,1.0,csv,csv_000004143,8
data\training_data\4144.png,120.0,0.0,csv,csv_000004144,8
data\training_data\4145.png,102.5,0.0,csv,csv_000004145,8
data\training_data\4146.png,102.5,1.0,csv,csv_000004146,8
data\training_data\4147.png,111.25,1.0,csv,csv_000004147,8
data\training_data\4148.png,89.375,1.0,csv,csv_000004148,8
data\training_data\4149.png,120.0,1.0,csv,csv_000004149,8
data\training_data\4150.png,102.5,0.0,csv,csv_000004150,8
data\training_data\4151.png,106.875,0.0,csv,csv_000004151,8
data\training_data\4152.png,58.75,1.0,csv,csv_000004152,8
data\training_data\4153.png,85.0,0.0,csv,csv_000004153,8
data\training_data\4154.png,102.5,0.0,csv,csv_000004154,8
data\training_data\4155.png,102.5,1.0,csv,csv_000004155,8
data\training_data\4156.png,102.5,0.0,csv,csv_000004156,8
data\training_data\4157.png,106.875,1.0,csv,csv_000004157,8
data\training_data\4158.png,89.375,0.0,csv,csv_000004158,8
data\training_data\4159.png,106.875,1.0,csv,csv_000004159,8
data\training_data\4160.png,85.0,1.0,csv,csv_000004160,8
data\training_data\4161.png,80.625,1.0,csv,csv_000004161,8
data\training_data\4162.png,58.75,1.0,csv,csv_000004162,8
data\training_data\4163.png,67.5,0.0,csv,csv_000004163,8
data\training_data\4164.png,106.875,1.0,csv,csv_000004164,8
data\training_data\4165.png,54.375,1.0,csv,csv_000004165,8
data\training_data\4166.png,85.0,0.0,csv,csv_000004166,8
data\training_data\4167.png,85.0,1.0,csv,csv_000004167,8
data\training_data\4168.png,98.125,1.0,csv,csv_000004168,8
data\training_data\4169.png,102.5,1.0,csv,csv_000004169,8
data\training_data\4170.png,111.25,1.0,csv,csv_000004170,8
data\training_data\4171.png,93.75,1.0,csv,csv_000004171,8
data\training_data\4172.png,102.5,1.0,csv,csv_000004172,8
data\training_data\4173.png,89.375,1.0,csv,csv_000004173,8
data\training_data\4174.png,58.75,1.0,csv,csv_000004174,8
data\training_data\4175.png,80.625,1.0,csv,csv_000004175,8
data\training_data\4176.png,80.625,0.0,csv,csv_000004176,8
data\training_data\4177.png,85.0,1.0,csv,csv_000004177,8
data\training_data\4178.png,67.5,1.0,csv,csv_000004178,8
data\training_data\4179.png,102.5,1.0,csv,csv_000004179,8
data\training_data\4180.png,58.75,1.0,csv,csv_000004180,8
data\training_data\4181.png,89.375,1.0,csv,csv_000004181,8
data\training_data\4182.png,85.0,1.0,csv,csv_000004182,8
data\training_data\4183.png,98.125,0.0,csv,csv_000004183,8
data\training_data\4184.png,89.375,1.0,csv,csv_000004184,8
data\training_data\4185.png,98.125,0.0,csv,csv_000004185,8
data\training_data\4186.png,93.75,1.0,csv,csv_000004186,8
data\training_data\4187.png,85.0,0.0,csv,csv_000004187,8
data\training_data\4188.png,63.125,1.0,csv,csv_000004188,8
data\training_data\4189.png,106.875,1.0,csv,csv_000004189,8
data\training_data\4190.png,93.75,1.0,csv,csv_000004190,8
data\training_data\4191.png,98.125,0.0,csv,csv_000004191,8
data\training_data\4192.png,85.0,1.0,csv,csv_000004192,8
data\training_data\4193.png,102.5,1.0,csv,csv_000004193,8
data\training_data\4194.png,102.5,1.0,csv,csv_000004194,8
data\training_data\4195.png,102.5,1.0,csv,csv_000004195,8
data\training_data\4196.png,102.5,1.0,csv,csv_000004196,8
data\training_data\4197.png,106.875,1.0,csv,csv_000004197,8
data\training_data\4198.png,106.875,1.0,csv,csv_000004198,8
data\training_data\4199.png,85.0,1.0,csv,csv_000004199,8
data\training_data\4200.png,85.0,1.0,csv,csv_000004200,8
data\training_data\4201.png,102.5,1.0,csv,csv_000004201,8
data\training_data\4202.png,58.75,1.0,csv,csv_000004202,8
data\training_data\4203.png,80.625,1.0,csv,csv_000004203,8
data\training_data\4204.png,98.125,0.0,csv,csv_000004204,8
data\training_data\4205.png,85.0,0.0,csv,csv_000004205,8
data\training_data\4206.png,80.625,1.0,csv,csv_000004206,8
data\training_data\4207.png,106.875,1.0,csv,csv_000004207,8
data\training_data\4208.png,85.0,1.0,csv,csv_000004208,8
data\training_data\4209.png,85.0,1.0,csv,csv_000004209,8
data\training_data\4210.png,106.875,1.0,csv,csv_000004210,8
data\training_data\4211.png,89.375,1.0,csv,csv_000004211,8
data\training_data\4212.png,93.75,1.0,csv,csv_000004212,8
data\training_data\4213.png,50.0,0.0,csv,csv_000004213,8
data\training_data\4214.png,85.0,1.0,csv,csv_000004214,8
data\training_data\4215.png,80.625,1.0,csv,csv_000004215,8
data\training_data\4216.png,85.0,0.0,csv,csv_000004216,8
data\training_data\4217.png,106.875,1.0,csv,csv_000004217,8
data\training_data\4218.png,67.5,0.0,csv,csv_000004218,8
data\training_data\4219.png,58.75,1.0,csv,csv_000004219,8
data\training_data\4220.png,54.375,1.0,csv,csv_000004220,8
data\training_data\4221.png,89.375,1.0,csv,csv_000004221,8
data\training_data\4222.png,58.75,0.0,csv,csv_000004222,8
data\training_data\4223.png,63.125,1.0,csv,csv_000004223,8
data\training_data\4224.png,89.375,1.0,csv,csv_000004224,8
data\training_data\4225.png,85.0,1.0,csv,csv_000004225,8
data\training_data\4226.png,63.125,1.0,csv,csv_000004226,8
data\training_data\4227.png,58.75,1.0,csv,csv_000004227,8
data\training_data\4228.png,89.375,1.0,csv,csv_000004228,8
data\training_data\4229.png,85.0,1.0,csv,csv_000004229,8
data\training_data\4230.png,85.0,0.0,csv,csv_000004230,8
data\training_data\4231.png,85.0,0.0,csv,csv_000004231,8
data\training_data\4232.png,98.125,1.0,csv,csv_000004232,8
data\training_data\4233.png,85.0,1.0,csv,csv_000004233,8
data\training_data\4234.png,93.75,1.0,csv,csv_000004234,8
data\training_data\4235.png,93.75,1.0,csv,csv_000004235,8
data\training_data\4236.png,76.25,1.0,csv,csv_000004236,8
data\training_data\4237.png,85.0,0.0,csv,csv_000004237,8
data\training_data\4238.png,111.25,0.0,csv,csv_000004238,8
data\training_data\4239.png,111.25,0.0,csv,csv_000004239,8
data\training_data\4240.png,85.0,0.0,csv,csv_000004240,8
data\training_data\4241.png,111.25,1.0,csv,csv_000004241,8
data\training_data\4242.png,85.0,1.0,csv,csv_000004242,8
data\training_data\4243.png,85.0,1.0,csv,csv_000004243,8
data\training_data\4244.png,50.0,1.0,csv,csv_000004244,8
data\training_data\4245.png,76.25,0.0,csv,csv_000004245,8
data\training_data\4246.png,80.625,1.0,csv,csv_000004246,8
data\training_data\4247.png,98.125,1.0,csv,csv_000004247,8
data\training_data\4248.png,67.5,1.0,csv,csv_000004248,8
data\training_data\4249.png,102.5,1.0,csv,csv_000004249,8
data\training_data\4250.png,98.125,1.0,csv,csv_000004250,8
data\training_data\4251.png,106.875,1.0,csv,csv_000004251,8
data\training_data\4252.png,85.0,1.0,csv,csv_000004252,8
data\training_data\4253.png,106.875,1.0,csv,csv_000004253,8
data\training_data\4254.png,85.0,0.0,csv,csv_000004254,8
data\training_data\4255.png,76.25,0.0,csv,csv_000004255,8
data\training_data\4256.png,93.75,0.0,csv,csv_000004256,8
data\training_data\4257.png,102.5,1.0,csv,csv_000004257,8
data\training_data\4258.png,98.125,1.0,csv,csv_000004258,8
data\training_data\4259.png,85.0,0.0,csv,csv_000004259,8
data\training_data\4260.png,106.875,1.0,csv,csv_000004260,8
data\training_data\4261.png,85.0,1.0,csv,csv_000004261,8
data\training_data\4262.png,58.75,1.0,csv,csv_000004262,8
data\training_data\4263.png,89.375,1.0,csv,csv_000004263,8
data\training_data\4264.png,80.625,1.0,csv,csv_000004264,8
data\training_data\4265.png,67.5,1.0,csv,csv_000004265,8
data\training_data\4266.png,58.75,1.0,csv,csv_000004266,8
data\training_data\4267.png,98.125,1.0,csv,csv_000004267,8
data\training_data\4268.png,102.5,1.0,csv,csv_000004268,8
data\training_data\4269.png,85.0,1.0,csv,csv_000004269,8
data\training_data\4270.png,102.5,1.0,csv,csv_000004270,8
data\training_data\4271.png,106.875,1.0,csv,csv_000004271,8
data\training_data\4272.png,85.0,0.0,csv,csv_000004272,8
data\training_data\4273.png,58.75,1.0,csv,csv_000004273,8
data\training_data\4274.png,85.0,1.0,csv,csv_000004274,8
data\training_data\4275.png,89.375,1.0,csv,csv_000004275,8
data\training_data\4276.png,80.625,1.0,csv,csv_000004276,8
data\training_data\4277.png,89.375,1.0,csv,csv_000004277,8
data\training_data\4278.png,85.0,1.0,csv,csv_000004278,8
data\training_data\4279.png,102.5,0.0,csv,csv_000004279,8
data\training_data\4280.png,80.625,1.0,csv,csv_000004280,8
data\training_data\4281.png,85.0,0.0,csv,csv_000004281,8
data\training_data\4282.png,102.5,1.0,csv,csv_000004282,8
data\training_data\4283.png,102.5,1.0,csv,csv_000004283,8
data\training_data\4284.png,85.0,1.0,csv,csv_000004284,8
data\training_data\4285.png,89.375,1.0,csv,csv_000004285,8
data\training_data\4286.png,93.75,1.0,csv,csv_000004286,8
data\training_data\4287.png,106.875,1.0,csv,csv_000004287,8
data\training_data\4288.png,102.5,1.0,csv,csv_000004288,8
data\training_data\4289.png,102.5,1.0,csv,csv_000004289,8
data\training_data\4290.png,89.375,1.0,csv,csv_000004290,8
data\training_data\4291.png,106.875,1.0,csv,csv_000004291,8
data\training_data\4292.png,98.125,1.0,csv,csv_000004292,8
data\training_data\4293.png,106.875,1.0,csv,csv_000004293,8
data\training_data\4294.png,85.0,0.0,csv,csv_000004294,8
data\training_data\4295.png,102.5,1.0,csv,csv_000004295,8
data\training_data\4296.png,106.875,1.0,csv,csv_000004296,8
data\training_data\4297.png,102.5,1.0,csv,csv_000004297,8
data\training_data\4298.png,102.5,1.0,csv,csv_000004298,8
data\training_data\4299.png,85.0,0.0,csv,csv_000004299,8
data\training_data\4300.png,80.625,1.0,csv,csv_000004300,8
data\training_data\4301.png,102.5,1.0,csv,csv_000004301,8
data\training_data\4302.png,93.75,1.0,csv,csv_000004302,8
data\training_data\4303.png,85.0,0.0,csv,csv_000004303,8
data\training_data\4304.png,50.0,0.0,csv,csv_000004304,8
data\training_data\4305.png,98.125,1.0,csv,csv_000004305,8
data\training_data\4306.png,102.5,0.0,csv,csv_000004306,8
data\training_data\4307.png,106.875,1.0,csv,csv_000004307,8
data\training_data\4308.png,80.625,1.0,csv,csv_000004308,8
data\training_data\4309.png,93.75,1.0,csv,csv_000004309,8
data\training_data\4310.png,98.125,1.0,csv,csv_000004310,8
data\training_data\4311.png,98.125,1.0,csv,csv_000004311,8
data\training_data\4312.png,85.0,0.0,csv,csv_000004312,8
data\training_data\4313.png,106.875,1.0,csv,csv_000004313,8
data\training_data\4314.png,89.375,0.0,csv,csv_000004314,8
data\training_data\4315.png,54.375,1.0,csv,csv_000004315,8
data\training_data\4316.png,85.0,1.0,csv,csv_000004316,8
data\training_data\4317.png,85.0,1.0,csv,csv_000004317,8
data\training_data\4318.png,111.25,1.0,csv,csv_000004318,8
data\training_data\4319.png,71.875,1.0,csv,csv_000004319,8
data\training_data\4320.png,80.625,1.0,csv,csv_000004320,8
data\training_data\4321.png,98.125,1.0,csv,csv_000004321,8
data\training_data\4322.png,102.5,1.0,csv,csv_000004322,8
data\training_data\4323.png,76.25,1.0,csv,csv_000004323,8
data\training_data\4324.png,85.0,1.0,csv,csv_000004324,8
data\training_data\4325.png,93.75,1.0,csv,csv_000004325,8
data\training_data\4326.png,98.125,0.0,csv,csv_000004326,8
data\training_data\4327.png,85.0,1.0,csv,csv_000004327,8
data\training_data\4328.png,85.0,0.0,csv,csv_000004328,8
data\training_data\4329.png,102.5,1.0,csv,csv_000004329,8
data\training_data\4330.png,98.125,1.0,csv,csv_000004330,8
data\training_data\4331.png,80.625,1.0,csv,csv_000004331,8
data\training_data\4332.png,102.5,1.0,csv,csv_000004332,8
data\training_data\4333.png,63.125,1.0,csv,csv_000004333,8
data\training_data\4334.png,102.5,1.0,csv,csv_000004334,8
data\training_data\4335.png,67.5,1.0,csv,csv_000004335,8
data\training_data\4336.png,98.125,1.0,csv,csv_000004336,8
data\training_data\4337.png,89.375,1.0,csv,csv_000004337,8
data\training_data\4338.png,58.75,1.0,csv,csv_000004338,8
data\training_data\4339.png,102.5,1.0,csv,csv_000004339,8
data\training_data\4340.png,98.125,1.0,csv,csv_000004340,8
data\training_data\4341.png,85.0,0.0,csv,csv_000004341,8
data\training_data\4342.png,67.5,1.0,csv,csv_000004342,8
data\training_data\4343.png,93.75,1.0,csv,csv_000004343,8
data\training_data\4344.png,85.0,0.0,csv,csv_000004344,8
data\training_data\4345.png,98.125,1.0,csv,csv_000004345,8
data\training_data\4346.png,85.0,1.0,csv,csv_000004346,8
data\training_data\4347.png,80.625,1.0,csv,csv_000004347,8
data\training_data\4348.png,98.125,1.0,csv,csv_000004348,8
data\training_data\4349.png,89.375,1.0,csv,csv_000004349,8
data\training_data\4350.png,85.0,1.0,csv,csv_000004350,8
data\training_data\4351.png,93.75,1.0,csv,csv_000004351,8
data\training_data\4352.png,106.875,1.0,csv,csv_000004352,8
data\training_data\4353.png,89.375,1.0,csv,csv_000004353,8
data\training_data\4354.png,85.0,1.0,csv,csv_000004354,8
data\training_data\4355.png,98.125,1.0,csv,csv_000004355,8
data\training_data\4356.png,111.25,1.0,csv,csv_000004356,8
data\training_data\4357.png,89.375,1.0,csv,csv_000004357,8
data\training_data\4358.png,115.625,1.0,csv,csv_000004358,8
data\training_data\4359.png,93.75,1.0,csv,csv_000004359,8
data\training_data\4360.png,63.125,1.0,csv,csv_000004360,8
data\training_data\4361.png,85.0,1.0,csv,csv_000004361,8
data\training_data\4362.png,120.0,0.0,csv,csv_000004362,8
data\training_data\4363.png,106.875,1.0,csv,csv_000004363,8
data\training_data\4364.png,115.625,0.0,csv,csv_000004364,8
data\training_data\4365.png,98.125,1.0,csv,csv_000004365,8
data\training_data\4366.png,89.375,1.0,csv,csv_000004366,8
data\training_data\4367.png,106.875,1.0,csv,csv_000004367,8
data\training_data\4368.png,85.0,1.0,csv,csv_000004368,8
data\training_data\4369.png,80.625,0.0,csv,csv_000004369,8
data\training_data\4370.png,85.0,1.0,csv,csv_000004370,8
data\training_data\4371.png,76.25,1.0,csv,csv_000004371,8
data\training_data\4372.png,80.625,1.0,csv,csv_000004372,8
data\training_data\4373.png,85.0,1.0,csv,csv_000004373,8
data\training_data\4374.png,85.0,1.0,csv,csv_000004374,8
data\training_data\4375.png,85.0,1.0,csv,csv_000004375,8
data\training_data\4376.png,54.375,0.0,csv,csv_000004376,8
data\training_data\4377.png,80.625,1.0,csv,csv_000004377,8
data\training_data\4378.png,111.25,1.0,csv,csv_000004378,8
data\training_data\4379.png,89.375,1.0,csv,csv_000004379,8
data\training_data\4380.png,111.25,0.0,csv,csv_000004380,8
data\training_data\4381.png,80.625,0.0,csv,csv_000004381,8
data\training_data\4382.png,106.875,1.0,csv,csv_000004382,8
data\training_data\4383.png,63.125,1.0,csv,csv_000004383,8
data\training_data\4384.png,85.0,1.0,csv,csv_000004384,8
data\training_data\4385.png,106.875,1.0,csv,csv_000004385,8
data\training_data\4386.png,80.625,1.0,csv,csv_000004386,8
data\training_data\4387.png,98.125,1.0,csv,csv_000004387,8
data\training_data\4388.png,85.0,0.0,csv,csv_000004388,8
data\training_data\4389.png,54.375,1.0,csv,csv_000004389,8
data\training_data\4390.png,115.625,1.0,csv,csv_000004390,8
data\training_data\4391.png,63.125,1.0,csv,csv_000004391,8
data\training_data\4392.png,89.375,1.0,csv,csv_000004392,8
data\training_data\4393.png,111.25,1.0,csv,csv_000004393,8
data\training_data\4394.png,85.0,1.0,csv,csv_000004394,8
data\training_data\4395.png,89.375,1.0,csv,csv_000004395,8
data\training_data\4396.png,63.125,1.0,csv,csv_000004396,8
data\training_data\4397.png,71.875,1.0,csv,csv_000004397,8
data\training_data\4398.png,58.75,1.0,csv,csv_000004398,8
data\training_data\4399.png,89.375,1.0,csv,csv_000004399,8
data\training_data\4400.png,85.0,1.0,csv,csv_000004400,8
data\training_data\4401.png,106.875,1.0,csv,csv_000004401,8
data\training_data\4402.png,89.375,0.0,csv,csv_000004402,8
data\training_data\4403.png,98.125,1.0,csv,csv_000004403,8
data\training_data\4404.png,89.375,1.0,csv,csv_000004404,8
data\training_data\4405.png,58.75,1.0,csv,csv_000004405,8
data\training_data\4406.png,76.25,1.0,csv,csv_000004406,8
data\training_data\4407.png,85.0,1.0,csv,csv_000004407,8
data\training_data\4408.png,63.125,1.0,csv,csv_000004408,8
data\training_data\4409.png,63.125,1.0,csv,csv_000004409,8
data\training_data\4410.png,85.0,1.0,csv,csv_000004410,8
data\training_data\4411.png,71.875,1.0,csv,csv_000004411,8
data\training_data\4412.png,85.0,1.0,csv,csv_000004412,8
data\training_data\4413.png,89.375,0.0,csv,csv_000004413,8
data\training_data\4414.png,80.625,1.0,csv,csv_000004414,8
data\training_data\4415.png,85.0,1.0,csv,csv_000004415,8
data\training_data\4416.png,106.875,1.0,csv,csv_000004416,8
data\training_data\4417.png,58.75,1.0,csv,csv_000004417,8
data\training_data\4418.png,80.625,1.0,csv,csv_000004418,8
data\training_data\4419.png,85.0,1.0,csv,csv_000004419,8
data\training_data\4420.png,85.0,0.0,csv,csv_000004420,8
data\training_data\4421.png,89.375,1.0,csv,csv_000004421,8
data\training_data\4422.png,102.5,1.0,csv,csv_000004422,8
data\training_data\4423.png,80.625,1.0,csv,csv_000004423,8
data\training_data\4424.png,89.375,1.0,csv,csv_000004424,8
data\training_data\4425.png,93.75,0.0,csv,csv_000004425,8
data\training_data\4426.png,89.375,1.0,csv,csv_000004426,8
data\training_data\4427.png,54.375,1.0,csv,csv_000004427,8
data\training_data\4428.png,71.875,1.0,csv,csv_000004428,8
data\training_data\4429.png,89.375,1.0,csv,csv_000004429,8
data\training_data\4430.png,58.75,1.0,csv,csv_000004430,8
data\training_data\4431.png,80.625,1.0,csv,csv_000004431,8
data\training_data\4432.png,58.75,0.0,csv,csv_000004432,8
data\training_data\4433.png,89.375,1.0,csv,csv_000004433,8
data\training_data\4434.png,58.75,1.0,csv,csv_000004434,8
data\training_data\4435.png,106.875,1.0,csv,csv_000004435,8
data\training_data\4436.png,106.875,1.0,csv,csv_000004436,8
data\training_data\4437.png,85.0,0.0,csv,csv_000004437,8
data\training_data\4438.png,76.25,1.0,csv,csv_000004438,8
data\training_data\4439.png,93.75,1.0,csv,csv_000004439,8
data\training_data\4440.png,102.5,1.0,csv,csv_000004440,8
data\training_data\4441.png,89.375,1.0,csv,csv_000004441,8
data\training_data\4442.png,80.625,1.0,csv,csv_000004442,8
data\training_data\4443.png,106.875,1.0,csv,csv_000004443,8
data\training_data\4444.png,85.0,1.0,csv,csv_000004444,8
data\training_data\4445.png,63.125,1.0,csv,csv_000004445,8
data\training_data\4446.png,80.625,1.0,csv,csv_000004446,8
data\training_data\4447.png,85.0,0.0,csv,csv_000004447,8
data\training_data\4448.png,85.0,1.0,csv,csv_000004448,8
data\training_data\4449.png,67.5,0.0,csv,csv_000004449,8
data\training_data\4450.png,76.25,1.0,csv,csv_000004450,8
data\training_data\4451.png,67.5,1.0,csv,csv_000004451,8
data\training_data\4452.png,102.5,1.0,csv,csv_000004452,8
data\training_data\4453.png,102.5,1.0,csv,csv_000004453,8
data\training_data\4454.png,85.0,1.0,csv,csv_000004454,8
data\training_data\4455.png,98.125,1.0,csv,csv_000004455,8
data\training_data\4456.png,102.5,1.0,csv,csv_000004456,8
data\training_data\4457.png,63.125,1.0,csv,csv_000004457,8
data\training_data\4458.png,93.75,1.0,csv,csv_000004458,8
data\training_data\4459.png,89.375,1.0,csv,csv_000004459,8
data\training_data\4460.png,89.375,1.0,csv,csv_000004460,8
data\training_data\4461.png,98.125,1.0,csv,csv_000004461,8
data\training_data\4462.png,89.375,1.0,csv,csv_000004462,8
data\training_data\4463.png,89.375,1.0,csv,csv_000004463,8
data\training_data\4464.png,80.625,1.0,csv,csv_000004464,8
data\training_data\4465.png,50.0,1.0,csv,csv_000004465,8
data\training_data\4466.png,58.75,1.0,csv,csv_000004466,8
data\training_data\4467.png,93.75,1.0,csv,csv_000004467,8
data\training_data\4468.png,89.375,1.0,csv,csv_000004468,8
data\training_data\4469.png,89.375,1.0,csv,csv_000004469,8
data\training_data\4470.png,85.0,1.0,csv,csv_000004470,8
data\training_data\4471.png,106.875,1.0,csv,csv_000004471,8
data\training_data\4472.png,85.0,1.0,csv,csv_000004472,8
data\training_data\4473.png,58.75,1.0,csv,csv_000004473,8
data\training_data\4474.png,106.875,1.0,csv,csv_000004474,8
data\training_data\4475.png,80.625,1.0,csv,csv_000004475,8
data\training_data\4476.png,102.5,1.0,csv,csv_000004476,8
data\training_data\4477.png,85.0,1.0,csv,csv_000004477,8
data\training_data\4478.png,85.0,1.0,csv,csv_000004478,8
data\training_data\4479.png,89.375,1.0,csv,csv_000004479,8
data\training_data\4480.png,106.875,1.0,csv,csv_000004480,8
data\training_data\4481.png,93.75,1.0,csv,csv_000004481,8
data\training_data\4482.png,85.0,0.0,csv,csv_000004482,8
data\training_data\4483.png,102.5,1.0,csv,csv_000004483,8
data\training_data\4484.png,58.75,1.0,csv,csv_000004484,8
data\training_data\4485.png,63.125,0.0,csv,csv_000004485,8
data\training_data\4486.png,98.125,1.0,csv,csv_000004486,8
data\training_data\4487.png,89.375,1.0,csv,csv_000004487,8
data\training_data\4488.png,102.5,1.0,csv,csv_000004488,8
data\training_data\4489.png,106.875,1.0,csv,csv_000004489,8
data\training_data\4490.png,89.375,1.0,csv,csv_000004490,8
data\training_data\4491.png,85.0,0.0,csv,csv_000004491,8
data\training_data\4492.png,71.875,1.0,csv,csv_000004492,8
data\training_data\4493.png,106.875,1.0,csv,csv_000004493,8
data\training_data\4494.png,85.0,0.0,csv,csv_000004494,8
data\training_data\4495.png,85.0,1.0,csv,csv_000004495,8
data\training_data\4496.png,89.375,1.0,csv,csv_000004496,8
data\training_data\4497.png,102.5,1.0,csv,csv_000004497,8
data\training_data\4498.png,85.0,1.0,csv,csv_000004498,8
data\training_data\4499.png,98.125,1.0,csv,csv_000004499,8
data\training_data\4500.png,89.375,1.0,csv,csv_000004500,8
data\training_data\4501.png,89.375,1.0,csv,csv_000004501,8
data\training_data\4502.png,98.125,1.0,csv,csv_000004502,8
data\training_data\4503.png,63.125,1.0,csv,csv_000004503,8
data\training_data\4504.png,85.0,1.0,csv,csv_000004504,8
data\training_data\4505.png,85.0,1.0,csv,csv_000004505,8
data\training_data\4506.png,106.875,1.0,csv,csv_000004506,8
data\training_data\4507.png,89.375,1.0,csv,csv_000004507,8
data\training_data\4508.png,85.0,1.0,csv,csv_000004508,8
data\training_data\4509.png,85.0,1.0,csv,csv_000004509,8
data\training_data\4510.png,85.0,1.0,csv,csv_000004510,8
data\training_data\4511.png,102.5,1.0,csv,csv_000004511,8
data\training_data\4512.png,71.875,1.0,csv,csv_000004512,8
data\training_data\4513.png,111.25,1.0,csv,csv_000004513,8
data\training_data\4514.png,85.0,0.0,csv,csv_000004514,8
data\training_data\4515.png,111.25,1.0,csv,csv_000004515,8
data\training_data\4516.png,102.5,1.0,csv,csv_000004516,8
data\training_data\4517.png,85.0,1.0,csv,csv_000004517,8
data\training_data\5019.png,58.75,1.0,csv,csv_000005019,10
data\training_data\5020.png,85.0,1.0,csv,csv_000005020,10
data\training_data\5021.png,111.25,1.0,csv,csv_000005021,10
data\training_data\5022.png,85.0,0.0,csv,csv_000005022,10
data\training_data\5023.png,106.875,1.0,csv,csv_000005023,10
data\training_data\5024.png,76.25,1.0,csv,csv_000005024,10
data\training_data\5025.png,85.0,0.0,csv,csv_000005025,10
data\training_data\5026.png,76.25,1.0,csv,csv_000005026,10
data\training_data\5027.png,67.5,1.0,csv,csv_000005027,10
data\training_data\5028.png,85.0,1.0,csv,csv_000005028,10
data\training_data\5029.png,85.0,1.0,csv,csv_000005029,10
data\training_data\5030.png,63.125,1.0,csv,csv_000005030,10
data\training_data\5031.png,85.0,1.0,csv,csv_000005031,10
data\training_data\5032.png,85.0,1.0,csv,csv_000005032,10
data\training_data\5033.png,102.5,1.0,csv,csv_000005033,10
data\training_data\5034.png,76.25,1.0,csv,csv_000005034,10
data\training_data\5035.png,85.0,1.0,csv,csv_000005035,10
data\training_data\5036.png,106.875,1.0,csv,csv_000005036,10
data\training_data\5037.png,58.75,1.0,csv,csv_000005037,10
data\training_data\5038.png,67.5,1.0,csv,csv_000005038,10
data\training_data\5039.png,85.0,0.0,csv,csv_000005039,10
data\training_data\5040.png,67.5,1.0,csv,csv_000005040,10
data\training_data\5041.png,102.5,1.0,csv,csv_000005041,10
data\training_data\5042.png,58.75,1.0,csv,csv_000005042,10
data\training_data\5043.png,111.25,0.0,csv,csv_000005043,10
data\training_data\5044.png,85.0,0.0,csv,csv_000005044,10
data\training_data\5045.png,106.875,0.0,csv,csv_000005045,10
data\training_data\5046.png,85.0,1.0,csv,csv_000005046,10
data\training_data\5047.png,54.375,0.0,csv,csv_000005047,10
data\training_data\5048.png,85.0,0.0,csv,csv_000005048,10
data\training_data\5049.png,106.875,0.0,csv,csv_000005049,10
data\training_data\5050.png,89.375,1.0,csv,csv_000005050,10
data\training_data\5051.png,98.125,1.0,csv,csv_000005051,10
data\training_data\5052.png,106.875,1.0,csv,csv_000005052,10
data\training_data\5053.png,63.125,1.0,csv,csv_000005053,10
data\training_data\5054.png,58.75,1.0,csv,csv_000005054,10
data\training_data\5055.png,50.0,1.0,csv,csv_000005055,10
data\training_data\5056.png,102.5,1.0,csv,csv_000005056,10
data\training_data\5057.png,63.125,1.0,csv,csv_000005057,10
data\training_data\5058.png,98.125,1.0,csv,csv_000005058,10
data\training_data\5059.png,93.75,1.0,csv,csv_000005059,10
data\training_data\5060.png,89.375,1.0,csv,csv_000005060,10
data\training_data\5061.png,63.125,1.0,csv,csv_000005061,10
data\training_data\5062.png,85.0,0.0,csv,csv_000005062,10
data\training_data\5063.png,85.0,0.0,csv,csv_000005063,10
data\training_data\5064.png,98.125,1.0,csv,csv_000005064,10
data\training_data\5065.png,106.875,0.0,csv,csv_000005065,10
data\training_data\5066.png,102.5,1.0,csv,csv_000005066,10
data\training_data\5067.png,98.125,0.0,csv,csv_000005067,10
data\training_data\5068.png,85.0,1.0,csv,csv_000005068,10
data\training_data\5069.png,89.375,1.0,csv,csv_000005069,10
data\training_data\5070.png,111.25,1.0,csv,csv_000005070,10
data\training_data\5071.png,85.0,1.0,csv,csv_000005071,10
data\training_data\5072.png,89.375,1.0,csv,csv_000005072,10
data\training_data\5073.png,54.375,1.0,csv,csv_000005073,10
data\training_data\5074.png,58.75,1.0,csv,csv_000005074,10
data\training_data\5075.png,93.75,1.0,csv,csv_000005075,10
data\training_data\5076.png,93.75,1.0,csv,csv_000005076,10
data\training_data\5077.png,85.0,1.0,csv,csv_000005077,10
data\training_data\5078.png,102.5,1.0,csv,csv_000005078,10
data\training_data\5079.png,80.625,0.0,csv,csv_000005079,10
data\training_data\5080.png,89.375,0.0,csv,csv_000005080,10
data\training_data\5081.png,85.0,1.0,csv,csv_000005081,10
data\training_data\5082.png,85.0,1.0,csv,csv_000005082,10
data\training_data\5083.png,85.0,0.0,csv,csv_000005083,10
data\training_data\5084.png,93.75,0.0,csv,csv_000005084,10
data\training_data\5085.png,71.875,1.0,csv,csv_000005085,10
data\training_data\5086.png,54.375,1.0,csv,csv_000005086,10
data\training_data\5087.png,71.875,1.0,csv,csv_000005087,10
data\training_data\5088.png,80.625,1.0,csv,csv_000005088,10
data\training_data\5089.png,63.125,1.0,csv,csv_000005089,10
data\training_data\5090.png,89.375,1.0,csv,csv_000005090,10
data\training_data\5091.png,85.0,1.0,csv,csv_000005091,10
data\training_data\5092.png,106.875,1.0,csv,csv_000005092,10
data\training_data\5093.png,76.25,0.0,csv,csv_000005093,10
data\training_data\5094.png,89.375,1.0,csv,csv_000005094,10
data\training_data\5095.png,106.875,1.0,csv,csv_000005095,10
data\training_data\5096.png,102.5,1.0,csv,csv_000005096,10
data\training_data\5097.png,85.0,1.0,csv,csv_000005097,10
data\training_data\5098.png,85.0,0.0,csv,csv_000005098,10
data\training_data\5099.png,85.0,1.0,csv,csv_000005099,10
data\training_data\5100.png,85.0,1.0,csv,csv_000005100,10
data\training_data\5101.png,106.875,1.0,csv,csv_000005101,10
data\training_data\5102.png,71.875,1.0,csv,csv_000005102,10
data\training_data\5103.png,106.875,1.0,csv,csv_000005103,10
data\training_data\5104.png,85.0,1.0,csv,csv_000005104,10
data\training_data\5105.png,89.375,1.0,csv,csv_000005105,10
data\training_data\5106.png,106.875,1.0,csv,csv_000005106,10
data\training_data\5107.png,85.0,0.0,csv,csv_000005107,10
data\training_data\5108.png,106.875,1.0,csv,csv_000005108,10
data\training_data\5109.png,67.5,1.0,csv,csv_000005109,10
data\training_data\5110.png,98.125,1.0,csv,csv_000005110,10
data\training_data\5111.png,106.875,1.0,csv,csv_000005111,10
data\training_data\5112.png,106.875,1.0,csv,csv_000005112,10
data\training_data\5113.png,85.0,0.0,csv,csv_000005113,10
data\training_data\5114.png,111.25,0.0,csv,csv_000005114,10
data\training_data\5115.png,93.75,1.0,csv,csv_000005115,10
data\training_data\5116.png,102.5,1.0,csv,csv_000005116,10
data\training_data\5117.png,111.25,1.0,csv,csv_000005117,10
data\training_data\5118.png,120.0,1.0,csv,csv_000005118,10
data\training_data\5119.png,93.75,1.0,csv,csv_000005119,10
data\training_data\5120.png,58.75,1.0,csv,csv_000005120,10
data\training_data\5121.png,85.0,0.0,csv,csv_000005121,10
data\training_data\5122.png,98.125,1.0,csv,csv_000005122,10
data\training_data\5123.png,98.125,1.0,csv,csv_000005123,10
data\training_data\5124.png,93.75,1.0,csv,csv_000005124,10
data\training_data\5125.png,85.0,1.0,csv,csv_000005125,10
data\training_data\5126.png,98.125,1.0,csv,csv_000005126,10
data\training_data\5127.png,80.625,1.0,csv,csv_000005127,10
data\training_data\5128.png,106.875,1.0,csv,csv_000005128,10
data\training_data\5129.png,80.625,1.0,csv,csv_000005129,10
data\training_data\5130.png,67.5,1.0,csv,csv_000005130,10
data\training_data\5131.png,85.0,0.0,csv,csv_000005131,10
data\training_data\5132.png,58.75,1.0,csv,csv_000005132,10
data\training_data\5133.png,63.125,1.0,csv,csv_000005133,10
data\training_data\5134.png,67.5,0.0,csv,csv_000005134,10
data\training_data\5135.png,93.75,1.0,csv,csv_000005135,10
data\training_data\5136.png,85.0,0.0,csv,csv_000005136,10
data\training_data\5137.png,98.125,1.0,csv,csv_000005137,10
data\training_data\5138.png,85.0,1.0,csv,csv_000005138,10
data\training_data\5139.png,98.125,1.0,csv,csv_000005139,10
data\training_data\5140.png,98.125,1.0,csv,csv_000005140,10
data\training_data\5141.png,89.375,1.0,csv,csv_000005141,10
data\training_data\5142.png,71.875,1.0,csv,csv_000005142,10
data\training_data\5143.png,85.0,1.0,csv,csv_000005143,10
data\training_data\5144.png,85.0,1.0,csv,csv_000005144,10
data\training_data\5145.png,54.375,1.0,csv,csv_000005145,10
data\training_data\5146.png,89.375,1.0,csv,csv_000005146,10
data\training_data\5147.png,106.875,1.0,csv,csv_000005147,10
data\training_data\5148.png,85.0,1.0,csv,csv_000005148,10
data\training_data\5149.png,85.0,1.0,csv,csv_000005149,10
data\training_data\5150.png,85.0,1.0,csv,csv_000005150,10
data\training_data\5151.png,98.125,0.0,csv,csv_000005151,10
data\training_data\5152.png,85.0,1.0,csv,csv_000005152,10
data\training_data\5153.png,111.25,0.0,csv,csv_000005153,10
data\training_data\5154.png,58.75,1.0,csv,csv_000005154,10
data\training_data\5155.png,98.125,1.0,csv,csv_000005155,10
data\training_data\5156.png,58.75,1.0,csv,csv_000005156,10
data\training_data\5157.png,93.75,1.0,csv,csv_000005157,10
data\training_data\5158.png,106.875,1.0,csv,csv_000005158,10
data\training_data\5159.png,85.0,1.0,csv,csv_000005159,10
data\training_data\5160.png,93.75,1.0,csv,csv_000005160,10
data\training_data\5161.png,106.875,1.0,csv,csv_000005161,10
data\training_data\5162.png,71.875,1.0,csv,csv_000005162,10
data\training_data\5163.png,67.5,0.0,csv,csv_000005163,10
data\training_data\5164.png,115.625,1.0,csv,csv_000005164,10
data\training_data\5165.png,85.0,1.0,csv,csv_000005165,10
data\training_data\5166.png,85.0,1.0,csv,csv_000005166,10
data\training_data\5167.png,85.0,1.0,csv,csv_000005167,10
data\training_data\5168.png,85.0,1.0,csv,csv_000005168,10
data\training_data\5169.png,102.5,0.0,csv,csv_000005169,10
data\training_data\5170.png,102.5,1.0,csv,csv_000005170,10
data\training_data\5171.png,54.375,1.0,csv,csv_000005171,10
data\training_data\5172.png,89.375,1.0,csv,csv_000005172,10
data\training_data\5173.png,80.625,1.0,csv,csv_000005173,10
data\training_data\5174.png,102.5,0.0,csv,csv_000005174,10
data\training_data\5175.png,85.0,1.0,csv,csv_000005175,10
data\training_data\5176.png,106.875,1.0,csv,csv_000005176,10
data\training_data\5177.png,93.75,1.0,csv,csv_000005177,10
data\training_data\5178.png,89.375,1.0,csv,csv_000005178,10
data\training_data\5179.png,71.875,1.0,csv,csv_000005179,10
data\training_data\5180.png,93.75,1.0,csv,csv_000005180,10
data\training_data\5181.png,102.5,1.0,csv,csv_000005181,10
data\training_data\5182.png,85.0,1.0,csv,csv_000005182,10
data\training_data\5183.png,76.25,1.0,csv,csv_000005183,10
data\training_data\5184.png,76.25,1.0,csv,csv_000005184,10
data\training_data\5185.png,102.5,1.0,csv,csv_000005185,10
data\training_data\5186.png,85.0,1.0,csv,csv_000005186,10
data\training_data\5187.png,98.125,1.0,csv,csv_000005187,10
data\training_data\5188.png,85.0,1.0,csv,csv_000005188,10
data\training_data\5189.png,58.75,1.0,csv,csv_000005189,10
data\training_data\5190.png,89.375,1.0,csv,csv_000005190,10
data\training_data\5191.png,85.0,0.0,csv,csv_000005191,10
data\training_data\5192.png,93.75,1.0,csv,csv_000005192,10
data\training_data\5193.png,89.375,0.0,csv,csv_000005193,10
data\training_data\5194.png,63.125,0.0,csv,csv_000005194,10
data\training_data\5195.png,102.5,1.0,csv,csv_000005195,10
data\training_data\5196.png,76.25,1.0,csv,csv_000005196,10
data\training_data\5197.png,102.5,1.0,csv,csv_000005197,10
data\training_data\5198.png,85.0,1.0,csv,csv_000005198,10
data\training_data\5199.png,89.375,0.0,csv,csv_000005199,10
data\training_data\5200.png,85.0,0.0,csv,csv_000005200,10
data\training_data\5201.png,85.0,1.0,csv,csv_000005201,10
data\training_data\5202.png,50.0,0.0,csv,csv_000005202,10
data\training_data\5203.png,98.125,0.0,csv,csv_000005203,10
data\training_data\5204.png,102.5,1.0,csv,csv_000005204,10
data\training_data\5205.png,111.25,1.0,csv,csv_000005205,10
data\training_data\5206.png,98.125,1.0,csv,csv_000005206,10
data\training_data\5207.png,89.375,0.0,csv,csv_000005207,10
data\training_data\5208.png,93.75,1.0,csv,csv_000005208,10
data\training_data\5209.png,93.75,0.0,csv,csv_000005209,10
data\training_data\5210.png,106.875,1.0,csv,csv_000005210,10
data\training_data\5211.png,54.375,1.0,csv,csv_000005211,10
data\training_data\5212.png,85.0,0.0,csv,csv_000005212,10
data\training_data\5213.png,85.0,1.0,csv,csv_000005213,10
data\training_data\5214.png,106.875,1.0,csv,csv_000005214,10
data\training_data\5215.png,80.625,1.0,csv,csv_000005215,10
data\training_data\5216.png,111.25,1.0,csv,csv_000005216,10
data\training_data\5217.png,89.375,0.0,csv,csv_000005217,10
data\training_data\5218.png,102.5,0.0,csv,csv_000005218,10
data\training_data\5219.png,106.875,1.0,csv,csv_000005219,10
data\training_data\5220.png,106.875,1.0,csv,csv_000005220,10
data\training_data\5221.png,63.125,1.0,csv,csv_000005221,10
data\training_data\5222.png,106.875,1.0,csv,csv_000005222,10
data\training_data\5223.png,106.875,1.0,csv,csv_000005223,10
data\training_data\5224.png,80.625,1.0,csv,csv_000005224,10
data\training_data\5225.png,111.25,1.0,csv,csv_000005225,10
data\training_data\5226.png,106.875,1.0,csv,csv_000005226,10
data\training_data\5227.png,76.25,1.0,csv,csv_000005227,10
data\training_data\5228.png,111.25,1.0,csv,csv_000005228,10
data\training_data\5229.png,93.75,1.0,csv,csv_000005229,10
data\training_data\5230.png,98.125,1.0,csv,csv_000005230,10
data\training_data\5231.png,80.625,1.0,csv,csv_000005231,10
data\training_data\5232.png,106.875,1.0,csv,csv_000005232,10
data\training_data\5233.png,111.25,0.0,csv,csv_000005233,10
data\training_data\5234.png,93.75,1.0,csv,csv_000005234,10
data\training_data\5235.png,85.0,0.0,csv,csv_000005235,10
data\training_data\5236.png,98.125,0.0,csv,csv_000005236,10
data\training_data\5237.png,89.375,0.0,csv,csv_000005237,10
data\training_data\5238.png,54.375,1.0,csv,csv_000005238,10
data\training_data\5239.png,85.0,1.0,csv,csv_000005239,10
data\training_data\5240.png,85.0,1.0,csv,csv_000005240,10
data\training_data\5241.png,89.375,1.0,csv,csv_000005241,10
data\training_data\5242.png,58.75,1.0,csv,csv_000005242,10
data\training_data\5243.png,93.75,1.0,csv,csv_000005243,10
data\training_data\5244.png,50.0,1.0,csv,csv_000005244,10
data\training_data\5245.png,85.0,1.0,csv,csv_000005245,10
data\training_data\5246.png,89.375,1.0,csv,csv_000005246,10
data\training_data\5247.png,67.5,0.0,csv,csv_000005247,10
data\training_data\5248.png,111.25,1.0,csv,csv_000005248,10
data\training_data\5249.png,89.375,0.0,csv,csv_000005249,10
data\training_data\5250.png,89.375,1.0,csv,csv_000005250,10
data\training_data\5251.png,63.125,1.0,csv,csv_000005251,10
data\training_data\5252.png,106.875,1.0,csv,csv_000005252,10
data\training_data\5253.png,111.25,1.0,csv,csv_000005253,10
data\training_data\5254.png,98.125,1.0,csv,csv_000005254,10
data\training_data\5255.png,93.75,1.0,csv,csv_000005255,10
data\training_data\5256.png,67.5,0.0,csv,csv_000005256,10
data\training_data\5257.png,80.625,1.0,csv,csv_000005257,10
data\training_data\5258.png,85.0,1.0,csv,csv_000005258,10
data\training_data\5259.png,89.375,0.0,csv,csv_000005259,10
data\training_data\5260.png,85.0,0.0,csv,csv_000005260,10
data\training_data\5261.png,106.875,1.0,csv,csv_000005261,10
data\training_data\5262.png,89.375,0.0,csv,csv_000005262,10
data\training_data\5263.png,106.875,1.0,csv,csv_000005263,10
data\training_data\5264.png,85.0,1.0,csv,csv_000005264,10
data\training_data\5265.png,111.25,1.0,csv,csv_000005265,10
data\training_data\5266.png,80.625,1.0,csv,csv_000005266,10
data\training_data\5267.png,63.125,1.0,csv,csv_000005267,10
data\training_data\5268.png,58.75,1.0,csv,csv_000005268,10
data\training_data\5269.png,102.5,1.0,csv,csv_000005269,10
data\training_data\5270.png,67.5,1.0,csv,csv_000005270,10
data\training_data\5271.png,85.0,1.0,csv,csv_000005271,10
data\training_data\5272.png,85.0,0.0,csv,csv_000005272,10
data\training_data\5273.png,58.75,1.0,csv,csv_000005273,10
data\training_data\5274.png,106.875,1.0,csv,csv_000005274,10
data\training_data\5275.png,106.875,1.0,csv,csv_000005275,10
data\training_data\5276.png,85.0,0.0,csv,csv_000005276,10
data\training_data\5277.png,85.0,1.0,csv,csv_000005277,10
data\training_data\5278.png,76.25,1.0,csv,csv_000005278,10
data\training_data\5279.png,85.0,1.0,csv,csv_000005279,10
data\training_data\5280.png,80.625,0.0,csv,csv_000005280,10
data\training_data\5281.png,102.5,1.0,csv,csv_000005281,10
data\training_data\5282.png,58.75,1.0,csv,csv_000005282,10
data\training_data\5283.png,102.5,1.0,csv,csv_000005283,10
data\training_data\5284.png,106.875,1.0,csv,csv_000005284,10
data\training_data\5285.png,106.875,1.0,csv,csv_000005285,10
data\training_data\5286.png,85.0,1.0,csv,csv_000005286,10
data\training_data\5287.png,58.75,1.0,csv,csv_000005287,10
data\training_data\5288.png,76.25,1.0,csv,csv_000005288,10
data\training_data\5289.png,102.5,1.0,csv,csv_000005289,10
data\training_data\5290.png,106.875,1.0,csv,csv_000005290,10
data\training_data\5291.png,85.0,1.0,csv,csv_000005291,10
data\training_data\5292.png,102.5,1.0,csv,csv_000005292,10
data\training_data\5293.png,93.75,1.0,csv,csv_000005293,10
data\training_data\5294.png,80.625,1.0,csv,csv_000005294,10
data\training_data\5295.png,106.875,1.0,csv,csv_000005295,10
data\training_data\5296.png,106.875,0.0,csv,csv_000005296,10
data\training_data\5297.png,85.0,1.0,csv,csv_000005297,10
data\training_data\5298.png,76.25,0.0,csv,csv_000005298,10
data\training_data\5299.png,106.875,1.0,csv,csv_000005299,10
data\training_data\5300.png,102.5,1.0,csv,csv_000005300,10
data\training_data\5301.png,58.75,1.0,csv,csv_000005301,10
data\training_data\5302.png,98.125,0.0,csv,csv_000005302,10
data\training_data\5303.png,80.625,1.0,csv,csv_000005303,10
data\training_data\5304.png,50.0,1.0,csv,csv_000005304,10
data\training_data\5305.png,80.625,1.0,csv,csv_000005305,10
data\training_data\5306.png,89.375,1.0,csv,csv_000005306,10
data\training_data\5307.png,85.0,1.0,csv,csv_000005307,10
data\training_data\5308.png,93.75,1.0,csv,csv_000005308,10
data\training_data\5309.png,80.625,1.0,csv,csv_000005309,10
data\training_data\5310.png,111.25,1.0,csv,csv_000005310,10
data\training_data\5311.png,89.375,0.0,csv,csv_000005311,10
data\training_data\5312.png,85.0,1.0,csv,csv_000005312,10
data\training_data\5313.png,89.375,1.0,csv,csv_000005313,10
data\training_data\5314.png,80.625,0.0,csv,csv_000005314,10
data\training_data\5315.png,63.125,1.0,csv,csv_000005315,10
data\training_data\5316.png,63.125,1.0,csv,csv_000005316,10
data\training_data\5317.png,67.5,1.0,csv,csv_000005317,10
data\training_data\5318.png,98.125,1.0,csv,csv_000005318,10
data\training_data\5319.png,89.375,1.0,csv,csv_000005319,10
data\training_data\5320.png,89.375,0.0,csv,csv_000005320,10
data\training_data\5321.png,85.0,1.0,csv,csv_000005321,10
data\training_data\5322.png,85.0,1.0,csv,csv_000005322,10
data\training_data\5323.png,98.125,0.0,csv,csv_000005323,10
data\training_data\5324.png,80.625,1.0,csv,csv_000005324,10
data\training_data\5325.png,102.5,1.0,csv,csv_000005325,10
data\training_data\5326.png,106.875,1.0,csv,csv_000005326,10
data\training_data\5327.png,93.75,1.0,csv,csv_000005327,10
data\training_data\5328.png,54.375,1.0,csv,csv_000005328,10
data\training_data\5329.png,89.375,0.0,csv,csv_000005329,10
data\training_data\5330.png,102.5,1.0,csv,csv_000005330,10
data\training_data\5331.png,85.0,0.0,csv,csv_000005331,10
data\training_data\5332.png,106.875,1.0,csv,csv_000005332,10
data\training_data\5333.png,85.0,0.0,csv,csv_000005333,10
data\training_data\5334.png,106.875,1.0,csv,csv_000005334,10
data\training_data\5335.png,89.375,1.0,csv,csv_000005335,10
data\training_data\5336.png,63.125,1.0,csv,csv_000005336,10
data\training_data\5337.png,89.375,0.0,csv,csv_000005337,10
data\training_data\5338.png,85.0,0.0,csv,csv_000005338,10
data\training_data\5339.png,98.125,1.0,csv,csv_000005339,10
data\training_data\5340.png,89.375,0.0,csv,csv_000005340,10
data\training_data\5341.png,58.75,1.0,csv,csv_000005341,10
data\training_data\5342.png,93.75,1.0,csv,csv_000005342,10
data\training_data\5343.png,102.5,1.0,csv,csv_000005343,10
data\training_data\5344.png,85.0,0.0,csv,csv_000005344,10
data\training_data\5345.png,89.375,1.0,csv,csv_000005345,10
data\training_data\5346.png,115.625,1.0,csv,csv_000005346,10
data\training_data\5347.png,93.75,1.0,csv,csv_000005347,10
data\training_data\5348.png,85.0,1.0,csv,csv_000005348,10
data\training_data\5349.png,85.0,0.0,csv,csv_000005349,10
data\training_data\5350.png,102.5,1.0,csv,csv_000005350,10
data\training_data\5351.png,98.125,1.0,csv,csv_000005351,10
data\training_data\5352.png,85.0,1.0,csv,csv_000005352,10
data\training_data\5353.png,85.0,1.0,csv,csv_000005353,10
data\training_data\5354.png,58.75,1.0,csv,csv_000005354,10
data\training_data\5355.png,89.375,1.0,csv,csv_000005355,10
data\training_data\5356.png,80.625,1.0,csv,csv_000005356,10
data\training_data\5357.png,85.0,1.0,csv,csv_000005357,10
data\training_data\5358.png,50.0,1.0,csv,csv_000005358,10
data\training_data\5359.png,98.125,1.0,csv,csv_000005359,10
data\training_data\5360.png,106.875,1.0,csv,csv_000005360,10
data\training_data\5361.png,106.875,1.0,csv,csv_000005361,10
data\training_data\5362.png,80.625,1.0,csv,csv_000005362,10
data\training_data\5363.png,85.0,0.0,csv,csv_000005363,10
data\training_data\5364.png,85.0,0.0,csv,csv_000005364,10
data\training_data\5365.png,89.375,1.0,csv,csv_000005365,10
data\training_data\5366.png,102.5,0.0,csv,csv_000005366,10
data\training_data\5367.png,63.125,1.0,csv,csv_000005367,10
data\training_data\5368.png,106.875,1.0,csv,csv_000005368,10
data\training_data\5369.png,85.0,1.0,csv,csv_000005369,10
data\training_data\5370.png,93.75,1.0,csv,csv_000005370,10
data\training_data\5371.png,80.625,1.0,csv,csv_000005371,10
data\training_data\5372.png,106.875,0.0,csv,csv_000005372,10
data\training_data\5373.png,63.125,1.0,csv,csv_000005373,10
data\training_data\5374.png,85.0,1.0,csv,csv_000005374,10
data\training_data\5375.png,85.0,1.0,csv,csv_000005375,10
data\training_data\5376.png,93.75,1.0,csv,csv_000005376,10
data\training_data\5377.png,102.5,1.0,csv,csv_000005377,10
data\training_data\5378.png,76.25,1.0,csv,csv_000005378,10
data\training_data\5379.png,85.0,0.0,csv,csv_000005379,10
data\training_data\5380.png,89.375,1.0,csv,csv_000005380,10
data\training_data\5381.png,85.0,1.0,csv,csv_000005381,10
data\training_data\5382.png,93.75,1.0,csv,csv_000005382,10
data\training_data\5383.png,89.375,1.0,csv,csv_000005383,10
data\training_data\5384.png,98.125,1.0,csv,csv_000005384,10
data\training_data\5385.png,85.0,1.0,csv,csv_000005385,10
data\training_data\5386.png,85.0,1.0,csv,csv_000005386,10
data\training_data\5387.png,85.0,0.0,csv,csv_000005387,10
data\training_data\5388.png,80.625,1.0,csv,csv_000005388,10
data\training_data\5389.png,106.875,1.0,csv,csv_000005389,10
data\training_data\5390.png,85.0,1.0,csv,csv_000005390,10
data\training_data\5391.png,80.625,1.0,csv,csv_000005391,10
data\training_data\5392.png,89.375,1.0,csv,csv_000005392,10
data\training_data\5393.png,71.875,1.0,csv,csv_000005393,10
data\training_data\5394.png,102.5,1.0,csv,csv_000005394,10
data\training_data\5395.png,106.875,1.0,csv,csv_000005395,10
data\training_data\5396.png,102.5,0.0,csv,csv_000005396,10
data\training_data\5397.png,85.0,1.0,csv,csv_000005397,10
data\training_data\5398.png,85.0,0.0,csv,csv_000005398,10
data\training_data\5399.png,54.375,1.0,csv,csv_000005399,10
data\training_data\5400.png,93.75,1.0,csv,csv_000005400,10
data\training_data\5401.png,93.75,1.0,csv,csv_000005401,10
data\training_data\5402.png,102.5,1.0,csv,csv_000005402,10
data\training_data\5403.png,89.375,1.0,csv,csv_000005403,10
data\training_data\5404.png,106.875,1.0,csv,csv_000005404,10
data\training_data\5405.png,93.75,1.0,csv,csv_000005405,10
data\training_data\5406.png,106.875,1.0,csv,csv_000005406,10
data\training_data\5407.png,102.5,1.0,csv,csv_000005407,10
data\training_data\5408.png,71.875,1.0,csv,csv_000005408,10
data\training_data\5409.png,63.125,1.0,csv,csv_000005409,10
data\training_data\5410.png,85.0,0.0,csv,csv_000005410,10
data\training_data\5411.png,85.0,1.0,csv,csv_000005411,10
data\training_data\5412.png,85.0,1.0,csv,csv_000005412,10
data\training_data\5413.png,93.75,1.0,csv,csv_000005413,10
data\training_data\5414.png,102.5,1.0,csv,csv_000005414,10
data\training_data\5415.png,85.0,1.0,csv,csv_000005415,10
data\training_data\5416.png,85.0,1.0,csv,csv_000005416,10
data\training_data\5417.png,85.0,1.0,csv,csv_000005417,10
data\training_data\5418.png,54.375,1.0,csv,csv_000005418,10
data\training_data\5419.png,89.375,1.0,csv,csv_000005419,10
data\training_data\5420.png,85.0,1.0,csv,csv_000005420,10
data\training_data\5421.png,111.25,1.0,csv,csv_000005421,10
data\training_data\5422.png,85.0,1.0,csv,csv_000005422,10
data\training_data\5423.png,89.375,0.0,csv,csv_000005423,10
data\training_data\5424.png,85.0,1.0,csv,csv_000005424,10
data\training_data\5425.png,58.75,1.0,csv,csv_000005425,10
data\training_data\5426.png,63.125,1.0,csv,csv_000005426,10
data\training_data\5427.png,85.0,0.0,csv,csv_000005427,10
data\training_data\5428.png,85.0,0.0,csv,csv_000005428,10
data\training_data\5429.png,89.375,1.0,csv,csv_000005429,10
data\training_data\5430.png,89.375,1.0,csv,csv_000005430,10
data\training_data\5431.png,102.5,1.0,csv,csv_000005431,10
data\training_data\5432.png,106.875,1.0,csv,csv_000005432,10
data\training_data\5433.png,89.375,1.0,csv,csv_000005433,10
data\training_data\5434.png,106.875,1.0,csv,csv_000005434,10
data\training_data\5435.png,89.375,1.0,csv,csv_000005435,10
data\training_data\5436.png,98.125,1.0,csv,csv_000005436,10
data\training_data\5437.png,58.75,1.0,csv,csv_000005437,10
data\training_data\5438.png,85.0,1.0,csv,csv_000005438,10
data\training_data\5439.png,71.875,1.0,csv,csv_000005439,10
data\training_data\5440.png,98.125,1.0,csv,csv_000005440,10
data\training_data\5441.png,85.0,1.0,csv,csv_000005441,10
data\training_data\5442.png,102.5,0.0,csv,csv_000005442,10
data\training_data\5443.png,85.0,1.0,csv,csv_000005443,10
data\training_data\5444.png,71.875,1.0,csv,csv_000005444,10
data\training_data\5445.png,71.875,1.0,csv,csv_000005445,10
data\training_data\5446.png,50.0,1.0,csv,csv_000005446,10
data\training_data\5447.png,85.0,0.0,csv,csv_000005447,10
data\training_data\5448.png,102.5,1.0,csv,csv_000005448,10
data\training_data\5449.png,54.375,1.0,csv,csv_000005449,10
data\training_data\5450.png,80.625,1.0,csv,csv_000005450,10
data\training_data\5451.png,102.5,0.0,csv,csv_000005451,10
data\training_data\5452.png,85.0,0.0,csv,csv_000005452,10
data\training_data\5453.png,50.0,1.0,csv,csv_000005453,10
data\training_data\5454.png,89.375,1.0,csv,csv_000005454,10
data\training_data\5455.png,106.875,1.0,csv,csv_000005455,10
data\training_data\5456.png,58.75,1.0,csv,csv_000005456,10
data\training_data\5457.png,102.5,1.0,csv,csv_000005457,10
data\training_data\5458.png,76.25,1.0,csv,csv_000005458,10
data\training_data\5459.png,102.5,0.0,csv,csv_000005459,10
data\training_data\5460.png,80.625,1.0,csv,csv_000005460,10
data\training_data\5461.png,85.0,0.0,csv,csv_000005461,10
data\training_data\5462.png,98.125,1.0,csv,csv_000005462,10
data\training_data\5463.png,115.625,1.0,csv,csv_000005463,10
data\training_data\5464.png,115.625,0.0,csv,csv_000005464,10
data\training_data\5465.png,98.125,1.0,csv,csv_000005465,10
data\training_data\5466.png,89.375,1.0,csv,csv_000005466,10
data\training_data\5467.png,85.0,1.0,csv,csv_000005467,10
data\training_data\5468.png,85.0,1.0,csv,csv_000005468,10
data\training_data\5469.png,85.0,1.0,csv,csv_000005469,10
data\training_data\5470.png,102.5,0.0,csv,csv_000005470,10
data\training_data\5471.png,58.75,1.0,csv,csv_000005471,10
data\training_data\5472.png,85.0,0.0,csv,csv_000005472,10
data\training_data\5473.png,85.0,1.0,csv,csv_000005473,10
data\training_data\5474.png,89.375,1.0,csv,csv_000005474,10
data\training_data\5475.png,106.875,1.0,csv,csv_000005475,10
data\training_data\5476.png,106.875,1.0,csv,csv_000005476,10
data\training_data\5477.png,58.75,1.0,csv,csv_000005477,10
data\training_data\5478.png,89.375,0.0,csv,csv_000005478,10
data\training_data\5479.png,67.5,1.0,csv,csv_000005479,10
data\training_data\5480.png,98.125,1.0,csv,csv_000005480,10
data\training_data\5481.png,85.0,0.0,csv,csv_000005481,10
data\training_data\5482.png,85.0,1.0,csv,csv_000005482,10
data\training_data\5483.png,85.0,1.0,csv,csv_000005483,10
data\training_data\5484.png,106.875,0.0,csv,csv_000005484,10
data\training_data\5485.png,89.375,1.0,csv,csv_000005485,10
data\training_data\5486.png,85.0,1.0,csv,csv_000005486,10
data\training_data\5487.png,67.5,1.0,csv,csv_000005487,10
data\training_data\5488.png,89.375,1.0,csv,csv_000005488,10
data\training_data\5489.png,102.5,1.0,csv,csv_000005489,10
data\training_data\5490.png,98.125,1.0,csv,csv_000005490,10
data\training_data\5491.png,89.375,0.0,csv,csv_000005491,10
data\training_data\5492.png,89.375,1.0,csv,csv_000005492,10
data\training_data\5493.png,93.75,0.0,csv,csv_000005493,10
data\training_data\5494.png,85.0,0.0,csv,csv_000005494,10
data\training_data\5495.png,85.0,1.0,csv,csv_000005495,10
data\training_data\5496.png,89.375,1.0,csv,csv_000005496,10
data\training_data\5497.png,89.375,0.0,csv,csv_000005497,10
data\training_data\5498.png,102.5,0.0,csv,csv_000005498,10
data\training_data\5499.png,102.5,1.0,csv,csv_000005499,10
data\training_data\5500.png,85.0,1.0,csv,csv_000005500,10
data\training_data\5501.png,89.375,0.0,csv,csv_000005501,10
data\training_data\5502.png,85.0,0.0,csv,csv_000005502,10
data\training_data\5503.png,85.0,1.0,csv,csv_000005503,10
data\training_data\5504.png,54.375,1.0,csv,csv_000005504,10
data\training_data\5505.png,102.5,1.0,csv,csv_000005505,10
data\training_data\5506.png,89.375,1.0,csv,csv_000005506,10
data\training_data\5507.png,85.0,1.0,csv,csv_000005507,10
data\training_data\5508.png,98.125,0.0,csv,csv_000005508,10
data\training_data\5509.png,58.75,1.0,csv,csv_000005509,10
data\training_data\5510.png,89.375,0.0,csv,csv_000005510,10
data\training_data\5511.png,102.5,1.0,csv,csv_000005511,10
data\training_data\5512.png,106.875,1.0,csv,csv_000005512,10
data\training_data\5513.png,71.875,1.0,csv,csv_000005513,10
data\training_data\5514.png,89.375,1.0,csv,csv_000005514,10
data\training_data\5515.png,85.0,0.0,csv,csv_000005515,10
data\training_data\5516.png,89.375,1.0,csv,csv_000005516,10
data\training_data\5517.png,115.625,1.0,csv,csv_000005517,10
data\training_data\5518.png,89.375,1.0,csv,csv_000005518,10
data\training_data\5519.png,89.375,0.0,csv,csv_000005519,11
data\training_data\5520.png,85.0,0.0,csv,csv_000005520,11
data\training_data\5521.png,89.375,1.0,csv,csv_000005521,11
data\training_data\5522.png,85.0,0.0,csv,csv_000005522,11
data\training_data\5523.png,58.75,0.0,csv,csv_000005523,11
data\training_data\5524.png,80.625,1.0,csv,csv_000005524,11
data\training_data\5525.png,85.0,1.0,csv,csv_000005525,11
data\training_data\5526.png,80.625,1.0,csv,csv_000005526,11
data\training_data\5527.png,80.625,1.0,csv,csv_000005527,11
data\training_data\5528.png,106.875,1.0,csv,csv_000005528,11
data\training_data\5529.png,102.5,1.0,csv,csv_000005529,11
data\training_data\5530.png,63.125,1.0,csv,csv_000005530,11
data\training_data\5531.png,85.0,0.0,csv,csv_000005531,11
data\training_data\5532.png,85.0,0.0,csv,csv_000005532,11
data\training_data\5533.png,85.0,0.0,csv,csv_000005533,11
data\training_data\5534.png,89.375,1.0,csv,csv_000005534,11
data\training_data\5535.png,85.0,1.0,csv,csv_000005535,11
data\training_data\5536.png,71.875,1.0,csv,csv_000005536,11
data\training_data\5537.png,93.75,1.0,csv,csv_000005537,11
data\training_data\5538.png,106.875,1.0,csv,csv_000005538,11
data\training_data\5539.png,85.0,1.0,csv,csv_000005539,11
data\training_data\5540.png,98.125,1.0,csv,csv_000005540,11
data\training_data\5541.png,63.125,0.0,csv,csv_000005541,11
data\training_data\5542.png,85.0,0.0,csv,csv_000005542,11
data\training_data\5543.png,102.5,1.0,csv,csv_000005543,11
data\training_data\5544.png,85.0,1.0,csv,csv_000005544,11
data\training_data\5545.png,54.375,1.0,csv,csv_000005545,11
data\training_data\5546.png,85.0,1.0,csv,csv_000005546,11
data\training_data\5547.png,63.125,1.0,csv,csv_000005547,11
data\training_data\5548.png,85.0,1.0,csv,csv_000005548,11
data\training_data\5549.png,85.0,1.0,csv,csv_000005549,11
data\training_data\5550.png,85.0,0.0,csv,csv_000005550,11
data\training_data\5551.png,85.0,1.0,csv,csv_000005551,11
data\training_data\5552.png,58.75,1.0,csv,csv_000005552,11
data\training_data\5553.png,106.875,1.0,csv,csv_000005553,11
data\training_data\5554.png,67.5,1.0,csv,csv_000005554,11
data\training_data\5555.png,106.875,1.0,csv,csv_000005555,11
data\training_data\5556.png,58.75,1.0,csv,csv_000005556,11
data\training_data\5557.png,98.125,0.0,csv,csv_000005557,11
data\training_data\5558.png,85.0,0.0,csv,csv_000005558,11
data\training_data\5559.png,85.0,0.0,csv,csv_000005559,11
data\training_data\5560.png,98.125,1.0,csv,csv_000005560,11
data\training_data\5561.png,89.375,1.0,csv,csv_000005561,11
data\training_data\5562.png,98.125,1.0,csv,csv_000005562,11
data\training_data\5563.png,80.625,1.0,csv,csv_000005563,11
data\training_data\5564.png,98.125,1.0,csv,csv_000005564,11
data\training_data\5565.png,89.375,1.0,csv,csv_000005565,11
data\training_data\5566.png,93.75,1.0,csv,csv_000005566,11
data\training_data\5567.png,89.375,1.0,csv,csv_000005567,11
data\training_data\5568.png,50.0,1.0,csv,csv_000005568,11
data\training_data\5569.png,80.625,1.0,csv,csv_000005569,11
data\training_data\5570.png,54.375,1.0,csv,csv_000005570,11
data\training_data\5571.png,67.5,1.0,csv,csv_000005571,11
data\training_data\5572.png,98.125,1.0,csv,csv_000005572,11
data\training_data\5573.png,58.75,1.0,csv,csv_000005573,11
data\training_data\5574.png,85.0,0.0,csv,csv_000005574,11
data\training_data\5575.png,106.875,0.0,csv,csv_000005575,11
data\training_data\5576.png,58.75,1.0,csv,csv_000005576,11
data\training_data\5577.png,102.5,1.0,csv,csv_000005577,11
data\training_data\5578.png,93.75,1.0,csv,csv_000005578,11
data\training_data\5579.png,89.375,1.0,csv,csv_000005579,11
data\training_data\5580.png,76.25,1.0,csv,csv_000005580,11
data\training_data\5581.png,98.125,1.0,csv,csv_000005581,11
data\training_data\5582.png,102.5,0.0,csv,csv_000005582,11
data\training_data\5583.png,85.0,1.0,csv,csv_000005583,11
data\training_data\5584.png,54.375,1.0,csv,csv_000005584,11
data\training_data\5585.png,85.0,1.0,csv,csv_000005585,11
data\training_data\5586.png,93.75,1.0,csv,csv_000005586,11
data\training_data\5587.png,85.0,1.0,csv,csv_000005587,11
data\training_data\5588.png,98.125,1.0,csv,csv_000005588,11
data\training_data\5589.png,98.125,1.0,csv,csv_000005589,11
data\training_data\5590.png,85.0,1.0,csv,csv_000005590,11
data\training_data\5591.png,102.5,1.0,csv,csv_000005591,11
data\training_data\5592.png,85.0,0.0,csv,csv_000005592,11
data\training_data\5593.png,85.0,0.0,csv,csv_000005593,11
data\training_data\5594.png,54.375,1.0,csv,csv_000005594,11
data\training_data\5595.png,89.375,1.0,csv,csv_000005595,11
data\training_data\5596.png,85.0,1.0,csv,csv_000005596,11
data\training_data\5597.png,111.25,0.0,csv,csv_000005597,11
data\training_data\5598.png,85.0,1.0,csv,csv_000005598,11
data\training_data\5599.png,120.0,0.0,csv,csv_000005599,11
data\training_data\5600.png,63.125,1.0,csv,csv_000005600,11
data\training_data\5601.png,63.125,1.0,csv,csv_000005601,11
data\training_data\5602.png,98.125,1.0,csv,csv_000005602,11
data\training_data\5603.png,58.75,1.0,csv,csv_000005603,11
data\training_data\5604.png,76.25,1.0,csv,csv_000005604,11
data\training_data\5605.png,85.0,0.0,csv,csv_000005605,11
data\training_data\5606.png,93.75,0.0,csv,csv_000005606,11
data\training_data\5607.png,93.75,1.0,csv,csv_000005607,11
data\training_data\5608.png,115.625,1.0,csv,csv_000005608,11
data\training_data\5609.png,89.375,1.0,csv,csv_000005609,11
data\training_data\5610.png,85.0,1.0,csv,csv_000005610,11
data\training_data\5611.png,58.75,1.0,csv,csv_000005611,11
data\training_data\5612.png,106.875,0.0,csv,csv_000005612,11
data\training_data\5613.png,63.125,1.0,csv,csv_000005613,11
data\training_data\5614.png,98.125,1.0,csv,csv_000005614,11
data\training_data\5615.png,67.5,1.0,csv,csv_000005615,11
data\training_data\5616.png,58.75,1.0,csv,csv_000005616,11
data\training_data\5617.png,111.25,1.0,csv,csv_000005617,11
data\training_data\5618.png,89.375,1.0,csv,csv_000005618,11
data\training_data\5619.png,102.5,1.0,csv,csv_000005619,11
data\training_data\5620.png,111.25,1.0,csv,csv_000005620,11
data\training_data\5621.png,106.875,1.0,csv,csv_000005621,11
data\training_data\5622.png,80.625,1.0,csv,csv_000005622,11
data\training_data\5623.png,89.375,1.0,csv,csv_000005623,11
data\training_data\5624.png,85.0,1.0,csv,csv_000005624,11
data\training_data\5625.png,98.125,1.0,csv,csv_000005625,11
data\training_data\5626.png,102.5,1.0,csv,csv_000005626,11
data\training_data\5627.png,85.0,1.0,csv,csv_000005627,11
data\training_data\5628.png,80.625,1.0,csv,csv_000005628,11
data\training_data\5629.png,80.625,1.0,csv,csv_000005629,11
data\training_data\5630.png,85.0,1.0,csv,csv_000005630,11
data\training_data\5631.png,85.0,0.0,csv,csv_000005631,11
data\training_data\5632.png,85.0,1.0,csv,csv_000005632,11
data\training_data\5633.png,80.625,1.0,csv,csv_000005633,11
data\training_data\5634.png,85.0,1.0,csv,csv_000005634,11
data\training_data\5635.png,67.5,1.0,csv,csv_000005635,11
data\training_data\5636.png,120.0,1.0,csv,csv_000005636,11
data\training_data\5637.png,85.0,1.0,csv,csv_000005637,11
data\training_data\5638.png,89.375,1.0,csv,csv_000005638,11
data\training_data\5639.png,58.75,1.0,csv,csv_000005639,11
data\training_data\5640.png,85.0,1.0,csv,csv_000005640,11
data\training_data\5641.png,80.625,1.0,csv,csv_000005641,11
data\training_data\5642.png,85.0,1.0,csv,csv_000005642,11
data\training_data\5643.png,89.375,1.0,csv,csv_000005643,11
data\training_data\5644.png,89.375,1.0,csv,csv_000005644,11
data\training_data\5645.png,93.75,1.0,csv,csv_000005645,11
data\training_data\5646.png,89.375,0.0,csv,csv_000005646,11
data\training_data\5647.png,85.0,1.0,csv,csv_000005647,11
data\training_data\5648.png,89.375,1.0,csv,csv_000005648,11
data\training_data\5649.png,76.25,1.0,csv,csv_000005649,11
data\training_data\5650.png,106.875,0.0,csv,csv_000005650,11
data\training_data\5651.png,106.875,1.0,csv,csv_000005651,11
data\training_data\5652.png,71.875,1.0,csv,csv_000005652,11
data\training_data\5653.png,85.0,1.0,csv,csv_000005653,11
data\training_data\5654.png,54.375,1.0,csv,csv_000005654,11
data\training_data\5655.png,89.375,1.0,csv,csv_000005655,11
data\training_data\5656.png,85.0,0.0,csv,csv_000005656,11
data\training_data\5657.png,85.0,1.0,csv,csv_000005657,11
data\training_data\5658.png,58.75,1.0,csv,csv_000005658,11
data\training_data\5659.png,98.125,1.0,csv,csv_000005659,11
data\training_data\5660.png,98.125,0.0,csv,csv_000005660,11
data\training_data\5661.png,76.25,1.0,csv,csv_000005661,11
data\training_data\5662.png,89.375,1.0,csv,csv_000005662,11
data\training_data\5663.png,63.125,1.0,csv,csv_000005663,11
data\training_data\5664.png,85.0,1.0,csv,csv_000005664,11
data\training_data\5665.png,80.625,1.0,csv,csv_000005665,11
data\training_data\5666.png,111.25,1.0,csv,csv_000005666,11
data\training_data\5667.png,85.0,0.0,csv,csv_000005667,11
data\training_data\5668.png,80.625,1.0,csv,csv_000005668,11
data\training_data\5669.png,80.625,1.0,csv,csv_000005669,11
data\training_data\5670.png,89.375,1.0,csv,csv_000005670,11
data\training_data\5671.png,76.25,1.0,csv,csv_000005671,11
data\training_data\5672.png,85.0,1.0,csv,csv_000005672,11
data\training_data\5673.png,89.375,1.0,csv,csv_000005673,11
data\training_data\5674.png,111.25,1.0,csv,csv_000005674,11
data\training_data\5675.png,85.0,1.0,csv,csv_000005675,11
data\training_data\5676.png,89.375,1.0,csv,csv_000005676,11
data\training_data\5677.png,85.0,1.0,csv,csv_000005677,11
data\training_data\5678.png,106.875,1.0,csv,csv_000005678,11
data\training_data\5679.png,93.75,1.0,csv,csv_000005679,11
data\training_data\5680.png,54.375,1.0,csv,csv_000005680,11
data\training_data\5681.png,85.0,1.0,csv,csv_000005681,11
data\training_data\5682.png,89.375,1.0,csv,csv_000005682,11
data\training_data\5683.png,98.125,1.0,csv,csv_000005683,11
data\training_data\5684.png,85.0,0.0,csv,csv_000005684,11
data\training_data\5685.png,93.75,1.0,csv,csv_000005685,11
data\training_data\5686.png,93.75,1.0,csv,csv_000005686,11
data\training_data\5687.png,58.75,1.0,csv,csv_000005687,11
data\training_data\5688.png,85.0,1.0,csv,csv_000005688,11
data\training_data\5689.png,106.875,1.0,csv,csv_000005689,11
data\training_data\5690.png,85.0,0.0,csv,csv_000005690,11
data\training_data\5691.png,54.375,1.0,csv,csv_000005691,11
data\training_data\5692.png,115.625,0.0,csv,csv_000005692,11
data\training_data\5693.png,85.0,1.0,csv,csv_000005693,11
data\training_data\5694.png,106.875,1.0,csv,csv_000005694,11
data\training_data\5695.png,85.0,1.0,csv,csv_000005695,11
data\training_data\5696.png,106.875,1.0,csv,csv_000005696,11
data\training_data\5697.png,71.875,1.0,csv,csv_000005697,11
data\training_data\5698.png,85.0,1.0,csv,csv_000005698,11
data\training_data\5699.png,80.625,1.0,csv,csv_000005699,11
data\training_data\5700.png,50.0,1.0,csv,csv_000005700,11
data\training_data\5701.png,98.125,1.0,csv,csv_000005701,11
data\training_data\5702.png,89.375,1.0,csv,csv_000005702,11
data\training_data\5703.png,111.25,0.0,csv,csv_000005703,11
data\training_data\5704.png,106.875,1.0,csv,csv_000005704,11
data\training_data\5705.png,63.125,1.0,csv,csv_000005705,11
data\training_data\5706.png,58.75,1.0,csv,csv_000005706,11
data\training_data\5707.png,102.5,1.0,csv,csv_000005707,11
data\training_data\5708.png,111.25,1.0,csv,csv_000005708,11
data\training_data\5709.png,93.75,1.0,csv,csv_000005709,11
data\training_data\5710.png,106.875,1.0,csv,csv_000005710,11
data\training_data\5711.png,85.0,1.0,csv,csv_000005711,11
data\training_data\5712.png,80.625,1.0,csv,csv_000005712,11
data\training_data\5713.png,106.875,1.0,csv,csv_000005713,11
data\training_data\5714.png,71.875,0.0,csv,csv_000005714,11
data\training_data\5715.png,85.0,0.0,csv,csv_000005715,11
data\training_data\5716.png,85.0,0.0,csv,csv_000005716,11
data\training_data\5717.png,98.125,1.0,csv,csv_000005717,11
data\training_data\5718.png,85.0,0.0,csv,csv_000005718,11
data\training_data\5719.png,85.0,1.0,csv,csv_000005719,11
data\training_data\5720.png,102.5,1.0,csv,csv_000005720,11
data\training_data\5721.png,93.75,1.0,csv,csv_000005721,11
data\training_data\5722.png,85.0,1.0,csv,csv_000005722,11
data\training_data\5723.png,93.75,1.0,csv,csv_000005723,11
data\training_data\5724.png,98.125,1.0,csv,csv_000005724,11
data\training_data\5725.png,98.125,1.0,csv,csv_000005725,11
data\training_data\5726.png,85.0,1.0,csv,csv_000005726,11
data\training_data\5727.png,76.25,1.0,csv,csv_000005727,11
data\training_data\5728.png,120.0,0.0,csv,csv_000005728,11
data\training_data\5729.png,106.875,1.0,csv,csv_000005729,11
data\training_data\5730.png,102.5,1.0,csv,csv_000005730,11
data\training_data\5731.png,85.0,0.0,csv,csv_000005731,11
data\training_data\5732.png,85.0,1.0,csv,csv_000005732,11
data\training_data\5733.png,102.5,0.0,csv,csv_000005733,11
data\training_data\5734.png,89.375,0.0,csv,csv_000005734,11
data\training_data\5735.png,93.75,1.0,csv,csv_000005735,11
data\training_data\5736.png,63.125,1.0,csv,csv_000005736,11
data\training_data\5737.png,71.875,1.0,csv,csv_000005737,11
data\training_data\5738.png,115.625,1.0,csv,csv_000005738,11
data\training_data\5739.png,85.0,1.0,csv,csv_000005739,11
data\training_data\5740.png,89.375,1.0,csv,csv_000005740,11
data\training_data\5741.png,98.125,1.0,csv,csv_000005741,11
data\training_data\5742.png,58.75,1.0,csv,csv_000005742,11
data\training_data\5743.png,85.0,1.0,csv,csv_000005743,11
data\training_data\5744.png,85.0,1.0,csv,csv_000005744,11
data\training_data\5745.png,89.375,1.0,csv,csv_000005745,11
data\training_data\5746.png,85.0,0.0,csv,csv_000005746,11
data\training_data\5747.png,111.25,1.0,csv,csv_000005747,11
data\training_data\5748.png,71.875,1.0,csv,csv_000005748,11
data\training_data\5749.png,106.875,0.0,csv,csv_000005749,11
data\training_data\5750.png,67.5,1.0,csv,csv_000005750,11
data\training_data\5751.png,89.375,1.0,csv,csv_000005751,11
data\training_data\5752.png,89.375,1.0,csv,csv_000005752,11
data\training_data\5753.png,89.375,1.0,csv,csv_000005753,11
data\training_data\5754.png,80.625,1.0,csv,csv_000005754,11
data\training_data\5755.png,58.75,1.0,csv,csv_000005755,11
data\training_data\5756.png,85.0,0.0,csv,csv_000005756,11
data\training_data\5757.png,106.875,1.0,csv,csv_000005757,11
data\training_data\5758.png,85.0,1.0,csv,csv_000005758,11
data\training_data\5759.png,85.0,1.0,csv,csv_000005759,11
data\training_data\5760.png,85.0,0.0,csv,csv_000005760,11
data\training_data\5761.png,106.875,1.0,csv,csv_000005761,11
data\training_data\5762.png,85.0,1.0,csv,csv_000005762,11
data\training_data\5763.png,93.75,1.0,csv,csv_000005763,11
data\training_data\5764.png,98.125,1.0,csv,csv_000005764,11
data\training_data\5765.png,106.875,1.0,csv,csv_000005765,11
data\training_data\5766.png,89.375,1.0,csv,csv_000005766,11
data\training_data\5767.png,85.0,1.0,csv,csv_000005767,11
data\training_data\5769.png,111.25,1.0,csv,csv_000005769,11
data\training_data\5770.png,85.0,1.0,csv,csv_000005770,11
data\training_data\5771.png,111.25,0.0,csv,csv_000005771,11
data\training_data\5772.png,63.125,1.0,csv,csv_000005772,11
data\training_data\5773.png,54.375,1.0,csv,csv_000005773,11
data\training_data\5774.png,98.125,1.0,csv,csv_000005774,11
data\training_data\5775.png,85.0,0.0,csv,csv_000005775,11
data\training_data\5776.png,102.5,0.0,csv,csv_000005776,11
data\training_data\5777.png,93.75,1.0,csv,csv_000005777,11
data\training_data\5778.png,85.0,1.0,csv,csv_000005778,11
data\training_data\5779.png,102.5,1.0,csv,csv_000005779,11
data\training_data\5780.png,85.0,1.0,csv,csv_000005780,11
data\training_data\5781.png,106.875,1.0,csv,csv_000005781,11
data\training_data\5782.png,58.75,1.0,csv,csv_000005782,11
data\training_data\5783.png,89.375,1.0,csv,csv_000005783,11
data\training_data\5784.png,67.5,1.0,csv,csv_000005784,11
data\training_data\5785.png,85.0,1.0,csv,csv_000005785,11
data\training_data\5786.png,85.0,1.0,csv,csv_000005786,11
data\training_data\5787.png,85.0,1.0,csv,csv_000005787,11
data\training_data\5788.png,93.75,0.0,csv,csv_000005788,11
data\training_data\5789.png,85.0,1.0,csv,csv_000005789,11
data\training_data\5790.png,89.375,0.0,csv,csv_000005790,11
data\training_data\5791.png,85.0,1.0,csv,csv_000005791,11
data\training_data\5792.png,80.625,1.0,csv,csv_000005792,11
data\training_data\5793.png,85.0,1.0,csv,csv_000005793,11
data\training_data\5795.png,85.0,1.0,csv,csv_000005795,11
data\training_data\5796.png,85.0,0.0,csv,csv_000005796,11
data\training_data\5797.png,93.75,0.0,csv,csv_000005797,11
data\training_data\5798.png,89.375,1.0,csv,csv_000005798,11
data\training_data\5799.png,89.375,1.0,csv,csv_000005799,11
data\training_data\5800.png,85.0,0.0,csv,csv_000005800,11
data\training_data\5801.png,85.0,0.0,csv,csv_000005801,11
data\training_data\5802.png,93.75,1.0,csv,csv_000005802,11
data\training_data\5803.png,76.25,1.0,csv,csv_000005803,11
data\training_data\5804.png,80.625,1.0,csv,csv_000005804,11
data\training_data\5805.png,85.0,1.0,csv,csv_000005805,11
data\training_data\5806.png,71.875,1.0,csv,csv_000005806,11
data\training_data\5807.png,98.125,0.0,csv,csv_000005807,11
data\training_data\5808.png,98.125,1.0,csv,csv_000005808,11
data\training_data\5809.png,89.375,0.0,csv,csv_000005809,11
data\training_data\5810.png,111.25,1.0,csv,csv_000005810,11
data\training_data\5811.png,85.0,1.0,csv,csv_000005811,11
data\training_data\5812.png,102.5,1.0,csv,csv_000005812,11
data\training_data\5813.png,106.875,1.0,csv,csv_000005813,11
data\training_data\5814.png,80.625,1.0,csv,csv_000005814,11
data\training_data\5815.png,63.125,1.0,csv,csv_000005815,11
data\training_data\5816.png,67.5,1.0,csv,csv_000005816,11
data\training_data\5817.png,80.625,1.0,csv,csv_000005817,11
data\training_data\5818.png,89.375,1.0,csv,csv_000005818,11
data\training_data\5819.png,85.0,1.0,csv,csv_000005819,11
data\training_data\5820.png,80.625,1.0,csv,csv_000005820,11
data\training_data\5821.png,89.375,1.0,csv,csv_000005821,11
data\training_data\5822.png,80.625,1.0,csv,csv_000005822,11
data\training_data\5823.png,89.375,1.0,csv,csv_000005823,11
data\training_data\5824.png,85.0,1.0,csv,csv_000005824,11
data\training_data\5825.png,89.375,0.0,csv,csv_000005825,11
data\training_data\5826.png,63.125,1.0,csv,csv_000005826,11
data\training_data\5827.png,85.0,1.0,csv,csv_000005827,11
data\training_data\5828.png,102.5,1.0,csv,csv_000005828,11
data\training_data\5829.png,111.25,1.0,csv,csv_000005829,11
data\training_data\5830.png,98.125,0.0,csv,csv_000005830,11
data\training_data\5831.png,85.0,1.0,csv,csv_000005831,11
data\training_data\5832.png,67.5,1.0,csv,csv_000005832,11
data\training_data\5833.png,120.0,1.0,csv,csv_000005833,11
data\training_data\5834.png,98.125,1.0,csv,csv_000005834,11
data\training_data\5835.png,63.125,1.0,csv,csv_000005835,11
data\training_data\5836.png,93.75,1.0,csv,csv_000005836,11
data\training_data\5837.png,106.875,1.0,csv,csv_000005837,11
data\training_data\5838.png,85.0,1.0,csv,csv_000005838,11
data\training_data\5839.png,85.0,0.0,csv,csv_000005839,11
data\training_data\5840.png,85.0,1.0,csv,csv_000005840,11
data\training_data\5841.png,85.0,1.0,csv,csv_000005841,11
data\training_data\5842.png,111.25,1.0,csv,csv_000005842,11
data\training_data\5843.png,106.875,0.0,csv,csv_000005843,11
data\training_data\5844.png,85.0,1.0,csv,csv_000005844,11
data\training_data\5845.png,102.5,1.0,csv,csv_000005845,11
data\training_data\5846.png,85.0,0.0,csv,csv_000005846,11
data\training_data\5847.png,80.625,1.0,csv,csv_000005847,11
data\training_data\5848.png,93.75,1.0,csv,csv_000005848,11
data\training_data\5849.png,85.0,1.0,csv,csv_000005849,11
data\training_data\5850.png,85.0,1.0,csv,csv_000005850,11
data\training_data\5851.png,89.375,1.0,csv,csv_000005851,11
data\training_data\5852.png,67.5,1.0,csv,csv_000005852,11
data\training_data\5853.png,54.375,0.0,csv,csv_000005853,11
data\training_data\5854.png,102.5,0.0,csv,csv_000005854,11
data\training_data\5855.png,106.875,1.0,csv,csv_000005855,11
data\training_data\5856.png,89.375,1.0,csv,csv_000005856,11
data\training_data\5857.png,85.0,0.0,csv,csv_000005857,11
data\training_data\5858.png,93.75,1.0,csv,csv_000005858,11
data\training_data\5859.png,85.0,0.0,csv,csv_000005859,11
data\training_data\5860.png,85.0,1.0,csv,csv_000005860,11
data\training_data\5861.png,106.875,1.0,csv,csv_000005861,11
data\training_data\5862.png,67.5,1.0,csv,csv_000005862,11
data\training_data\5863.png,89.375,1.0,csv,csv_000005863,11
data\training_data\5864.png,85.0,1.0,csv,csv_000005864,11
data\training_data\5865.png,89.375,1.0,csv,csv_000005865,11
data\training_data\5866.png,111.25,0.0,csv,csv_000005866,11
data\training_data\5867.png,85.0,0.0,csv,csv_000005867,11
data\training_data\5868.png,63.125,1.0,csv,csv_000005868,11
data\training_data\5869.png,85.0,1.0,csv,csv_000005869,11
data\training_data\5870.png,89.375,1.0,csv,csv_000005870,11
data\training_data\5871.png,58.75,1.0,csv,csv_000005871,11
data\training_data\5872.png,98.125,0.0,csv,csv_000005872,11
data\training_data\5873.png,89.375,1.0,csv,csv_000005873,11
data\training_data\5874.png,89.375,1.0,csv,csv_000005874,11
data\training_data\5875.png,89.375,1.0,csv,csv_000005875,11
data\training_data\5876.png,111.25,0.0,csv,csv_000005876,11
data\training_data\5877.png,85.0,1.0,csv,csv_000005877,11
data\training_data\5878.png,93.75,1.0,csv,csv_000005878,11
data\training_data\5879.png,120.0,1.0,csv,csv_000005879,11
data\training_data\5880.png,98.125,1.0,csv,csv_000005880,11
data\training_data\5881.png,120.0,0.0,csv,csv_000005881,11
data\training_data\5882.png,85.0,1.0,csv,csv_000005882,11
data\training_data\5883.png,89.375,1.0,csv,csv_000005883,11
data\training_data\5884.png,89.375,1.0,csv,csv_000005884,11
data\training_data\5885.png,85.0,1.0,csv,csv_000005885,11
data\training_data\5886.png,98.125,0.0,csv,csv_000005886,11
data\training_data\5887.png,102.5,1.0,csv,csv_000005887,11
data\training_data\5888.png,89.375,1.0,csv,csv_000005888,11
data\training_data\5889.png,106.875,1.0,csv,csv_000005889,11
data\training_data\5890.png,106.875,1.0,csv,csv_000005890,11
data\training_data\5891.png,85.0,1.0,csv,csv_000005891,11
data\training_data\5892.png,58.75,1.0,csv,csv_000005892,11
data\training_data\5893.png,89.375,1.0,csv,csv_000005893,11
data\training_data\5894.png,89.375,1.0,csv,csv_000005894,11
data\training_data\5895.png,106.875,1.0,csv,csv_000005895,11
data\training_data\5896.png,58.75,1.0,csv,csv_000005896,11
data\training_data\5897.png,111.25,1.0,csv,csv_000005897,11
data\training_data\5898.png,89.375,0.0,csv,csv_000005898,11
data\training_data\5899.png,89.375,1.0,csv,csv_000005899,11
data\training_data\5900.png,120.0,1.0,csv,csv_000005900,11
data\training_data\5901.png,89.375,0.0,csv,csv_000005901,11
data\training_data\5902.png,98.125,1.0,csv,csv_000005902,11
data\training_data\5903.png,85.0,0.0,csv,csv_000005903,11
data\training_data\5904.png,85.0,1.0,csv,csv_000005904,11
data\training_data\5905.png,67.5,0.0,csv,csv_000005905,11
data\training_data\5906.png,111.25,1.0,csv,csv_000005906,11
data\training_data\5907.png,54.375,1.0,csv,csv_000005907,11
data\training_data\5908.png,98.125,1.0,csv,csv_000005908,11
data\training_data\5909.png,76.25,1.0,csv,csv_000005909,11
data\training_data\5910.png,80.625,1.0,csv,csv_000005910,11
data\training_data\5911.png,102.5,0.0,csv,csv_000005911,11
data\training_data\5912.png,85.0,1.0,csv,csv_000005912,11
data\training_data\5913.png,89.375,1.0,csv,csv_000005913,11
data\training_data\5914.png,89.375,1.0,csv,csv_000005914,11
data\training_data\5915.png,85.0,0.0,csv,csv_000005915,11
data\training_data\5916.png,85.0,1.0,csv,csv_000005916,11
data\training_data\5917.png,54.375,1.0,csv,csv_000005917,11
data\training_data\5918.png,58.75,1.0,csv,csv_000005918,11
data\training_data\5919.png,89.375,0.0,csv,csv_000005919,11
data\training_data\5920.png,85.0,1.0,csv,csv_000005920,11
data\training_data\5921.png,85.0,1.0,csv,csv_000005921,11
data\training_data\5922.png,63.125,1.0,csv,csv_000005922,11
data\training_data\5923.png,93.75,1.0,csv,csv_000005923,11
data\training_data\5924.png,89.375,1.0,csv,csv_000005924,11
data\training_data\5925.png,80.625,1.0,csv,csv_000005925,11
data\training_data\5926.png,93.75,1.0,csv,csv_000005926,11
data\training_data\5927.png,102.5,0.0,csv,csv_000005927,11
data\training_data\5928.png,102.5,1.0,csv,csv_000005928,11
data\training_data\5929.png,111.25,1.0,csv,csv_000005929,11
data\training_data\5930.png,85.0,0.0,csv,csv_000005930,11
data\training_data\5931.png,93.75,1.0,csv,csv_000005931,11
data\training_data\5932.png,85.0,0.0,csv,csv_000005932,11
data\training_data\5933.png,106.875,1.0,csv,csv_000005933,11
data\training_data\5934.png,98.125,0.0,csv,csv_000005934,11
data\training_data\5935.png,106.875,1.0,csv,csv_000005935,11
data\training_data\5936.png,85.0,1.0,csv,csv_000005936,11
data\training_data\5937.png,80.625,1.0,csv,csv_000005937,11
data\training_data\5938.png,111.25,1.0,csv,csv_000005938,11
data\training_data\5939.png,93.75,0.0,csv,csv_000005939,11
data\training_data\5940.png,102.5,1.0,csv,csv_000005940,11
data\training_data\5941.png,80.625,1.0,csv,csv_000005941,11
data\training_data\5942.png,85.0,0.0,csv,csv_000005942,11
data\training_data\5943.png,85.0,0.0,csv,csv_000005943,11
data\training_data\5944.png,80.625,0.0,csv,csv_000005944,11
data\training_data\5945.png,58.75,0.0,csv,csv_000005945,11
data\training_data\5946.png,102.5,1.0,csv,csv_000005946,11
data\training_data\5947.png,80.625,1.0,csv,csv_000005947,11
data\training_data\5948.png,85.0,1.0,csv,csv_000005948,11
data\training_data\5949.png,102.5,1.0,csv,csv_000005949,11
data\training_data\5950.png,85.0,1.0,csv,csv_000005950,11
data\training_data\5951.png,89.375,1.0,csv,csv_000005951,11
data\training_data\5952.png,89.375,0.0,csv,csv_000005952,11
data\training_data\5953.png,85.0,1.0,csv,csv_000005953,11
data\training_data\5954.png,120.0,0.0,csv,csv_000005954,11
data\training_data\5955.png,80.625,1.0,csv,csv_000005955,11
data\training_data\5956.png,80.625,1.0,csv,csv_000005956,11
data\training_data\5957.png,85.0,0.0,csv,csv_000005957,11
data\training_data\5958.png,85.0,0.0,csv,csv_000005958,11
data\training_data\5959.png,120.0,1.0,csv,csv_000005959,11
data\training_data\5960.png,106.875,1.0,csv,csv_000005960,11
data\training_data\5961.png,85.0,1.0,csv,csv_000005961,11
data\training_data\5962.png,106.875,1.0,csv,csv_000005962,11
data\training_data\5963.png,98.125,1.0,csv,csv_000005963,11
data\training_data\5964.png,80.625,1.0,csv,csv_000005964,11
data\training_data\5965.png,85.0,1.0,csv,csv_000005965,11
data\training_data\5966.png,102.5,0.0,csv,csv_000005966,11
data\training_data\5967.png,85.0,1.0,csv,csv_000005967,11
data\training_data\5968.png,89.375,0.0,csv,csv_000005968,11
data\training_data\5969.png,58.75,1.0,csv,csv_000005969,11
data\training_data\5970.png,102.5,1.0,csv,csv_000005970,11
data\training_data\5971.png,106.875,1.0,csv,csv_000005971,11
data\training_data\5972.png,93.75,1.0,csv,csv_000005972,11
data\training_data\5973.png,63.125,1.0,csv,csv_000005973,11
data\training_data\5974.png,106.875,1.0,csv,csv_000005974,11
data\training_data\5975.png,89.375,0.0,csv,csv_000005975,11
data\training_data\5976.png,85.0,0.0,csv,csv_000005976,11
data\training_data\5977.png,98.125,0.0,csv,csv_000005977,11
data\training_data\5978.png,89.375,1.0,csv,csv_000005978,11
data\training_data\5979.png,85.0,1.0,csv,csv_000005979,11
data\training_data\5980.png,50.0,1.0,csv,csv_000005980,11
data\training_data\5981.png,111.25,1.0,csv,csv_000005981,11
data\training_data\5982.png,89.375,1.0,csv,csv_000005982,11
data\training_data\5983.png,80.625,1.0,csv,csv_000005983,11
data\training_data\5984.png,85.0,0.0,csv,csv_000005984,11
data\training_data\5985.png,106.875,1.0,csv,csv_000005985,11
data\training_data\5986.png,89.375,1.0,csv,csv_000005986,11
data\training_data\5987.png,89.375,1.0,csv,csv_000005987,11
data\training_data\5988.png,85.0,1.0,csv,csv_000005988,11
data\training_data\5989.png,58.75,1.0,csv,csv_000005989,11
data\training_data\5990.png,85.0,1.0,csv,csv_000005990,11
data\training_data\5991.png,106.875,1.0,csv,csv_000005991,11
data\training_data\5992.png,63.125,1.0,csv,csv_000005992,11
data\training_data\5993.png,63.125,0.0,csv,csv_000005993,11
data\training_data\5994.png,80.625,1.0,csv,csv_000005994,11
data\training_data\5995.png,85.0,1.0,csv,csv_000005995,11
data\training_data\5996.png,85.0,0.0,csv,csv_000005996,11
data\training_data\5997.png,93.75,1.0,csv,csv_000005997,11
data\training_data\5998.png,98.125,0.0,csv,csv_000005998,11
data\training_data\5999.png,58.75,1.0,csv,csv_000005999,11
data\training_data\6000.png,106.875,1.0,csv,csv_000006000,11
data\training_data\6001.png,98.125,1.0,csv,csv_000006001,11
data\training_data\6002.png,98.125,0.0,csv,csv_000006002,11
data\training_data\6003.png,58.75,1.0,csv,csv_000006003,11
data\training_data\6004.png,63.125,1.0,csv,csv_000006004,11
data\training_data\6005.png,93.75,1.0,csv,csv_000006005,11
data\training_data\6006.png,58.75,1.0,csv,csv_000006006,11
data\training_data\6007.png,80.625,1.0,csv,csv_000006007,11
data\training_data\6008.png,85.0,1.0,csv,csv_000006008,11
data\training_data\6009.png,89.375,1.0,csv,csv_000006009,11
data\training_data\6010.png,102.5,1.0,csv,csv_000006010,11
data\training_data\6011.png,85.0,1.0,csv,csv_000006011,11
data\training_data\6012.png,106.875,1.0,csv,csv_000006012,11
data\training_data\6013.png,115.625,1.0,csv,csv_000006013,11
data\training_data\6014.png,106.875,1.0,csv,csv_000006014,11
data\training_data\6015.png,50.0,1.0,csv,csv_000006015,11
data\training_data\6016.png,111.25,1.0,csv,csv_000006016,11
data\training_data\6017.png,85.0,1.0,csv,csv_000006017,11
data\training_data\6018.png,106.875,1.0,csv,csv_000006018,11
data\training_data\6019.png,93.75,1.0,csv,csv_000006019,11
data\training_data\6020.png,89.375,1.0,csv,csv_000006020,11
data\training_data\6522.png,85.0,0.0,csv,csv_000006522,13
data\training_data\6523.png,76.25,0.0,csv,csv_000006523,13
data\training_data\6524.png,58.75,1.0,csv,csv_000006524,13
data\training_data\6525.png,89.375,1.0,csv,csv_000006525,13
data\training_data\6526.png,71.875,1.0,csv,csv_000006526,13
data\training_data\6527.png,63.125,1.0,csv,csv_000006527,13
data\training_data\6528.png,102.5,1.0,csv,csv_000006528,13
data\training_data\6529.png,98.125,1.0,csv,csv_000006529,13
data\training_data\6530.png,85.0,1.0,csv,csv_000006530,13
data\training_data\6531.png,67.5,1.0,csv,csv_000006531,13
data\training_data\6532.png,85.0,0.0,csv,csv_000006532,13
data\training_data\6533.png,98.125,1.0,csv,csv_000006533,13
data\training_data\6534.png,89.375,0.0,csv,csv_000006534,13
data\training_data\6535.png,67.5,1.0,csv,csv_000006535,13
data\training_data\6536.png,106.875,1.0,csv,csv_000006536,13
data\training_data\6537.png,85.0,1.0,csv,csv_000006537,13
data\training_data\6538.png,85.0,1.0,csv,csv_000006538,13
data\training_data\6539.png,80.625,1.0,csv,csv_000006539,13
data\training_data\6540.png,76.25,1.0,csv,csv_000006540,13
data\training_data\6541.png,106.875,1.0,csv,csv_000006541,13
data\training_data\6542.png,120.0,1.0,csv,csv_000006542,13
data\training_data\6543.png,115.625,1.0,csv,csv_000006543,13
data\training_data\6544.png,93.75,1.0,csv,csv_000006544,13
data\training_data\6545.png,106.875,1.0,csv,csv_000006545,13
data\training_data\6546.png,80.625,1.0,csv,csv_000006546,13
data\training_data\6547.png,93.75,0.0,csv,csv_000006547,13
data\training_data\6548.png,54.375,0.0,csv,csv_000006548,13
data\training_data\6549.png,89.375,1.0,csv,csv_000006549,13
data\training_data\6550.png,85.0,0.0,csv,csv_000006550,13
data\training_data\6551.png,102.5,1.0,csv,csv_000006551,13
data\training_data\6552.png,98.125,1.0,csv,csv_000006552,13
data\training_data\6553.png,89.375,1.0,csv,csv_000006553,13
data\training_data\6554.png,106.875,1.0,csv,csv_000006554,13
data\training_data\6555.png,89.375,0.0,csv,csv_000006555,13
data\training_data\6556.png,80.625,1.0,csv,csv_000006556,13
data\training_data\6557.png,63.125,1.0,csv,csv_000006557,13
data\training_data\6558.png,89.375,1.0,csv,csv_000006558,13
data\training_data\6559.png,85.0,0.0,csv,csv_000006559,13
data\training_data\6560.png,85.0,1.0,csv,csv_000006560,13
data\training_data\6561.png,111.25,1.0,csv,csv_000006561,13
data\training_data\6562.png,89.375,1.0,csv,csv_000006562,13
data\training_data\6563.png,93.75,1.0,csv,csv_000006563,13
data\training_data\6564.png,85.0,1.0,csv,csv_000006564,13
data\training_data\6565.png,85.0,1.0,csv,csv_000006565,13
data\training_data\6566.png,106.875,1.0,csv,csv_000006566,13
data\training_data\6567.png,63.125,0.0,csv,csv_000006567,13
data\training_data\6568.png,98.125,1.0,csv,csv_000006568,13
data\training_data\6569.png,102.5,1.0,csv,csv_000006569,13
data\training_data\6570.png,93.75,0.0,csv,csv_000006570,13
data\training_data\6571.png,111.25,1.0,csv,csv_000006571,13
data\training_data\6572.png,106.875,1.0,csv,csv_000006572,13
data\training_data\6573.png,89.375,1.0,csv,csv_000006573,13
data\training_data\6574.png,85.0,1.0,csv,csv_000006574,13
data\training_data\6575.png,76.25,1.0,csv,csv_000006575,13
data\training_data\6576.png,89.375,0.0,csv,csv_000006576,13
data\training_data\6577.png,85.0,0.0,csv,csv_000006577,13
data\training_data\6578.png,93.75,1.0,csv,csv_000006578,13
data\training_data\6579.png,76.25,1.0,csv,csv_000006579,13
data\training_data\6580.png,67.5,1.0,csv,csv_000006580,13
data\training_data\6581.png,89.375,1.0,csv,csv_000006581,13
data\training_data\6582.png,85.0,1.0,csv,csv_000006582,13
data\training_data\6583.png,80.625,1.0,csv,csv_000006583,13
data\training_data\6584.png,80.625,1.0,csv,csv_000006584,13
data\training_data\6585.png,106.875,1.0,csv,csv_000006585,13
data\training_data\6586.png,85.0,1.0,csv,csv_000006586,13
data\training_data\6587.png,89.375,1.0,csv,csv_000006587,13
data\training_data\6588.png,85.0,0.0,csv,csv_000006588,13
data\training_data\6589.png,85.0,1.0,csv,csv_000006589,13
data\training_data\6590.png,93.75,1.0,csv,csv_000006590,13
data\training_data\6591.png,85.0,1.0,csv,csv_000006591,13
data\training_data\6592.png,58.75,1.0,csv,csv_000006592,13
data\training_data\6593.png,85.0,1.0,csv,csv_000006593,13
data\training_data\6594.png,85.0,1.0,csv,csv_000006594,13
data\training_data\6595.png,85.0,0.0,csv,csv_000006595,13
data\training_data\6596.png,80.625,1.0,csv,csv_000006596,13
data\training_data\6597.png,98.125,1.0,csv,csv_000006597,13
data\training_data\6598.png,63.125,1.0,csv,csv_000006598,13
data\training_data\6599.png,80.625,1.0,csv,csv_000006599,13
data\training_data\6600.png,76.25,0.0,csv,csv_000006600,13
data\training_data\6601.png,98.125,1.0,csv,csv_000006601,13
data\training_data\6602.png,67.5,1.0,csv,csv_000006602,13
data\training_data\6603.png,98.125,1.0,csv,csv_000006603,13
data\training_data\6604.png,85.0,1.0,csv,csv_000006604,13
data\training_data\6605.png,85.0,1.0,csv,csv_000006605,13
data\training_data\6606.png,111.25,0.0,csv,csv_000006606,13
data\training_data\6607.png,106.875,1.0,csv,csv_000006607,13
data\training_data\6608.png,76.25,1.0,csv,csv_000006608,13
data\training_data\6609.png,67.5,1.0,csv,csv_000006609,13
data\training_data\6610.png,58.75,1.0,csv,csv_000006610,13
data\training_data\6611.png,85.0,1.0,csv,csv_000006611,13
data\training_data\6612.png,71.875,0.0,csv,csv_000006612,13
data\training_data\6613.png,89.375,1.0,csv,csv_000006613,13
data\training_data\6614.png,63.125,1.0,csv,csv_000006614,13
data\training_data\6615.png,106.875,1.0,csv,csv_000006615,13
data\training_data\6616.png,89.375,1.0,csv,csv_000006616,13
data\training_data\6617.png,85.0,1.0,csv,csv_000006617,13
data\training_data\6618.png,102.5,0.0,csv,csv_000006618,13
data\training_data\6619.png,106.875,1.0,csv,csv_000006619,13
data\training_data\6620.png,106.875,1.0,csv,csv_000006620,13
data\training_data\6621.png,58.75,1.0,csv,csv_000006621,13
data\training_data\6622.png,71.875,1.0,csv,csv_000006622,13
data\training_data\6623.png,71.875,1.0,csv,csv_000006623,13
data\training_data\6624.png,106.875,1.0,csv,csv_000006624,13
data\training_data\6625.png,106.875,1.0,csv,csv_000006625,13
data\training_data\6626.png,85.0,0.0,csv,csv_000006626,13
data\training_data\6627.png,106.875,1.0,csv,csv_000006627,13
data\training_data\6628.png,93.75,1.0,csv,csv_000006628,13
data\training_data\6629.png,50.0,1.0,csv,csv_000006629,13
data\training_data\6630.png,102.5,1.0,csv,csv_000006630,13
data\training_data\6631.png,54.375,1.0,csv,csv_000006631,13
data\training_data\6632.png,85.0,1.0,csv,csv_000006632,13
data\training_data\6633.png,85.0,1.0,csv,csv_000006633,13
data\training_data\6634.png,106.875,1.0,csv,csv_000006634,13
data\training_data\6635.png,98.125,1.0,csv,csv_000006635,13
data\training_data\6636.png,111.25,1.0,csv,csv_000006636,13
data\training_data\6637.png,58.75,1.0,csv,csv_000006637,13
data\training_data\6638.png,85.0,1.0,csv,csv_000006638,13
data\training_data\6639.png,63.125,1.0,csv,csv_000006639,13
data\training_data\6640.png,98.125,1.0,csv,csv_000006640,13
data\training_data\6641.png,85.0,0.0,csv,csv_000006641,13
data\training_data\6642.png,98.125,1.0,csv,csv_000006642,13
data\training_data\6643.png,93.75,1.0,csv,csv_000006643,13
data\training_data\6644.png,85.0,1.0,csv,csv_000006644,13
data\training_data\6645.png,93.75,1.0,csv,csv_000006645,13
data\training_data\6646.png,89.375,1.0,csv,csv_000006646,13
data\training_data\6647.png,85.0,1.0,csv,csv_000006647,13
data\training_data\6648.png,98.125,1.0,csv,csv_000006648,13
data\training_data\6649.png,89.375,1.0,csv,csv_000006649,13
data\training_data\6650.png,111.25,0.0,csv,csv_000006650,13
data\training_data\6651.png,102.5,1.0,csv,csv_000006651,13
data\training_data\6652.png,98.125,1.0,csv,csv_000006652,13
data\training_data\6653.png,85.0,1.0,csv,csv_000006653,13
data\training_data\6654.png,89.375,1.0,csv,csv_000006654,13
data\training_data\6655.png,85.0,1.0,csv,csv_000006655,13
data\training_data\6656.png,54.375,1.0,csv,csv_000006656,13
data\training_data\6657.png,98.125,1.0,csv,csv_000006657,13
data\training_data\6658.png,80.625,1.0,csv,csv_000006658,13
data\training_data\6659.png,102.5,1.0,csv,csv_000006659,13
data\training_data\6660.png,58.75,1.0,csv,csv_000006660,13
data\training_data\6661.png,111.25,0.0,csv,csv_000006661,13
data\training_data\6662.png,85.0,0.0,csv,csv_000006662,13
data\training_data\6663.png,85.0,0.0,csv,csv_000006663,13
data\training_data\6664.png,93.75,1.0,csv,csv_000006664,13
data\training_data\6665.png,98.125,1.0,csv,csv_000006665,13
data\training_data\6666.png,58.75,1.0,csv,csv_000006666,13
data\training_data\6667.png,102.5,1.0,csv,csv_000006667,13
data\training_data\6668.png,106.875,1.0,csv,csv_000006668,13
data\training_data\6669.png,89.375,1.0,csv,csv_000006669,13
data\training_data\6670.png,106.875,1.0,csv,csv_000006670,13
data\training_data\6671.png,89.375,1.0,csv,csv_000006671,13
data\training_data\6672.png,85.0,1.0,csv,csv_000006672,13
data\training_data\6673.png,102.5,0.0,csv,csv_000006673,13
data\training_data\6674.png,85.0,1.0,csv,csv_000006674,13
data\training_data\6675.png,102.5,1.0,csv,csv_000006675,13
data\training_data\6676.png,98.125,1.0,csv,csv_000006676,13
data\training_data\6677.png,85.0,0.0,csv,csv_000006677,13
data\training_data\6678.png,89.375,0.0,csv,csv_000006678,13
data\training_data\6679.png,85.0,1.0,csv,csv_000006679,13
data\training_data\6680.png,80.625,1.0,csv,csv_000006680,13
data\training_data\6681.png,85.0,1.0,csv,csv_000006681,13
data\training_data\6682.png,54.375,1.0,csv,csv_000006682,13
data\training_data\6683.png,111.25,0.0,csv,csv_000006683,13
data\training_data\6684.png,63.125,0.0,csv,csv_000006684,13
data\training_data\6685.png,85.0,1.0,csv,csv_000006685,13
data\training_data\6686.png,63.125,1.0,csv,csv_000006686,13
data\training_data\6687.png,89.375,1.0,csv,csv_000006687,13
data\training_data\6688.png,102.5,1.0,csv,csv_000006688,13
data\training_data\6689.png,93.75,0.0,csv,csv_000006689,13
data\training_data\6690.png,58.75,1.0,csv,csv_000006690,13
data\training_data\6691.png,85.0,1.0,csv,csv_000006691,13
data\training_data\6692.png,85.0,1.0,csv,csv_000006692,13
data\training_data\6693.png,85.0,1.0,csv,csv_000006693,13
data\training_data\6694.png,93.75,1.0,csv,csv_000006694,13
data\training_data\6695.png,102.5,1.0,csv,csv_000006695,13
data\training_data\6696.png,102.5,1.0,csv,csv_000006696,13
data\training_data\6697.png,115.625,1.0,csv,csv_000006697,13
data\training_data\6698.png,71.875,1.0,csv,csv_000006698,13
data\training_data\6699.png,54.375,1.0,csv,csv_000006699,13
data\training_data\6700.png,80.625,1.0,csv,csv_000006700,13
data\training_data\6701.png,85.0,1.0,csv,csv_000006701,13
data\training_data\6702.png,58.75,1.0,csv,csv_000006702,13
data\training_data\6703.png,58.75,1.0,csv,csv_000006703,13
data\training_data\6704.png,85.0,1.0,csv,csv_000006704,13
data\training_data\6705.png,71.875,1.0,csv,csv_000006705,13
data\training_data\6706.png,58.75,1.0,csv,csv_000006706,13
data\training_data\6707.png,85.0,0.0,csv,csv_000006707,13
data\training_data\6708.png,102.5,1.0,csv,csv_000006708,13
data\training_data\6709.png,98.125,0.0,csv,csv_000006709,13
data\training_data\6710.png,85.0,1.0,csv,csv_000006710,13
data\training_data\6711.png,89.375,1.0,csv,csv_000006711,13
data\training_data\6712.png,80.625,0.0,csv,csv_000006712,13
data\training_data\6713.png,63.125,1.0,csv,csv_000006713,13
data\training_data\6714.png,54.375,1.0,csv,csv_000006714,13
data\training_data\6715.png,111.25,1.0,csv,csv_000006715,13
data\training_data\6716.png,58.75,1.0,csv,csv_000006716,13
data\training_data\6717.png,89.375,1.0,csv,csv_000006717,13
data\training_data\6718.png,98.125,0.0,csv,csv_000006718,13
data\training_data\6719.png,106.875,1.0,csv,csv_000006719,13
data\training_data\6720.png,120.0,0.0,csv,csv_000006720,13
data\training_data\6721.png,89.375,1.0,csv,csv_000006721,13
data\training_data\6722.png,80.625,1.0,csv,csv_000006722,13
data\training_data\6723.png,85.0,1.0,csv,csv_000006723,13
data\training_data\6724.png,67.5,0.0,csv,csv_000006724,13
data\training_data\6725.png,85.0,1.0,csv,csv_000006725,13
data\training_data\6726.png,98.125,1.0,csv,csv_000006726,13
data\training_data\6727.png,89.375,0.0,csv,csv_000006727,13
data\training_data\6728.png,85.0,1.0,csv,csv_000006728,13
data\training_data\6729.png,63.125,1.0,csv,csv_000006729,13
data\training_data\6730.png,85.0,1.0,csv,csv_000006730,13
data\training_data\6731.png,85.0,1.0,csv,csv_000006731,13
data\training_data\6732.png,98.125,0.0,csv,csv_000006732,13
data\training_data\6733.png,85.0,1.0,csv,csv_000006733,13
data\training_data\6734.png,106.875,1.0,csv,csv_000006734,13
data\training_data\6735.png,89.375,1.0,csv,csv_000006735,13
data\training_data\6736.png,80.625,1.0,csv,csv_000006736,13
data\training_data\6737.png,85.0,1.0,csv,csv_000006737,13
data\training_data\6738.png,85.0,0.0,csv,csv_000006738,13
data\training_data\6739.png,80.625,1.0,csv,csv_000006739,13
data\training_data\6740.png,111.25,1.0,csv,csv_000006740,13
data\training_data\6741.png,102.5,1.0,csv,csv_000006741,13
data\training_data\6742.png,106.875,1.0,csv,csv_000006742,13
data\training_data\6743.png,106.875,1.0,csv,csv_000006743,13
data\training_data\6744.png,80.625,1.0,csv,csv_000006744,13
data\training_data\6745.png,80.625,1.0,csv,csv_000006745,13
data\training_data\6746.png,98.125,1.0,csv,csv_000006746,13
data\training_data\6747.png,85.0,0.0,csv,csv_000006747,13
data\training_data\6748.png,80.625,1.0,csv,csv_000006748,13
data\training_data\6749.png,85.0,0.0,csv,csv_000006749,13
data\training_data\6750.png,93.75,0.0,csv,csv_000006750,13
data\training_data\6751.png,80.625,1.0,csv,csv_000006751,13
data\training_data\6752.png,80.625,1.0,csv,csv_000006752,13
data\training_data\6753.png,54.375,1.0,csv,csv_000006753,13
data\training_data\6754.png,98.125,1.0,csv,csv_000006754,13
data\training_data\6755.png,102.5,1.0,csv,csv_000006755,13
data\training_data\6756.png,67.5,1.0,csv,csv_000006756,13
data\training_data\6757.png,98.125,1.0,csv,csv_000006757,13
data\training_data\6758.png,85.0,1.0,csv,csv_000006758,13
data\training_data\6759.png,58.75,1.0,csv,csv_000006759,13
data\training_data\6760.png,80.625,1.0,csv,csv_000006760,13
data\training_data\6761.png,85.0,1.0,csv,csv_000006761,13
data\training_data\6762.png,89.375,1.0,csv,csv_000006762,13
data\training_data\6763.png,89.375,1.0,csv,csv_000006763,13
data\training_data\6764.png,89.375,1.0,csv,csv_000006764,13
data\training_data\6765.png,93.75,1.0,csv,csv_000006765,13
data\training_data\6766.png,80.625,1.0,csv,csv_000006766,13
data\training_data\6767.png,89.375,1.0,csv,csv_000006767,13
data\training_data\6768.png,80.625,1.0,csv,csv_000006768,13
data\training_data\6769.png,102.5,1.0,csv,csv_000006769,13
data\training_data\6770.png,80.625,1.0,csv,csv_000006770,13
data\training_data\6771.png,63.125,1.0,csv,csv_000006771,13
data\training_data\6772.png,102.5,1.0,csv,csv_000006772,13
data\training_data\6773.png,85.0,1.0,csv,csv_000006773,13
data\training_data\6774.png,80.625,1.0,csv,csv_000006774,13
data\training_data\6775.png,89.375,1.0,csv,csv_000006775,13
data\training_data\6776.png,85.0,1.0,csv,csv_000006776,13
data\training_data\6777.png,98.125,1.0,csv,csv_000006777,13
data\training_data\6778.png,102.5,0.0,csv,csv_000006778,13
data\training_data\6779.png,58.75,1.0,csv,csv_000006779,13
data\training_data\6780.png,93.75,1.0,csv,csv_000006780,13
data\training_data\6781.png,85.0,1.0,csv,csv_000006781,13
data\training_data\6782.png,71.875,1.0,csv,csv_000006782,13
data\training_data\6783.png,58.75,1.0,csv,csv_000006783,13
data\training_data\6784.png,80.625,0.0,csv,csv_000006784,13
data\training_data\6785.png,98.125,1.0,csv,csv_000006785,13
data\training_data\6786.png,89.375,1.0,csv,csv_000006786,13
data\training_data\6787.png,85.0,0.0,csv,csv_000006787,13
data\training_data\6788.png,76.25,1.0,csv,csv_000006788,13
data\training_data\6789.png,106.875,1.0,csv,csv_000006789,13
data\training_data\6790.png,102.5,1.0,csv,csv_000006790,13
data\training_data\6791.png,85.0,1.0,csv,csv_000006791,13
data\training_data\6792.png,58.75,1.0,csv,csv_000006792,13
data\training_data\6793.png,89.375,1.0,csv,csv_000006793,13
data\training_data\6794.png,102.5,0.0,csv,csv_000006794,13
data\training_data\6795.png,54.375,1.0,csv,csv_000006795,13
data\training_data\6796.png,111.25,1.0,csv,csv_000006796,13
data\training_data\6797.png,54.375,1.0,csv,csv_000006797,13
data\training_data\6798.png,98.125,1.0,csv,csv_000006798,13
data\training_data\6799.png,102.5,1.0,csv,csv_000006799,13
data\training_data\6800.png,106.875,1.0,csv,csv_000006800,13
data\training_data\6801.png,85.0,1.0,csv,csv_000006801,13
data\training_data\6802.png,106.875,1.0,csv,csv_000006802,13
data\training_data\6803.png,89.375,1.0,csv,csv_000006803,13
data\training_data\6804.png,85.0,1.0,csv,csv_000006804,13
data\training_data\6805.png,85.0,0.0,csv,csv_000006805,13
data\training_data\6806.png,58.75,1.0,csv,csv_000006806,13
data\training_data\6807.png,106.875,1.0,csv,csv_000006807,13
data\training_data\6808.png,102.5,0.0,csv,csv_000006808,13
data\training_data\6809.png,71.875,1.0,csv,csv_000006809,13
data\training_data\6810.png,85.0,0.0,csv,csv_000006810,13
data\training_data\6811.png,76.25,1.0,csv,csv_000006811,13
data\training_data\6812.png,85.0,0.0,csv,csv_000006812,13
data\training_data\6813.png,67.5,1.0,csv,csv_000006813,13
data\training_data\6814.png,102.5,1.0,csv,csv_000006814,13
data\training_data\6815.png,106.875,1.0,csv,csv_000006815,13
data\training_data\6816.png,98.125,1.0,csv,csv_000006816,13
data\training_data\6817.png,106.875,1.0,csv,csv_000006817,13
data\training_data\6818.png,58.75,1.0,csv,csv_000006818,13
data\training_data\6819.png,76.25,1.0,csv,csv_000006819,13
data\training_data\6820.png,85.0,1.0,csv,csv_000006820,13
data\training_data\6821.png,63.125,1.0,csv,csv_000006821,13
data\training_data\6822.png,106.875,1.0,csv,csv_000006822,13
data\training_data\6823.png,102.5,1.0,csv,csv_000006823,13
data\training_data\6824.png,85.0,0.0,csv,csv_000006824,13
data\training_data\6825.png,85.0,1.0,csv,csv_000006825,13
data\training_data\6826.png,89.375,0.0,csv,csv_000006826,13
data\training_data\6827.png,85.0,0.0,csv,csv_000006827,13
data\training_data\6828.png,80.625,1.0,csv,csv_000006828,13
data\training_data\6829.png,102.5,1.0,csv,csv_000006829,13
data\training_data\6830.png,85.0,1.0,csv,csv_000006830,13
data\training_data\6831.png,54.375,1.0,csv,csv_000006831,13
data\training_data\6832.png,80.625,1.0,csv,csv_000006832,13
data\training_data\6833.png,80.625,1.0,csv,csv_000006833,13
data\training_data\6834.png,93.75,1.0,csv,csv_000006834,13
data\training_data\6835.png,89.375,1.0,csv,csv_000006835,13
data\training_data\6836.png,85.0,0.0,csv,csv_000006836,13
data\training_data\6837.png,106.875,1.0,csv,csv_000006837,13
data\training_data\6838.png,89.375,1.0,csv,csv_000006838,13
data\training_data\6839.png,102.5,1.0,csv,csv_000006839,13
data\training_data\6840.png,85.0,1.0,csv,csv_000006840,13
data\training_data\6841.png,85.0,0.0,csv,csv_000006841,13
data\training_data\6842.png,89.375,0.0,csv,csv_000006842,13
data\training_data\6843.png,58.75,1.0,csv,csv_000006843,13
data\training_data\6844.png,85.0,0.0,csv,csv_000006844,13
data\training_data\6845.png,85.0,0.0,csv,csv_000006845,13
data\training_data\6846.png,54.375,1.0,csv,csv_000006846,13
data\training_data\6847.png,102.5,1.0,csv,csv_000006847,13
data\training_data\6848.png,80.625,1.0,csv,csv_000006848,13
data\training_data\6849.png,89.375,1.0,csv,csv_000006849,13
data\training_data\6850.png,102.5,1.0,csv,csv_000006850,13
data\training_data\6851.png,85.0,0.0,csv,csv_000006851,13
data\training_data\6852.png,85.0,0.0,csv,csv_000006852,13
data\training_data\6853.png,98.125,1.0,csv,csv_000006853,13
data\training_data\6854.png,102.5,1.0,csv,csv_000006854,13
data\training_data\6855.png,80.625,1.0,csv,csv_000006855,13
data\training_data\6856.png,85.0,0.0,csv,csv_000006856,13
data\training_data\6857.png,85.0,1.0,csv,csv_000006857,13
data\training_data\6858.png,89.375,1.0,csv,csv_000006858,13
data\training_data\6859.png,89.375,1.0,csv,csv_000006859,13
data\training_data\6860.png,85.0,1.0,csv,csv_000006860,13
data\training_data\6861.png,98.125,1.0,csv,csv_000006861,13
data\training_data\6862.png,93.75,1.0,csv,csv_000006862,13
data\training_data\6863.png,93.75,1.0,csv,csv_000006863,13
data\training_data\6864.png,102.5,1.0,csv,csv_000006864,13
data\training_data\6865.png,98.125,1.0,csv,csv_000006865,13
data\training_data\6866.png,85.0,1.0,csv,csv_000006866,13
data\training_data\6867.png,63.125,1.0,csv,csv_000006867,13
data\training_data\6868.png,63.125,1.0,csv,csv_000006868,13
data\training_data\6869.png,106.875,1.0,csv,csv_000006869,13
data\training_data\6870.png,89.375,1.0,csv,csv_000006870,13
data\training_data\6871.png,98.125,1.0,csv,csv_000006871,13
data\training_data\6872.png,58.75,1.0,csv,csv_000006872,13
data\training_data\6873.png,85.0,0.0,csv,csv_000006873,13
data\training_data\6874.png,106.875,1.0,csv,csv_000006874,13
data\training_data\6875.png,106.875,1.0,csv,csv_000006875,13
data\training_data\6876.png,93.75,1.0,csv,csv_000006876,13
data\training_data\6877.png,89.375,1.0,csv,csv_000006877,13
data\training_data\6878.png,93.75,0.0,csv,csv_000006878,13
data\training_data\6879.png,63.125,0.0,csv,csv_000006879,13
data\training_data\6880.png,89.375,1.0,csv,csv_000006880,13
data\training_data\6881.png,76.25,1.0,csv,csv_000006881,13
data\training_data\6882.png,89.375,1.0,csv,csv_000006882,13
data\training_data\6883.png,106.875,1.0,csv,csv_000006883,13
data\training_data\6884.png,106.875,1.0,csv,csv_000006884,13
data\training_data\6885.png,85.0,1.0,csv,csv_000006885,13
data\training_data\6886.png,58.75,0.0,csv,csv_000006886,13
data\training_data\6887.png,98.125,1.0,csv,csv_000006887,13
data\training_data\6888.png,98.125,0.0,csv,csv_000006888,13
data\training_data\6889.png,102.5,0.0,csv,csv_000006889,13
data\training_data\6890.png,85.0,1.0,csv,csv_000006890,13
data\training_data\6891.png,58.75,1.0,csv,csv_000006891,13
data\training_data\6892.png,120.0,0.0,csv,csv_000006892,13
data\training_data\6893.png,89.375,1.0,csv,csv_000006893,13
data\training_data\6894.png,102.5,0.0,csv,csv_000006894,13
data\training_data\6895.png,58.75,1.0,csv,csv_000006895,13
data\training_data\6896.png,80.625,1.0,csv,csv_000006896,13
data\training_data\6897.png,54.375,1.0,csv,csv_000006897,13
data\training_data\6898.png,93.75,1.0,csv,csv_000006898,13
data\training_data\6899.png,50.0,1.0,csv,csv_000006899,13
data\training_data\6900.png,89.375,0.0,csv,csv_000006900,13
data\training_data\6901.png,106.875,1.0,csv,csv_000006901,13
data\training_data\6902.png,50.0,1.0,csv,csv_000006902,13
data\training_data\6903.png,58.75,1.0,csv,csv_000006903,13
data\training_data\6904.png,58.75,1.0,csv,csv_000006904,13
data\training_data\6905.png,85.0,1.0,csv,csv_000006905,13
data\training_data\6906.png,85.0,0.0,csv,csv_000006906,13
data\training_data\6907.png,58.75,1.0,csv,csv_000006907,13
data\training_data\6908.png,106.875,1.0,csv,csv_000006908,13
data\training_data\6909.png,58.75,1.0,csv,csv_000006909,13
data\training_data\6910.png,115.625,1.0,csv,csv_000006910,13
data\training_data\6911.png,85.0,0.0,csv,csv_000006911,13
data\training_data\6912.png,106.875,1.0,csv,csv_000006912,13
data\training_data\6913.png,102.5,1.0,csv,csv_000006913,13
data\training_data\6914.png,89.375,1.0,csv,csv_000006914,13
data\training_data\6915.png,85.0,0.0,csv,csv_000006915,13
data\training_data\6916.png,102.5,0.0,csv,csv_000006916,13
data\training_data\6917.png,71.875,0.0,csv,csv_000006917,13
data\training_data\6918.png,85.0,0.0,csv,csv_000006918,13
data\training_data\6919.png,98.125,0.0,csv,csv_000006919,13
data\training_data\6920.png,85.0,1.0,csv,csv_000006920,13
data\training_data\6921.png,89.375,1.0,csv,csv_000006921,13
data\training_data\6922.png,67.5,1.0,csv,csv_000006922,13
data\training_data\6923.png,98.125,0.0,csv,csv_000006923,13
data\training_data\6924.png,76.25,1.0,csv,csv_000006924,13
data\training_data\6925.png,85.0,1.0,csv,csv_000006925,13
data\training_data\6926.png,54.375,1.0,csv,csv_000006926,13
data\training_data\6927.png,106.875,1.0,csv,csv_000006927,13
data\training_data\6928.png,85.0,0.0,csv,csv_000006928,13
data\training_data\6929.png,67.5,1.0,csv,csv_000006929,13
data\training_data\6930.png,85.0,0.0,csv,csv_000006930,13
data\training_data\6931.png,85.0,1.0,csv,csv_000006931,13
data\training_data\6932.png,80.625,1.0,csv,csv_000006932,13
data\training_data\6933.png,85.0,0.0,csv,csv_000006933,13
data\training_data\6934.png,102.5,1.0,csv,csv_000006934,13
data\training_data\6935.png,67.5,1.0,csv,csv_000006935,13
data\training_data\6936.png,71.875,1.0,csv,csv_000006936,13
data\training_data\6937.png,85.0,1.0,csv,csv_000006937,13
data\training_data\6938.png,93.75,1.0,csv,csv_000006938,13
data\training_data\6939.png,93.75,1.0,csv,csv_000006939,13
data\training_data\6940.png,102.5,1.0,csv,csv_000006940,13
data\training_data\6941.png,106.875,1.0,csv,csv_000006941,13
data\training_data\6942.png,85.0,1.0,csv,csv_000006942,13
data\training_data\6943.png,102.5,1.0,csv,csv_000006943,13
data\training_data\6944.png,85.0,1.0,csv,csv_000006944,13
data\training_data\6945.png,102.5,0.0,csv,csv_000006945,13
data\training_data\6946.png,106.875,1.0,csv,csv_000006946,13
data\training_data\6947.png,58.75,0.0,csv,csv_000006947,13
data\training_data\6948.png,111.25,1.0,csv,csv_000006948,13
data\training_data\6949.png,85.0,0.0,csv,csv_000006949,13
data\training_data\6950.png,85.0,1.0,csv,csv_000006950,13
data\training_data\6951.png,85.0,1.0,csv,csv_000006951,13
data\training_data\6952.png,80.625,1.0,csv,csv_000006952,13
data\training_data\6953.png,89.375,1.0,csv,csv_000006953,13
data\training_data\6954.png,80.625,1.0,csv,csv_000006954,13
data\training_data\6955.png,111.25,0.0,csv,csv_000006955,13
data\training_data\6956.png,85.0,1.0,csv,csv_000006956,13
data\training_data\6957.png,98.125,1.0,csv,csv_000006957,13
data\training_data\6958.png,54.375,1.0,csv,csv_000006958,13
data\training_data\6959.png,89.375,1.0,csv,csv_000006959,13
data\training_data\6960.png,106.875,1.0,csv,csv_000006960,13
data\training_data\6961.png,85.0,0.0,csv,csv_000006961,13
data\training_data\6962.png,85.0,1.0,csv,csv_000006962,13
data\training_data\6963.png,89.375,1.0,csv,csv_000006963,13
data\training_data\6964.png,80.625,1.0,csv,csv_000006964,13
data\training_data\6965.png,50.0,1.0,csv,csv_000006965,13
data\training_data\6966.png,85.0,0.0,csv,csv_000006966,13
data\training_data\6967.png,76.25,1.0,csv,csv_000006967,13
data\training_data\6968.png,85.0,0.0,csv,csv_000006968,13
data\training_data\6969.png,85.0,1.0,csv,csv_000006969,13
data\training_data\6970.png,85.0,1.0,csv,csv_000006970,13
data\training_data\6971.png,76.25,1.0,csv,csv_000006971,13
data\training_data\6972.png,98.125,1.0,csv,csv_000006972,13
data\training_data\6973.png,76.25,1.0,csv,csv_000006973,13
data\training_data\6974.png,85.0,1.0,csv,csv_000006974,13
data\training_data\6975.png,54.375,1.0,csv,csv_000006975,13
data\training_data\6976.png,85.0,0.0,csv,csv_000006976,13
data\training_data\6977.png,106.875,0.0,csv,csv_000006977,13
data\training_data\6978.png,80.625,1.0,csv,csv_000006978,13
data\training_data\6979.png,85.0,1.0,csv,csv_000006979,13
data\training_data\6980.png,93.75,1.0,csv,csv_000006980,13
data\training_data\6981.png,58.75,1.0,csv,csv_000006981,13
data\training_data\6982.png,98.125,1.0,csv,csv_000006982,13
data\training_data\6983.png,102.5,0.0,csv,csv_000006983,13
data\training_data\6984.png,93.75,1.0,csv,csv_000006984,13
data\training_data\6985.png,106.875,1.0,csv,csv_000006985,13
data\training_data\6986.png,102.5,1.0,csv,csv_000006986,13
data\training_data\6987.png,63.125,1.0,csv,csv_000006987,13
data\training_data\6988.png,58.75,1.0,csv,csv_000006988,13
data\training_data\6989.png,93.75,1.0,csv,csv_000006989,13
data\training_data\6990.png,102.5,1.0,csv,csv_000006990,13
data\training_data\6991.png,111.25,0.0,csv,csv_000006991,13
data\training_data\6992.png,93.75,1.0,csv,csv_000006992,13
data\training_data\6993.png,89.375,1.0,csv,csv_000006993,13
data\training_data\6994.png,106.875,1.0,csv,csv_000006994,13
data\training_data\6995.png,58.75,1.0,csv,csv_000006995,13
data\training_data\6996.png,120.0,1.0,csv,csv_000006996,13
data\training_data\6997.png,67.5,1.0,csv,csv_000006997,13
data\training_data\6998.png,67.5,1.0,csv,csv_000006998,13
data\training_data\6999.png,76.25,1.0,csv,csv_000006999,13
data\training_data\7000.png,102.5,0.0,csv,csv_000007000,13
data\training_data\7001.png,102.5,1.0,csv,csv_000007001,13
data\training_data\7002.png,106.875,1.0,csv,csv_000007002,13
data\training_data\7003.png,63.125,1.0,csv,csv_000007003,13
data\training_data\7004.png,102.5,1.0,csv,csv_000007004,13
data\training_data\7005.png,111.25,0.0,csv,csv_000007005,13
data\training_data\7006.png,85.0,0.0,csv,csv_000007006,13
data\training_data\7007.png,71.875,1.0,csv,csv_000007007,13
data\training_data\7008.png,80.625,0.0,csv,csv_000007008,13
data\training_data\7009.png,106.875,1.0,csv,csv_000007009,13
data\training_data\7010.png,85.0,1.0,csv,csv_000007010,13
data\training_data\7011.png,89.375,1.0,csv,csv_000007011,13
data\training_data\7012.png,67.5,1.0,csv,csv_000007012,13
data\training_data\7013.png,85.0,0.0,csv,csv_000007013,13
data\training_data\7014.png,111.25,0.0,csv,csv_000007014,13
data\training_data\7015.png,93.75,1.0,csv,csv_000007015,13
data\training_data\7016.png,106.875,0.0,csv,csv_000007016,13
data\training_data\7017.png,50.0,1.0,csv,csv_000007017,13
data\training_data\7018.png,102.5,1.0,csv,csv_000007018,13
data\training_data\7019.png,85.0,1.0,csv,csv_000007019,13
data\training_data\7020.png,111.25,1.0,csv,csv_000007020,13
data\training_data\7021.png,67.5,0.0,csv,csv_000007021,13
data\training_data\7022.png,102.5,1.0,csv,csv_000007022,14
data\training_data\7023.png,85.0,0.0,csv,csv_000007023,14
data\training_data\7024.png,98.125,0.0,csv,csv_000007024,14
data\training_data\7025.png,89.375,1.0,csv,csv_000007025,14
data\training_data\7026.png,98.125,1.0,csv,csv_000007026,14
data\training_data\7027.png,102.5,1.0,csv,csv_000007027,14
data\training_data\7028.png,58.75,0.0,csv,csv_000007028,14
data\training_data\7029.png,85.0,1.0,csv,csv_000007029,14
data\training_data\7030.png,102.5,1.0,csv,csv_000007030,14
data\training_data\7031.png,102.5,0.0,csv,csv_000007031,14
data\training_data\7032.png,85.0,1.0,csv,csv_000007032,14
data\training_data\7033.png,76.25,0.0,csv,csv_000007033,14
data\training_data\7034.png,89.375,0.0,csv,csv_000007034,14
data\training_data\7035.png,102.5,1.0,csv,csv_000007035,14
data\training_data\7036.png,54.375,1.0,csv,csv_000007036,14
data\training_data\7038.png,98.125,1.0,csv,csv_000007038,14
data\training_data\7039.png,111.25,1.0,csv,csv_000007039,14
data\training_data\7040.png,106.875,0.0,csv,csv_000007040,14
data\training_data\7041.png,85.0,0.0,csv,csv_000007041,14
data\training_data\7042.png,85.0,1.0,csv,csv_000007042,14
data\training_data\7043.png,85.0,1.0,csv,csv_000007043,14
data\training_data\7044.png,106.875,0.0,csv,csv_000007044,14
data\training_data\7045.png,89.375,0.0,csv,csv_000007045,14
data\training_data\7046.png,89.375,1.0,csv,csv_000007046,14
data\training_data\7047.png,89.375,1.0,csv,csv_000007047,14
data\training_data\7048.png,58.75,1.0,csv,csv_000007048,14
data\training_data\7049.png,80.625,1.0,csv,csv_000007049,14
data\training_data\7050.png,102.5,1.0,csv,csv_000007050,14
data\training_data\7051.png,106.875,1.0,csv,csv_000007051,14
data\training_data\7052.png,80.625,1.0,csv,csv_000007052,14
data\training_data\7053.png,98.125,1.0,csv,csv_000007053,14
data\training_data\7054.png,89.375,1.0,csv,csv_000007054,14
data\training_data\7055.png,106.875,1.0,csv,csv_000007055,14
data\training_data\7056.png,93.75,1.0,csv,csv_000007056,14
data\training_data\7057.png,102.5,1.0,csv,csv_000007057,14
data\training_data\7058.png,85.0,1.0,csv,csv_000007058,14
data\training_data\7059.png,106.875,1.0,csv,csv_000007059,14
data\training_data\7060.png,89.375,1.0,csv,csv_000007060,14
data\training_data\7061.png,89.375,0.0,csv,csv_000007061,14
data\training_data\7062.png,102.5,1.0,csv,csv_000007062,14
data\training_data\7063.png,111.25,0.0,csv,csv_000007063,14
data\training_data\7064.png,102.5,1.0,csv,csv_000007064,14
data\training_data\7065.png,58.75,1.0,csv,csv_000007065,14
data\training_data\7066.png,85.0,0.0,csv,csv_000007066,14
data\training_data\7067.png,54.375,1.0,csv,csv_000007067,14
data\training_data\7068.png,54.375,1.0,csv,csv_000007068,14
data\training_data\7069.png,63.125,1.0,csv,csv_000007069,14
data\training_data\7070.png,98.125,1.0,csv,csv_000007070,14
data\training_data\7071.png,67.5,1.0,csv,csv_000007071,14
data\training_data\7072.png,93.75,1.0,csv,csv_000007072,14
data\training_data\7073.png,85.0,1.0,csv,csv_000007073,14
data\training_data\7074.png,93.75,1.0,csv,csv_000007074,14
data\training_data\7075.png,85.0,0.0,csv,csv_000007075,14
data\training_data\7076.png,67.5,1.0,csv,csv_000007076,14
data\training_data\7077.png,50.0,1.0,csv,csv_000007077,14
data\training_data\7078.png,93.75,1.0,csv,csv_000007078,14
data\training_data\7079.png,76.25,0.0,csv,csv_000007079,14
data\training_data\7080.png,89.375,1.0,csv,csv_000007080,14
data\training_data\7081.png,102.5,1.0,csv,csv_000007081,14
data\training_data\7082.png,102.5,1.0,csv,csv_000007082,14
data\training_data\7083.png,85.0,1.0,csv,csv_000007083,14
data\training_data\7084.png,93.75,1.0,csv,csv_000007084,14
data\training_data\7085.png,102.5,1.0,csv,csv_000007085,14
data\training_data\7086.png,85.0,1.0,csv,csv_000007086,14
data\training_data\7087.png,93.75,1.0,csv,csv_000007087,14
data\training_data\7088.png,85.0,0.0,csv,csv_000007088,14
data\training_data\7089.png,93.75,1.0,csv,csv_000007089,14
data\training_data\7090.png,106.875,1.0,csv,csv_000007090,14
data\training_data\7091.png,93.75,1.0,csv,csv_000007091,14
data\training_data\7092.png,85.0,1.0,csv,csv_000007092,14
data\training_data\7093.png,58.75,1.0,csv,csv_000007093,14
data\training_data\7094.png,102.5,1.0,csv,csv_000007094,14
data\training_data\7095.png,76.25,0.0,csv,csv_000007095,14
data\training_data\7096.png,85.0,1.0,csv,csv_000007096,14
data\training_data\7097.png,85.0,1.0,csv,csv_000007097,14
data\training_data\7098.png,115.625,1.0,csv,csv_000007098,14
data\training_data\7099.png,85.0,1.0,csv,csv_000007099,14
data\training_data\7100.png,85.0,1.0,csv,csv_000007100,14
data\training_data\7101.png,76.25,0.0,csv,csv_000007101,14
data\training_data\7102.png,54.375,1.0,csv,csv_000007102,14
data\training_data\7103.png,58.75,0.0,csv,csv_000007103,14
data\training_data\7104.png,89.375,1.0,csv,csv_000007104,14
data\training_data\7105.png,80.625,1.0,csv,csv_000007105,14
data\training_data\7106.png,89.375,1.0,csv,csv_000007106,14
data\training_data\7107.png,102.5,1.0,csv,csv_000007107,14
data\training_data\7108.png,85.0,1.0,csv,csv_000007108,14
data\training_data\7109.png,93.75,1.0,csv,csv_000007109,14
data\training_data\7110.png,89.375,1.0,csv,csv_000007110,14
data\training_data\7111.png,98.125,1.0,csv,csv_000007111,14
data\training_data\7112.png,102.5,1.0,csv,csv_000007112,14
data\training_data\7113.png,85.0,1.0,csv,csv_000007113,14
data\training_data\7114.png,85.0,1.0,csv,csv_000007114,14
data\training_data\7115.png,89.375,1.0,csv,csv_000007115,14
data\training_data\7116.png,85.0,0.0,csv,csv_000007116,14
data\training_data\7117.png,111.25,1.0,csv,csv_000007117,14
data\training_data\7118.png,98.125,0.0,csv,csv_000007118,14
data\training_data\7119.png,93.75,1.0,csv,csv_000007119,14
data\training_data\7120.png,102.5,1.0,csv,csv_000007120,14
data\training_data\7121.png,89.375,1.0,csv,csv_000007121,14
data\training_data\7122.png,106.875,0.0,csv,csv_000007122,14
data\training_data\7123.png,120.0,1.0,csv,csv_000007123,14
data\training_data\7124.png,106.875,1.0,csv,csv_000007124,14
data\training_data\7125.png,85.0,0.0,csv,csv_000007125,14
data\training_data\7126.png,102.5,0.0,csv,csv_000007126,14
data\training_data\7127.png,85.0,0.0,csv,csv_000007127,14
data\training_data\7128.png,98.125,1.0,csv,csv_000007128,14
data\training_data\7129.png,76.25,1.0,csv,csv_000007129,14
data\training_data\7130.png,89.375,1.0,csv,csv_000007130,14
data\training_data\7131.png,106.875,1.0,csv,csv_000007131,14
data\training_data\7132.png,89.375,0.0,csv,csv_000007132,14
data\training_data\7133.png,80.625,1.0,csv,csv_000007133,14
data\training_data\7134.png,102.5,1.0,csv,csv_000007134,14
data\training_data\7135.png,89.375,1.0,csv,csv_000007135,14
data\training_data\7136.png,89.375,1.0,csv,csv_000007136,14
data\training_data\7137.png,111.25,1.0,csv,csv_000007137,14
data\training_data\7138.png,89.375,1.0,csv,csv_000007138,14
data\training_data\7139.png,63.125,1.0,csv,csv_000007139,14
data\training_data\7140.png,50.0,1.0,csv,csv_000007140,14
data\training_data\7141.png,111.25,1.0,csv,csv_000007141,14
data\training_data\7142.png,85.0,0.0,csv,csv_000007142,14
data\training_data\7143.png,80.625,1.0,csv,csv_000007143,14
data\training_data\7144.png,58.75,1.0,csv,csv_000007144,14
data\training_data\7145.png,67.5,1.0,csv,csv_000007145,14
data\training_data\7146.png,58.75,1.0,csv,csv_000007146,14
data\training_data\7147.png,85.0,1.0,csv,csv_000007147,14
data\training_data\7148.png,111.25,1.0,csv,csv_000007148,14
data\training_data\7149.png,93.75,1.0,csv,csv_000007149,14
data\training_data\7150.png,85.0,1.0,csv,csv_000007150,14
data\training_data\7151.png,58.75,1.0,csv,csv_000007151,14
data\training_data\7152.png,93.75,1.0,csv,csv_000007152,14
data\training_data\7153.png,89.375,1.0,csv,csv_000007153,14
data\training_data\7154.png,89.375,1.0,csv,csv_000007154,14
data\training_data\7155.png,111.25,1.0,csv,csv_000007155,14
data\training_data\7156.png,80.625,1.0,csv,csv_000007156,14
data\training_data\7157.png,89.375,1.0,csv,csv_000007157,14
data\training_data\7158.png,58.75,1.0,csv,csv_000007158,14
data\training_data\7159.png,102.5,1.0,csv,csv_000007159,14
data\training_data\7160.png,80.625,1.0,csv,csv_000007160,14
data\training_data\7161.png,89.375,1.0,csv,csv_000007161,14
data\training_data\7162.png,80.625,1.0,csv,csv_000007162,14
data\training_data\7163.png,102.5,1.0,csv,csv_000007163,14
data\training_data\7164.png,58.75,1.0,csv,csv_000007164,14
data\training_data\7165.png,106.875,1.0,csv,csv_000007165,14
data\training_data\7166.png,85.0,0.0,csv,csv_000007166,14
data\training_data\7167.png,63.125,1.0,csv,csv_000007167,14
data\training_data\7168.png,102.5,1.0,csv,csv_000007168,14
data\training_data\7169.png,54.375,1.0,csv,csv_000007169,14
data\training_data\7170.png,106.875,1.0,csv,csv_000007170,14
data\training_data\7171.png,98.125,1.0,csv,csv_000007171,14
data\training_data\7172.png,85.0,1.0,csv,csv_000007172,14
data\training_data\7173.png,80.625,1.0,csv,csv_000007173,14
data\training_data\7174.png,98.125,1.0,csv,csv_000007174,14
data\training_data\7175.png,102.5,0.0,csv,csv_000007175,14
data\training_data\7176.png,89.375,1.0,csv,csv_000007176,14
data\training_data\7177.png,102.5,1.0,csv,csv_000007177,14
data\training_data\7178.png,115.625,1.0,csv,csv_000007178,14
data\training_data\7179.png,85.0,1.0,csv,csv_000007179,14
data\training_data\7180.png,89.375,0.0,csv,csv_000007180,14
data\training_data\7181.png,106.875,1.0,csv,csv_000007181,14
data\training_data\7182.png,106.875,1.0,csv,csv_000007182,14
data\training_data\7183.png,102.5,1.0,csv,csv_000007183,14
data\training_data\7184.png,58.75,0.0,csv,csv_000007184,14
data\training_data\7185.png,85.0,1.0,csv,csv_000007185,14
data\training_data\7186.png,89.375,1.0,csv,csv_000007186,14
data\training_data\7187.png,111.25,0.0,csv,csv_000007187,14
data\training_data\7188.png,89.375,1.0,csv,csv_000007188,14
data\training_data\7189.png,50.0,0.0,csv,csv_000007189,14
data\training_data\7190.png,63.125,1.0,csv,csv_000007190,14
data\training_data\7191.png,111.25,1.0,csv,csv_000007191,14
data\training_data\7192.png,58.75,1.0,csv,csv_000007192,14
data\training_data\7193.png,85.0,1.0,csv,csv_000007193,14
data\training_data\7194.png,115.625,1.0,csv,csv_000007194,14
data\training_data\7195.png,106.875,1.0,csv,csv_000007195,14
data\training_data\7196.png,93.75,1.0,csv,csv_000007196,14
data\training_data\7197.png,102.5,1.0,csv,csv_000007197,14
data\training_data\7198.png,106.875,1.0,csv,csv_000007198,14
data\training_data\7199.png,76.25,1.0,csv,csv_000007199,14
data\training_data\7200.png,85.0,1.0,csv,csv_000007200,14
data\training_data\7201.png,102.5,1.0,csv,csv_000007201,14
data\training_data\7202.png,93.75,1.0,csv,csv_000007202,14
data\training_data\7203.png,89.375,1.0,csv,csv_000007203,14
data\training_data\7204.png,98.125,1.0,csv,csv_000007204,14
data\training_data\7205.png,102.5,1.0,csv,csv_000007205,14
data\training_data\7206.png,71.875,0.0,csv,csv_000007206,14
data\training_data\7207.png,98.125,1.0,csv,csv_000007207,14
data\training_data\7208.png,93.75,1.0,csv,csv_000007208,14
data\training_data\7209.png,85.0,1.0,csv,csv_000007209,14
data\training_data\7210.png,106.875,1.0,csv,csv_000007210,14
data\training_data\7211.png,98.125,1.0,csv,csv_000007211,14
data\training_data\7212.png,85.0,0.0,csv,csv_000007212,14
data\training_data\7213.png,85.0,1.0,csv,csv_000007213,14
data\training_data\7214.png,106.875,1.0,csv,csv_000007214,14
data\training_data\7215.png,89.375,1.0,csv,csv_000007215,14
data\training_data\7216.png,85.0,1.0,csv,csv_000007216,14
data\training_data\7217.png,58.75,1.0,csv,csv_000007217,14
data\training_data\7218.png,111.25,1.0,csv,csv_000007218,14
data\training_data\7219.png,93.75,1.0,csv,csv_000007219,14
data\training_data\7220.png,106.875,1.0,csv,csv_000007220,14
data\training_data\7221.png,93.75,1.0,csv,csv_000007221,14
data\training_data\7222.png,98.125,0.0,csv,csv_000007222,14
data\training_data\7223.png,85.0,0.0,csv,csv_000007223,14
data\training_data\7224.png,89.375,1.0,csv,csv_000007224,14
data\training_data\7225.png,85.0,1.0,csv,csv_000007225,14
data\training_data\7226.png,106.875,1.0,csv,csv_000007226,14
data\training_data\7227.png,89.375,0.0,csv,csv_000007227,14
data\training_data\7228.png,120.0,1.0,csv,csv_000007228,14
data\training_data\7229.png,50.0,0.0,csv,csv_000007229,14
data\training_data\7230.png,85.0,1.0,csv,csv_000007230,14
data\training_data\7231.png,102.5,1.0,csv,csv_000007231,14
data\training_data\7232.png,80.625,1.0,csv,csv_000007232,14
data\training_data\7233.png,58.75,1.0,csv,csv_000007233,14
data\training_data\7234.png,93.75,1.0,csv,csv_000007234,14
data\training_data\7235.png,58.75,1.0,csv,csv_000007235,14
data\training_data\7236.png,63.125,1.0,csv,csv_000007236,14
data\training_data\7237.png,98.125,0.0,csv,csv_000007237,14
data\training_data\7238.png,111.25,1.0,csv,csv_000007238,14
data\training_data\7239.png,120.0,0.0,csv,csv_000007239,14
data\training_data\7240.png,85.0,0.0,csv,csv_000007240,14
data\training_data\7241.png,102.5,1.0,csv,csv_000007241,14
data\training_data\7242.png,98.125,1.0,csv,csv_000007242,14
data\training_data\7243.png,93.75,1.0,csv,csv_000007243,14
data\training_data\7244.png,85.0,1.0,csv,csv_000007244,14
data\training_data\7245.png,85.0,0.0,csv,csv_000007245,14
data\training_data\7246.png,76.25,1.0,csv,csv_000007246,14
data\training_data\7247.png,80.625,1.0,csv,csv_000007247,14
data\training_data\7248.png,102.5,1.0,csv,csv_000007248,14
data\training_data\7249.png,106.875,1.0,csv,csv_000007249,14
data\training_data\7250.png,89.375,1.0,csv,csv_000007250,14
data\training_data\7251.png,58.75,1.0,csv,csv_000007251,14
data\training_data\7252.png,63.125,1.0,csv,csv_000007252,14
data\training_data\7253.png,89.375,1.0,csv,csv_000007253,14
data\training_data\7254.png,58.75,1.0,csv,csv_000007254,14
data\training_data\7255.png,85.0,1.0,csv,csv_000007255,14
data\training_data\7256.png,54.375,1.0,csv,csv_000007256,14
data\training_data\7257.png,67.5,1.0,csv,csv_000007257,14
data\training_data\7258.png,89.375,1.0,csv,csv_000007258,14
data\training_data\7259.png,89.375,1.0,csv,csv_000007259,14
data\training_data\7260.png,63.125,1.0,csv,csv_000007260,14
data\training_data\7261.png,102.5,0.0,csv,csv_000007261,14
data\training_data\7262.png,89.375,1.0,csv,csv_000007262,14
data\training_data\7263.png,106.875,1.0,csv,csv_000007263,14
data\training_data\7264.png,102.5,1.0,csv,csv_000007264,14
data\training_data\7265.png,98.125,1.0,csv,csv_000007265,14
data\training_data\7266.png,85.0,0.0,csv,csv_000007266,14
data\training_data\7267.png,93.75,0.0,csv,csv_000007267,14
data\training_data\7268.png,98.125,1.0,csv,csv_000007268,14
data\training_data\7269.png,111.25,0.0,csv,csv_000007269,14
data\training_data\7270.png,98.125,1.0,csv,csv_000007270,14
data\training_data\7271.png,89.375,1.0,csv,csv_000007271,14
data\training_data\7272.png,106.875,1.0,csv,csv_000007272,14
data\training_data\7273.png,85.0,1.0,csv,csv_000007273,14
data\training_data\7274.png,85.0,0.0,csv,csv_000007274,14
data\training_data\7275.png,106.875,0.0,csv,csv_000007275,14
data\training_data\7276.png,106.875,1.0,csv,csv_000007276,14
data\training_data\7277.png,102.5,1.0,csv,csv_000007277,14
data\training_data\7278.png,89.375,1.0,csv,csv_000007278,14
data\training_data\7279.png,111.25,1.0,csv,csv_000007279,14
data\training_data\7280.png,115.625,1.0,csv,csv_000007280,14
data\training_data\7281.png,54.375,1.0,csv,csv_000007281,14
data\training_data\7282.png,85.0,1.0,csv,csv_000007282,14
data\training_data\7283.png,71.875,1.0,csv,csv_000007283,14
data\training_data\7284.png,115.625,1.0,csv,csv_000007284,14
data\training_data\7285.png,102.5,1.0,csv,csv_000007285,14
data\training_data\7286.png,85.0,1.0,csv,csv_000007286,14
data\training_data\7287.png,54.375,1.0,csv,csv_000007287,14
data\training_data\7288.png,67.5,1.0,csv,csv_000007288,14
data\training_data\7289.png,106.875,1.0,csv,csv_000007289,14
data\training_data\7290.png,71.875,1.0,csv,csv_000007290,14
data\training_data\7291.png,98.125,1.0,csv,csv_000007291,14
data\training_data\7292.png,58.75,1.0,csv,csv_000007292,14
data\training_data\7293.png,106.875,1.0,csv,csv_000007293,14
data\training_data\7294.png,58.75,1.0,csv,csv_000007294,14
data\training_data\7295.png,106.875,1.0,csv,csv_000007295,14
data\training_data\7296.png,102.5,0.0,csv,csv_000007296,14
data\training_data\7297.png,67.5,1.0,csv,csv_000007297,14
data\training_data\7298.png,85.0,1.0,csv,csv_000007298,14
data\training_data\7299.png,102.5,1.0,csv,csv_000007299,14
data\training_data\7300.png,58.75,1.0,csv,csv_000007300,14
data\training_data\7301.png,98.125,1.0,csv,csv_000007301,14
data\training_data\7302.png,67.5,1.0,csv,csv_000007302,14
data\training_data\7303.png,106.875,1.0,csv,csv_000007303,14
data\training_data\7304.png,80.625,1.0,csv,csv_000007304,14
data\training_data\7305.png,98.125,1.0,csv,csv_000007305,14
data\training_data\7306.png,102.5,1.0,csv,csv_000007306,14
data\training_data\7307.png,102.5,0.0,csv,csv_000007307,14
data\training_data\7308.png,106.875,1.0,csv,csv_000007308,14
data\training_data\7309.png,93.75,1.0,csv,csv_000007309,14
data\training_data\7310.png,85.0,1.0,csv,csv_000007310,14
data\training_data\7311.png,93.75,1.0,csv,csv_000007311,14
data\training_data\7312.png,98.125,1.0,csv,csv_000007312,14
data\training_data\7313.png,54.375,1.0,csv,csv_000007313,14
data\training_data\7314.png,85.0,1.0,csv,csv_000007314,14
data\training_data\7315.png,102.5,1.0,csv,csv_000007315,14
data\training_data\7316.png,89.375,1.0,csv,csv_000007316,14
data\training_data\7317.png,80.625,1.0,csv,csv_000007317,14
data\training_data\7318.png,111.25,0.0,csv,csv_000007318,14
data\training_data\7319.png,67.5,1.0,csv,csv_000007319,14
data\training_data\7320.png,85.0,1.0,csv,csv_000007320,14
data\training_data\7321.png,98.125,1.0,csv,csv_000007321,14
data\training_data\7322.png,85.0,1.0,csv,csv_000007322,14
data\training_data\7323.png,102.5,1.0,csv,csv_000007323,14
data\training_data\7324.png,85.0,1.0,csv,csv_000007324,14
data\training_data\7325.png,89.375,1.0,csv,csv_000007325,14
data\training_data\7326.png,54.375,1.0,csv,csv_000007326,14
data\training_data\7327.png,106.875,1.0,csv,csv_000007327,14
data\training_data\7328.png,93.75,1.0,csv,csv_000007328,14
data\training_data\7329.png,63.125,1.0,csv,csv_000007329,14
data\training_data\7330.png,85.0,1.0,csv,csv_000007330,14
data\training_data\7331.png,76.25,1.0,csv,csv_000007331,14
data\training_data\7332.png,58.75,1.0,csv,csv_000007332,14
data\training_data\7333.png,85.0,1.0,csv,csv_000007333,14
data\training_data\7334.png,80.625,1.0,csv,csv_000007334,14
data\training_data\7335.png,98.125,1.0,csv,csv_000007335,14
data\training_data\7336.png,67.5,1.0,csv,csv_000007336,14
data\training_data\7337.png,85.0,1.0,csv,csv_000007337,14
data\training_data\7338.png,58.75,0.0,csv,csv_000007338,14
data\training_data\7339.png,85.0,0.0,csv,csv_000007339,14
data\training_data\7340.png,85.0,1.0,csv,csv_000007340,14
data\training_data\7341.png,98.125,1.0,csv,csv_000007341,14
data\training_data\7342.png,111.25,1.0,csv,csv_000007342,14
data\training_data\7343.png,85.0,0.0,csv,csv_000007343,14
data\training_data\7344.png,111.25,1.0,csv,csv_000007344,14
data\training_data\7345.png,85.0,0.0,csv,csv_000007345,14
data\training_data\7346.png,85.0,0.0,csv,csv_000007346,14
data\training_data\7347.png,93.75,1.0,csv,csv_000007347,14
data\training_data\7348.png,85.0,0.0,csv,csv_000007348,14
data\training_data\7349.png,50.0,1.0,csv,csv_000007349,14
data\training_data\7350.png,89.375,1.0,csv,csv_000007350,14
data\training_data\7351.png,93.75,1.0,csv,csv_000007351,14
data\training_data\7352.png,80.625,1.0,csv,csv_000007352,14
data\training_data\7353.png,89.375,1.0,csv,csv_000007353,14
data\training_data\7354.png,102.5,1.0,csv,csv_000007354,14
data\training_data\7355.png,102.5,0.0,csv,csv_000007355,14
data\training_data\7356.png,80.625,1.0,csv,csv_000007356,14
data\training_data\7357.png,98.125,1.0,csv,csv_000007357,14
data\training_data\7358.png,80.625,1.0,csv,csv_000007358,14
data\training_data\7359.png,80.625,1.0,csv,csv_000007359,14
data\training_data\7360.png,106.875,1.0,csv,csv_000007360,14
data\training_data\7361.png,63.125,1.0,csv,csv_000007361,14
data\training_data\7362.png,98.125,1.0,csv,csv_000007362,14
data\training_data\7363.png,80.625,1.0,csv,csv_000007363,14
data\training_data\7364.png,102.5,1.0,csv,csv_000007364,14
data\training_data\7365.png,98.125,1.0,csv,csv_000007365,14
data\training_data\7366.png,85.0,0.0,csv,csv_000007366,14
data\training_data\7367.png,85.0,1.0,csv,csv_000007367,14
data\training_data\7368.png,85.0,1.0,csv,csv_000007368,14
data\training_data\7369.png,106.875,1.0,csv,csv_000007369,14
data\training_data\7370.png,98.125,1.0,csv,csv_000007370,14
data\training_data\7371.png,89.375,1.0,csv,csv_000007371,14
data\training_data\7372.png,58.75,1.0,csv,csv_000007372,14
data\training_data\7373.png,89.375,1.0,csv,csv_000007373,14
data\training_data\7374.png,89.375,0.0,csv,csv_000007374,14
data\training_data\7375.png,54.375,1.0,csv,csv_000007375,14
data\training_data\7376.png,115.625,1.0,csv,csv_000007376,14
data\training_data\7377.png,80.625,1.0,csv,csv_000007377,14
data\training_data\7378.png,102.5,0.0,csv,csv_000007378,14
data\training_data\7379.png,85.0,0.0,csv,csv_000007379,14
data\training_data\7380.png,89.375,1.0,csv,csv_000007380,14
data\training_data\7381.png,85.0,0.0,csv,csv_000007381,14
data\training_data\7382.png,98.125,0.0,csv,csv_000007382,14
data\training_data\7383.png,102.5,1.0,csv,csv_000007383,14
data\training_data\7384.png,85.0,1.0,csv,csv_000007384,14
data\training_data\7385.png,120.0,1.0,csv,csv_000007385,14
data\training_data\7386.png,89.375,1.0,csv,csv_000007386,14
data\training_data\7387.png,76.25,1.0,csv,csv_000007387,14
data\training_data\7388.png,76.25,0.0,csv,csv_000007388,14
data\training_data\7389.png,93.75,1.0,csv,csv_000007389,14
data\training_data\7390.png,58.75,1.0,csv,csv_000007390,14
data\training_data\7391.png,85.0,0.0,csv,csv_000007391,14
data\training_data\7392.png,93.75,0.0,csv,csv_000007392,14
data\training_data\7393.png,85.0,1.0,csv,csv_000007393,14
data\training_data\7394.png,58.75,1.0,csv,csv_000007394,14
data\training_data\7395.png,58.75,1.0,csv,csv_000007395,14
data\training_data\7396.png,63.125,0.0,csv,csv_000007396,14
data\training_data\7397.png,54.375,0.0,csv,csv_000007397,14
data\training_data\7398.png,89.375,0.0,csv,csv_000007398,14
data\training_data\7399.png,89.375,1.0,csv,csv_000007399,14
data\training_data\7400.png,98.125,1.0,csv,csv_000007400,14
data\training_data\7401.png,85.0,1.0,csv,csv_000007401,14
data\training_data\7402.png,80.625,1.0,csv,csv_000007402,14
data\training_data\7403.png,85.0,0.0,csv,csv_000007403,14
data\training_data\7404.png,58.75,1.0,csv,csv_000007404,14
data\training_data\7405.png,80.625,1.0,csv,csv_000007405,14
data\training_data\7406.png,89.375,1.0,csv,csv_000007406,14
data\training_data\7407.png,80.625,1.0,csv,csv_000007407,14
data\training_data\7408.png,85.0,1.0,csv,csv_000007408,14
data\training_data\7409.png,106.875,1.0,csv,csv_000007409,14
data\training_data\7410.png,93.75,1.0,csv,csv_000007410,14
data\training_data\7411.png,89.375,0.0,csv,csv_000007411,14
data\training_data\7412.png,58.75,1.0,csv,csv_000007412,14
data\training_data\7413.png,102.5,1.0,csv,csv_000007413,14
data\training_data\7414.png,63.125,1.0,csv,csv_000007414,14
data\training_data\7415.png,93.75,1.0,csv,csv_000007415,14
data\training_data\7416.png,106.875,0.0,csv,csv_000007416,14
data\training_data\7417.png,85.0,0.0,csv,csv_000007417,14
data\training_data\7418.png,76.25,1.0,csv,csv_000007418,14
data\training_data\7419.png,76.25,1.0,csv,csv_000007419,14
data\training_data\7420.png,85.0,0.0,csv,csv_000007420,14
data\training_data\7421.png,89.375,1.0,csv,csv_000007421,14
data\training_data\7422.png,85.0,1.0,csv,csv_000007422,14
data\training_data\7423.png,80.625,1.0,csv,csv_000007423,14
data\training_data\7424.png,111.25,1.0,csv,csv_000007424,14
data\training_data\7425.png,85.0,1.0,csv,csv_000007425,14
data\training_data\7426.png,89.375,1.0,csv,csv_000007426,14
data\training_data\7427.png,89.375,1.0,csv,csv_000007427,14
data\training_data\7428.png,115.625,1.0,csv,csv_000007428,14
data\training_data\7429.png,85.0,0.0,csv,csv_000007429,14
data\training_data\7430.png,80.625,0.0,csv,csv_000007430,14
data\training_data\7431.png,80.625,1.0,csv,csv_000007431,14
data\training_data\7432.png,80.625,1.0,csv,csv_000007432,14
data\training_data\7433.png,102.5,1.0,csv,csv_000007433,14
data\training_data\7434.png,89.375,1.0,csv,csv_000007434,14
data\training_data\7435.png,85.0,0.0,csv,csv_000007435,14
data\training_data\7436.png,80.625,1.0,csv,csv_000007436,14
data\training_data\7437.png,120.0,1.0,csv,csv_000007437,14
data\training_data\7438.png,85.0,1.0,csv,csv_000007438,14
data\training_data\7439.png,111.25,1.0,csv,csv_000007439,14
data\training_data\7440.png,76.25,1.0,csv,csv_000007440,14
data\training_data\7441.png,80.625,1.0,csv,csv_000007441,14
data\training_data\7442.png,102.5,1.0,csv,csv_000007442,14
data\training_data\7443.png,58.75,0.0,csv,csv_000007443,14
data\training_data\7444.png,93.75,1.0,csv,csv_000007444,14
data\training_data\7445.png,54.375,1.0,csv,csv_000007445,14
data\training_data\7446.png,89.375,1.0,csv,csv_000007446,14
data\training_data\7447.png,93.75,1.0,csv,csv_000007447,14
data\training_data\7448.png,111.25,1.0,csv,csv_000007448,14
data\training_data\7449.png,102.5,1.0,csv,csv_000007449,14
data\training_data\7450.png,85.0,0.0,csv,csv_000007450,14
data\training_data\7451.png,89.375,1.0,csv,csv_000007451,14
data\training_data\7452.png,89.375,0.0,csv,csv_000007452,14
data\training_data\7453.png,85.0,0.0,csv,csv_000007453,14
data\training_data\7454.png,80.625,1.0,csv,csv_000007454,14
data\training_data\7455.png,102.5,0.0,csv,csv_000007455,14
data\training_data\7456.png,89.375,1.0,csv,csv_000007456,14
data\training_data\7457.png,102.5,1.0,csv,csv_000007457,14
data\training_data\7458.png,102.5,0.0,csv,csv_000007458,14
data\training_data\7459.png,93.75,1.0,csv,csv_000007459,14
data\training_data\7460.png,85.0,0.0,csv,csv_000007460,14
data\training_data\7461.png,80.625,1.0,csv,csv_000007461,14
data\training_data\7462.png,80.625,1.0,csv,csv_000007462,14
data\training_data\7463.png,85.0,1.0,csv,csv_000007463,14
data\training_data\7464.png,85.0,1.0,csv,csv_000007464,14
data\training_data\7465.png,85.0,1.0,csv,csv_000007465,14
data\training_data\7466.png,120.0,1.0,csv,csv_000007466,14
data\training_data\7467.png,120.0,0.0,csv,csv_000007467,14
data\training_data\7468.png,80.625,1.0,csv,csv_000007468,14
data\training_data\7469.png,93.75,1.0,csv,csv_000007469,14
data\training_data\7470.png,85.0,0.0,csv,csv_000007470,14
data\training_data\7471.png,106.875,1.0,csv,csv_000007471,14
data\training_data\7472.png,98.125,0.0,csv,csv_000007472,14
data\training_data\7473.png,85.0,1.0,csv,csv_000007473,14
data\training_data\7474.png,98.125,1.0,csv,csv_000007474,14
data\training_data\7475.png,85.0,1.0,csv,csv_000007475,14
data\training_data\7476.png,85.0,0.0,csv,csv_000007476,14
data\training_data\7477.png,58.75,1.0,csv,csv_000007477,14
data\training_data\7478.png,63.125,1.0,csv,csv_000007478,14
data\training_data\7479.png,106.875,1.0,csv,csv_000007479,14
data\training_data\7480.png,89.375,1.0,csv,csv_000007480,14
data\training_data\7481.png,93.75,1.0,csv,csv_000007481,14
data\training_data\7482.png,85.0,0.0,csv,csv_000007482,14
data\training_data\7483.png,93.75,1.0,csv,csv_000007483,14
data\training_data\7484.png,98.125,1.0,csv,csv_000007484,14
data\training_data\7485.png,85.0,1.0,csv,csv_000007485,14
data\training_data\7486.png,120.0,0.0,csv,csv_000007486,14
data\training_data\7487.png,85.0,0.0,csv,csv_000007487,14
data\training_data\7488.png,85.0,0.0,csv,csv_000007488,14
data\training_data\7489.png,93.75,1.0,csv,csv_000007489,14
data\training_data\7490.png,63.125,1.0,csv,csv_000007490,14
data\training_data\7491.png,89.375,1.0,csv,csv_000007491,14
data\training_data\7492.png,58.75,1.0,csv,csv_000007492,14
data\training_data\7493.png,98.125,1.0,csv,csv_000007493,14
data\training_data\7494.png,106.875,1.0,csv,csv_000007494,14
data\training_data\7495.png,98.125,1.0,csv,csv_000007495,14
data\training_data\7496.png,98.125,1.0,csv,csv_000007496,14
data\training_data\7497.png,102.5,1.0,csv,csv_000007497,14
data\training_data\7498.png,111.25,1.0,csv,csv_000007498,14
data\training_data\7499.png,80.625,1.0,csv,csv_000007499,14
data\training_data\7500.png,85.0,1.0,csv,csv_000007500,14
data\training_data\7501.png,58.75,1.0,csv,csv_000007501,14
data\training_data\7502.png,89.375,1.0,csv,csv_000007502,14
data\training_data\7503.png,71.875,1.0,csv,csv_000007503,14
data\training_data\7504.png,85.0,1.0,csv,csv_000007504,14
data\training_data\7505.png,80.625,1.0,csv,csv_000007505,14
data\training_data\7506.png,85.0,0.0,csv,csv_000007506,14
data\training_data\7507.png,98.125,0.0,csv,csv_000007507,14
data\training_data\7508.png,102.5,1.0,csv,csv_000007508,14
data\training_data\7509.png,85.0,1.0,csv,csv_000007509,14
data\training_data\7510.png,58.75,1.0,csv,csv_000007510,14
data\training_data\7511.png,93.75,1.0,csv,csv_000007511,14
data\training_data\7512.png,106.875,1.0,csv,csv_000007512,14
data\training_data\7513.png,71.875,1.0,csv,csv_000007513,14
data\training_data\7514.png,85.0,0.0,csv,csv_000007514,14
data\training_data\7515.png,54.375,1.0,csv,csv_000007515,14
data\training_data\7516.png,106.875,1.0,csv,csv_000007516,14
data\training_data\7517.png,71.875,1.0,csv,csv_000007517,14
data\training_data\7518.png,80.625,1.0,csv,csv_000007518,14
data\training_data\7519.png,85.0,0.0,csv,csv_000007519,14
data\training_data\7520.png,71.875,1.0,csv,csv_000007520,14
data\training_data\7521.png,93.75,1.0,csv,csv_000007521,14
data\training_data\7522.png,85.0,1.0,csv,csv_000007522,14
data\training_data\8023.png,67.5,0.0,csv,csv_000008023,16
data\training_data\8024.png,58.75,1.0,csv,csv_000008024,16
data\training_data\8025.png,85.0,1.0,csv,csv_000008025,16
data\training_data\8026.png,85.0,0.0,csv,csv_000008026,16
data\training_data\8027.png,80.625,1.0,csv,csv_000008027,16
data\training_data\8028.png,85.0,0.0,csv,csv_000008028,16
data\training_data\8029.png,106.875,1.0,csv,csv_000008029,16
data\training_data\8030.png,89.375,0.0,csv,csv_000008030,16
data\training_data\8031.png,111.25,1.0,csv,csv_000008031,16
data\training_data\8032.png,98.125,1.0,csv,csv_000008032,16
data\training_data\8033.png,98.125,1.0,csv,csv_000008033,16
data\training_data\8034.png,85.0,0.0,csv,csv_000008034,16
data\training_data\8035.png,111.25,1.0,csv,csv_000008035,16
data\training_data\8036.png,89.375,1.0,csv,csv_000008036,16
data\training_data\8037.png,106.875,1.0,csv,csv_000008037,16
data\training_data\8038.png,85.0,0.0,csv,csv_000008038,16
data\training_data\8039.png,76.25,1.0,csv,csv_000008039,16
data\training_data\8040.png,89.375,1.0,csv,csv_000008040,16
data\training_data\8041.png,85.0,1.0,csv,csv_000008041,16
data\training_data\8042.png,80.625,1.0,csv,csv_000008042,16
data\training_data\8043.png,106.875,1.0,csv,csv_000008043,16
data\training_data\8044.png,111.25,1.0,csv,csv_000008044,16
data\training_data\8045.png,106.875,1.0,csv,csv_000008045,16
data\training_data\8046.png,111.25,1.0,csv,csv_000008046,16
data\training_data\8047.png,102.5,1.0,csv,csv_000008047,16
data\training_data\8048.png,89.375,1.0,csv,csv_000008048,16
data\training_data\8049.png,98.125,0.0,csv,csv_000008049,16
data\training_data\8050.png,54.375,0.0,csv,csv_000008050,16
data\training_data\8051.png,102.5,1.0,csv,csv_000008051,16
data\training_data\8052.png,111.25,1.0,csv,csv_000008052,16
data\training_data\8053.png,111.25,1.0,csv,csv_000008053,16
data\training_data\8054.png,85.0,1.0,csv,csv_000008054,16
data\training_data\8055.png,111.25,0.0,csv,csv_000008055,16
data\training_data\8056.png,85.0,1.0,csv,csv_000008056,16
data\training_data\8057.png,80.625,1.0,csv,csv_000008057,16
data\training_data\8058.png,85.0,1.0,csv,csv_000008058,16
data\training_data\8059.png,106.875,1.0,csv,csv_000008059,16
data\training_data\8060.png,85.0,1.0,csv,csv_000008060,16
data\training_data\8061.png,89.375,1.0,csv,csv_000008061,16
data\training_data\8062.png,102.5,1.0,csv,csv_000008062,16
data\training_data\8063.png,85.0,0.0,csv,csv_000008063,16
data\training_data\8064.png,102.5,1.0,csv,csv_000008064,16
data\training_data\8065.png,85.0,1.0,csv,csv_000008065,16
data\training_data\8066.png,89.375,0.0,csv,csv_000008066,16
data\training_data\8067.png,85.0,0.0,csv,csv_000008067,16
data\training_data\8068.png,89.375,1.0,csv,csv_000008068,16
data\training_data\8069.png,89.375,1.0,csv,csv_000008069,16
data\training_data\8070.png,89.375,1.0,csv,csv_000008070,16
data\training_data\8071.png,89.375,1.0,csv,csv_000008071,16
data\training_data\8072.png,89.375,1.0,csv,csv_000008072,16
data\training_data\8073.png,98.125,1.0,csv,csv_000008073,16
data\training_data\8074.png,102.5,1.0,csv,csv_000008074,16
data\training_data\8075.png,85.0,0.0,csv,csv_000008075,16
data\training_data\8076.png,102.5,1.0,csv,csv_000008076,16
data\training_data\8077.png,93.75,1.0,csv,csv_000008077,16
data\training_data\8078.png,85.0,1.0,csv,csv_000008078,16
data\training_data\8079.png,89.375,1.0,csv,csv_000008079,16
data\training_data\8080.png,85.0,1.0,csv,csv_000008080,16
data\training_data\8081.png,85.0,1.0,csv,csv_000008081,16
data\training_data\8082.png,106.875,1.0,csv,csv_000008082,16
data\training_data\8083.png,106.875,1.0,csv,csv_000008083,16
data\training_data\8084.png,58.75,1.0,csv,csv_000008084,16
data\training_data\8085.png,102.5,1.0,csv,csv_000008085,16
data\training_data\8086.png,89.375,1.0,csv,csv_000008086,16
data\training_data\8087.png,85.0,1.0,csv,csv_000008087,16
data\training_data\8088.png,58.75,1.0,csv,csv_000008088,16
data\training_data\8089.png,93.75,1.0,csv,csv_000008089,16
data\training_data\8090.png,76.25,1.0,csv,csv_000008090,16
data\training_data\8091.png,58.75,1.0,csv,csv_000008091,16
data\training_data\8092.png,106.875,1.0,csv,csv_000008092,16
data\training_data\8093.png,85.0,1.0,csv,csv_000008093,16
data\training_data\8094.png,58.75,1.0,csv,csv_000008094,16
data\training_data\8095.png,115.625,1.0,csv,csv_000008095,16
data\training_data\8096.png,89.375,0.0,csv,csv_000008096,16
data\training_data\8097.png,111.25,0.0,csv,csv_000008097,16
data\training_data\8098.png,85.0,1.0,csv,csv_000008098,16
data\training_data\8099.png,85.0,0.0,csv,csv_000008099,16
data\training_data\8100.png,120.0,1.0,csv,csv_000008100,16
data\training_data\8101.png,98.125,1.0,csv,csv_000008101,16
data\training_data\8102.png,80.625,1.0,csv,csv_000008102,16
data\training_data\8103.png,63.125,1.0,csv,csv_000008103,16
data\training_data\8104.png,89.375,1.0,csv,csv_000008104,16
data\training_data\8105.png,102.5,1.0,csv,csv_000008105,16
data\training_data\8106.png,58.75,1.0,csv,csv_000008106,16
data\training_data\8107.png,106.875,1.0,csv,csv_000008107,16
data\training_data\8108.png,89.375,1.0,csv,csv_000008108,16
data\training_data\8109.png,54.375,1.0,csv,csv_000008109,16
data\training_data\8110.png,85.0,0.0,csv,csv_000008110,16
data\training_data\8111.png,85.0,0.0,csv,csv_000008111,16
data\training_data\8112.png,85.0,1.0,csv,csv_000008112,16
data\training_data\8113.png,106.875,1.0,csv,csv_000008113,16
data\training_data\8114.png,80.625,1.0,csv,csv_000008114,16
data\training_data\8115.png,76.25,1.0,csv,csv_000008115,16
data\training_data\8116.png,102.5,1.0,csv,csv_000008116,16
data\training_data\8117.png,106.875,1.0,csv,csv_000008117,16
data\training_data\8118.png,102.5,1.0,csv,csv_000008118,16
data\training_data\8119.png,85.0,1.0,csv,csv_000008119,16
data\training_data\8120.png,89.375,1.0,csv,csv_000008120,16
data\training_data\8121.png,63.125,1.0,csv,csv_000008121,16
data\training_data\8122.png,93.75,1.0,csv,csv_000008122,16
data\training_data\8123.png,63.125,0.0,csv,csv_000008123,16
data\training_data\8124.png,102.5,0.0,csv,csv_000008124,16
data\training_data\8125.png,89.375,1.0,csv,csv_000008125,16
data\training_data\8126.png,85.0,0.0,csv,csv_000008126,16
data\training_data\8127.png,102.5,1.0,csv,csv_000008127,16
data\training_data\8128.png,63.125,1.0,csv,csv_000008128,16
data\training_data\8129.png,93.75,1.0,csv,csv_000008129,16
data\training_data\8130.png,85.0,1.0,csv,csv_000008130,16
data\training_data\8131.png,93.75,1.0,csv,csv_000008131,16
data\training_data\8132.png,67.5,0.0,csv,csv_000008132,16
data\training_data\8133.png,85.0,1.0,csv,csv_000008133,16
data\training_data\8134.png,85.0,0.0,csv,csv_000008134,16
data\training_data\8135.png,102.5,1.0,csv,csv_000008135,16
data\training_data\8136.png,85.0,0.0,csv,csv_000008136,16
data\training_data\8137.png,98.125,1.0,csv,csv_000008137,16
data\training_data\8138.png,63.125,1.0,csv,csv_000008138,16
data\training_data\8139.png,76.25,1.0,csv,csv_000008139,16
data\training_data\8140.png,115.625,1.0,csv,csv_000008140,16
data\training_data\8141.png,93.75,0.0,csv,csv_000008141,16
data\training_data\8142.png,80.625,1.0,csv,csv_000008142,16
data\training_data\8143.png,85.0,1.0,csv,csv_000008143,16
data\training_data\8144.png,93.75,1.0,csv,csv_000008144,16
data\training_data\8145.png,93.75,1.0,csv,csv_000008145,16
data\training_data\8146.png,89.375,1.0,csv,csv_000008146,16
data\training_data\8147.png,106.875,1.0,csv,csv_000008147,16
data\training_data\8148.png,98.125,1.0,csv,csv_000008148,16
data\training_data\8149.png,102.5,1.0,csv,csv_000008149,16
data\training_data\8150.png,71.875,1.0,csv,csv_000008150,16
data\training_data\8151.png,89.375,0.0,csv,csv_000008151,16
data\training_data\8152.png,85.0,1.0,csv,csv_000008152,16
data\training_data\8153.png,89.375,1.0,csv,csv_000008153,16
data\training_data\8154.png,80.625,1.0,csv,csv_000008154,16
data\training_data\8155.png,93.75,1.0,csv,csv_000008155,16
data\training_data\8156.png,85.0,0.0,csv,csv_000008156,16
data\training_data\8157.png,115.625,1.0,csv,csv_000008157,16
data\training_data\8158.png,54.375,1.0,csv,csv_000008158,16
data\training_data\8159.png,93.75,0.0,csv,csv_000008159,16
data\training_data\8160.png,85.0,1.0,csv,csv_000008160,16
data\training_data\8161.png,63.125,1.0,csv,csv_000008161,16
data\training_data\8162.png,85.0,1.0,csv,csv_000008162,16
data\training_data\8163.png,85.0,0.0,csv,csv_000008163,16
data\training_data\8164.png,106.875,0.0,csv,csv_000008164,16
data\training_data\8165.png,63.125,1.0,csv,csv_000008165,16
data\training_data\8166.png,102.5,0.0,csv,csv_000008166,16
data\training_data\8167.png,111.25,1.0,csv,csv_000008167,16
data\training_data\8168.png,111.25,1.0,csv,csv_000008168,16
data\training_data\8169.png,120.0,1.0,csv,csv_000008169,16
data\training_data\8170.png,85.0,0.0,csv,csv_000008170,16
data\training_data\8171.png,93.75,1.0,csv,csv_000008171,16
data\training_data\8172.png,89.375,1.0,csv,csv_000008172,16
data\training_data\8173.png,106.875,1.0,csv,csv_000008173,16
data\training_data\8174.png,98.125,1.0,csv,csv_000008174,16
data\training_data\8175.png,93.75,1.0,csv,csv_000008175,16
data\training_data\8176.png,89.375,1.0,csv,csv_000008176,16
data\training_data\8177.png,98.125,0.0,csv,csv_000008177,16
data\training_data\8178.png,120.0,0.0,csv,csv_000008178,16
data\training_data\8179.png,102.5,1.0,csv,csv_000008179,16
data\training_data\8180.png,80.625,1.0,csv,csv_000008180,16
data\training_data\8181.png,85.0,1.0,csv,csv_000008181,16
data\training_data\8182.png,106.875,1.0,csv,csv_000008182,16
data\training_data\8183.png,85.0,0.0,csv,csv_000008183,16
data\training_data\8184.png,76.25,1.0,csv,csv_000008184,16
data\training_data\8185.png,89.375,0.0,csv,csv_000008185,16
data\training_data\8186.png,58.75,1.0,csv,csv_000008186,16
data\training_data\8187.png,54.375,1.0,csv,csv_000008187,16
data\training_data\8188.png,85.0,0.0,csv,csv_000008188,16
data\training_data\8189.png,98.125,1.0,csv,csv_000008189,16
data\training_data\8190.png,58.75,0.0,csv,csv_000008190,16
data\training_data\8191.png,93.75,1.0,csv,csv_000008191,16
data\training_data\8192.png,93.75,1.0,csv,csv_000008192,16
data\training_data\8193.png,89.375,1.0,csv,csv_000008193,16
data\training_data\8194.png,102.5,1.0,csv,csv_000008194,16
data\training_data\8195.png,102.5,1.0,csv,csv_000008195,16
data\training_data\8196.png,102.5,1.0,csv,csv_000008196,16
data\training_data\8197.png,80.625,1.0,csv,csv_000008197,16
data\training_data\8198.png,67.5,0.0,csv,csv_000008198,16
data\training_data\8199.png,102.5,0.0,csv,csv_000008199,16
data\training_data\8200.png,76.25,1.0,csv,csv_000008200,16
data\training_data\8201.png,80.625,1.0,csv,csv_000008201,16
data\training_data\8202.png,85.0,1.0,csv,csv_000008202,16
data\training_data\8203.png,102.5,1.0,csv,csv_000008203,16
data\training_data\8204.png,85.0,0.0,csv,csv_000008204,16
data\training_data\8205.png,67.5,1.0,csv,csv_000008205,16
data\training_data\8206.png,93.75,1.0,csv,csv_000008206,16
data\training_data\8207.png,98.125,0.0,csv,csv_000008207,16
data\training_data\8208.png,102.5,1.0,csv,csv_000008208,16
data\training_data\8209.png,89.375,1.0,csv,csv_000008209,16
data\training_data\8210.png,85.0,0.0,csv,csv_000008210,16
data\training_data\8211.png,102.5,1.0,csv,csv_000008211,16
data\training_data\8212.png,85.0,0.0,csv,csv_000008212,16
data\training_data\8213.png,85.0,1.0,csv,csv_000008213,16
data\training_data\8214.png,120.0,0.0,csv,csv_000008214,16
data\training_data\8215.png,80.625,1.0,csv,csv_000008215,16
data\training_data\8216.png,102.5,0.0,csv,csv_000008216,16
data\training_data\8217.png,93.75,1.0,csv,csv_000008217,16
data\training_data\8218.png,111.25,0.0,csv,csv_000008218,16
data\training_data\8219.png,71.875,1.0,csv,csv_000008219,16
data\training_data\8220.png,106.875,1.0,csv,csv_000008220,16
data\training_data\8221.png,89.375,1.0,csv,csv_000008221,16
data\training_data\8222.png,106.875,0.0,csv,csv_000008222,16
data\training_data\8223.png,80.625,1.0,csv,csv_000008223,16
data\training_data\8224.png,102.5,1.0,csv,csv_000008224,16
data\training_data\8225.png,63.125,1.0,csv,csv_000008225,16
data\training_data\8226.png,50.0,1.0,csv,csv_000008226,16
data\training_data\8227.png,85.0,0.0,csv,csv_000008227,16
data\training_data\8228.png,106.875,1.0,csv,csv_000008228,16
data\training_data\8229.png,106.875,1.0,csv,csv_000008229,16
data\training_data\8230.png,106.875,1.0,csv,csv_000008230,16
data\training_data\8231.png,76.25,1.0,csv,csv_000008231,16
data\training_data\8232.png,93.75,1.0,csv,csv_000008232,16
data\training_data\8233.png,98.125,1.0,csv,csv_000008233,16
data\training_data\8234.png,93.75,0.0,csv,csv_000008234,16
data\training_data\8235.png,58.75,1.0,csv,csv_000008235,16
data\training_data\8236.png,89.375,1.0,csv,csv_000008236,16
data\training_data\8237.png,85.0,0.0,csv,csv_000008237,16
data\training_data\8238.png,85.0,1.0,csv,csv_000008238,16
data\training_data\8239.png,54.375,1.0,csv,csv_000008239,16
data\training_data\8240.png,85.0,1.0,csv,csv_000008240,16
data\training_data\8241.png,50.0,1.0,csv,csv_000008241,16
data\training_data\8242.png,102.5,1.0,csv,csv_000008242,16
data\training_data\8243.png,111.25,1.0,csv,csv_000008243,16
data\training_data\8244.png,98.125,1.0,csv,csv_000008244,16
data\training_data\8245.png,67.5,1.0,csv,csv_000008245,16
data\training_data\8246.png,80.625,1.0,csv,csv_000008246,16
data\training_data\8247.png,89.375,1.0,csv,csv_000008247,16
data\training_data\8248.png,93.75,1.0,csv,csv_000008248,16
data\training_data\8249.png,89.375,1.0,csv,csv_000008249,16
data\training_data\8250.png,111.25,1.0,csv,csv_000008250,16
data\training_data\8251.png,76.25,1.0,csv,csv_000008251,16
data\training_data\8252.png,106.875,1.0,csv,csv_000008252,16
data\training_data\8253.png,71.875,1.0,csv,csv_000008253,16
data\training_data\8254.png,106.875,0.0,csv,csv_000008254,16
data\training_data\8255.png,93.75,1.0,csv,csv_000008255,16
data\training_data\8256.png,102.5,0.0,csv,csv_000008256,16
data\training_data\8257.png,93.75,1.0,csv,csv_000008257,16
data\training_data\8258.png,102.5,1.0,csv,csv_000008258,16
data\training_data\8259.png,85.0,0.0,csv,csv_000008259,16
data\training_data\8260.png,85.0,1.0,csv,csv_000008260,16
data\training_data\8261.png,111.25,1.0,csv,csv_000008261,16
data\training_data\8262.png,93.75,1.0,csv,csv_000008262,16
data\training_data\8263.png,102.5,0.0,csv,csv_000008263,16
data\training_data\8264.png,93.75,1.0,csv,csv_000008264,16
data\training_data\8265.png,98.125,1.0,csv,csv_000008265,16
data\training_data\8266.png,102.5,1.0,csv,csv_000008266,16
data\training_data\8267.png,98.125,1.0,csv,csv_000008267,16
data\training_data\8268.png,102.5,1.0,csv,csv_000008268,16
data\training_data\8269.png,93.75,0.0,csv,csv_000008269,16
data\training_data\8270.png,63.125,1.0,csv,csv_000008270,16
data\training_data\8271.png,89.375,1.0,csv,csv_000008271,16
data\training_data\8272.png,89.375,1.0,csv,csv_000008272,16
data\training_data\8273.png,111.25,1.0,csv,csv_000008273,16
data\training_data\8274.png,106.875,1.0,csv,csv_000008274,16
data\training_data\8275.png,89.375,1.0,csv,csv_000008275,16
data\training_data\8276.png,58.75,1.0,csv,csv_000008276,16
data\training_data\8277.png,93.75,0.0,csv,csv_000008277,16
data\training_data\8278.png,102.5,1.0,csv,csv_000008278,16
data\training_data\8279.png,80.625,1.0,csv,csv_000008279,16
data\training_data\8280.png,85.0,1.0,csv,csv_000008280,16
data\training_data\8281.png,106.875,1.0,csv,csv_000008281,16
data\training_data\8282.png,111.25,1.0,csv,csv_000008282,16
data\training_data\8283.png,85.0,1.0,csv,csv_000008283,16
data\training_data\8284.png,102.5,0.0,csv,csv_000008284,16
data\training_data\8285.png,85.0,1.0,csv,csv_000008285,16
data\training_data\8286.png,85.0,0.0,csv,csv_000008286,16
data\training_data\8287.png,89.375,1.0,csv,csv_000008287,16
data\training_data\8288.png,111.25,1.0,csv,csv_000008288,16
data\training_data\8289.png,85.0,1.0,csv,csv_000008289,16
data\training_data\8290.png,106.875,1.0,csv,csv_000008290,16
data\training_data\8291.png,102.5,0.0,csv,csv_000008291,16
data\training_data\8292.png,85.0,1.0,csv,csv_000008292,16
data\training_data\8293.png,71.875,1.0,csv,csv_000008293,16
data\training_data\8294.png,85.0,0.0,csv,csv_000008294,16
data\training_data\8295.png,89.375,1.0,csv,csv_000008295,16
data\training_data\8296.png,85.0,1.0,csv,csv_000008296,16
data\training_data\8297.png,89.375,1.0,csv,csv_000008297,16
data\training_data\8298.png,102.5,1.0,csv,csv_000008298,16
data\training_data\8299.png,85.0,0.0,csv,csv_000008299,16
data\training_data\8300.png,80.625,1.0,csv,csv_000008300,16
data\training_data\8301.png,111.25,0.0,csv,csv_000008301,16
data\training_data\8302.png,102.5,1.0,csv,csv_000008302,16
data\training_data\8303.png,98.125,1.0,csv,csv_000008303,16
data\training_data\8304.png,89.375,0.0,csv,csv_000008304,16
data\training_data\8305.png,89.375,1.0,csv,csv_000008305,16
data\training_data\8306.png,63.125,0.0,csv,csv_000008306,16
data\training_data\8307.png,98.125,1.0,csv,csv_000008307,16
data\training_data\8308.png,67.5,1.0,csv,csv_000008308,16
data\training_data\8309.png,93.75,1.0,csv,csv_000008309,16
data\training_data\8310.png,63.125,1.0,csv,csv_000008310,16
data\training_data\8311.png,85.0,0.0,csv,csv_000008311,16
data\training_data\8312.png,80.625,1.0,csv,csv_000008312,16
data\training_data\8313.png,85.0,0.0,csv,csv_000008313,16
data\training_data\8314.png,71.875,1.0,csv,csv_000008314,16
data\training_data\8315.png,80.625,1.0,csv,csv_000008315,16
data\training_data\8316.png,106.875,1.0,csv,csv_000008316,16
data\training_data\8317.png,111.25,1.0,csv,csv_000008317,16
data\training_data\8318.png,89.375,1.0,csv,csv_000008318,16
data\training_data\8319.png,102.5,1.0,csv,csv_000008319,16
data\training_data\8320.png,67.5,1.0,csv,csv_000008320,16
data\training_data\8321.png,85.0,0.0,csv,csv_000008321,16
data\training_data\8322.png,89.375,1.0,csv,csv_000008322,16
data\training_data\8323.png,89.375,1.0,csv,csv_000008323,16
data\training_data\8324.png,58.75,1.0,csv,csv_000008324,16
data\training_data\8325.png,93.75,1.0,csv,csv_000008325,16
data\training_data\8326.png,89.375,1.0,csv,csv_000008326,16
data\training_data\8327.png,76.25,0.0,csv,csv_000008327,16
data\training_data\8328.png,89.375,1.0,csv,csv_000008328,16
data\training_data\8329.png,71.875,1.0,csv,csv_000008329,16
data\training_data\8330.png,85.0,1.0,csv,csv_000008330,16
data\training_data\8331.png,102.5,1.0,csv,csv_000008331,16
data\training_data\8332.png,80.625,1.0,csv,csv_000008332,16
data\training_data\8333.png,89.375,1.0,csv,csv_000008333,16
data\training_data\8334.png,85.0,1.0,csv,csv_000008334,16
data\training_data\8335.png,106.875,1.0,csv,csv_000008335,16
data\training_data\8336.png,58.75,1.0,csv,csv_000008336,16
data\training_data\8337.png,102.5,1.0,csv,csv_000008337,16
data\training_data\8338.png,106.875,1.0,csv,csv_000008338,16
data\training_data\8339.png,85.0,1.0,csv,csv_000008339,16
data\training_data\8340.png,85.0,0.0,csv,csv_000008340,16
data\training_data\8341.png,102.5,1.0,csv,csv_000008341,16
data\training_data\8342.png,63.125,1.0,csv,csv_000008342,16
data\training_data\8343.png,102.5,1.0,csv,csv_000008343,16
data\training_data\8344.png,102.5,1.0,csv,csv_000008344,16
data\training_data\8345.png,85.0,1.0,csv,csv_000008345,16
data\training_data\8346.png,80.625,1.0,csv,csv_000008346,16
data\training_data\8347.png,98.125,1.0,csv,csv_000008347,16
data\training_data\8348.png,54.375,1.0,csv,csv_000008348,16
data\training_data\8349.png,106.875,1.0,csv,csv_000008349,16
data\training_data\8350.png,85.0,1.0,csv,csv_000008350,16
data\training_data\8351.png,85.0,0.0,csv,csv_000008351,16
data\training_data\8352.png,85.0,1.0,csv,csv_000008352,16
data\training_data\8353.png,106.875,1.0,csv,csv_000008353,16
data\training_data\8354.png,58.75,1.0,csv,csv_000008354,16
data\training_data\8355.png,85.0,1.0,csv,csv_000008355,16
data\training_data\8356.png,102.5,1.0,csv,csv_000008356,16
data\training_data\8357.png,80.625,1.0,csv,csv_000008357,16
data\training_data\8358.png,85.0,1.0,csv,csv_000008358,16
data\training_data\8359.png,106.875,1.0,csv,csv_000008359,16
data\training_data\8360.png,85.0,1.0,csv,csv_000008360,16
data\training_data\8361.png,76.25,1.0,csv,csv_000008361,16
data\training_data\8362.png,80.625,1.0,csv,csv_000008362,16
data\training_data\8363.png,89.375,1.0,csv,csv_000008363,16
data\training_data\8364.png,89.375,1.0,csv,csv_000008364,16
data\training_data\8365.png,93.75,1.0,csv,csv_000008365,16
data\training_data\8366.png,85.0,1.0,csv,csv_000008366,16
data\training_data\8367.png,98.125,1.0,csv,csv_000008367,16
data\training_data\8368.png,106.875,1.0,csv,csv_000008368,16
data\training_data\8369.png,85.0,0.0,csv,csv_000008369,16
data\training_data\8370.png,93.75,1.0,csv,csv_000008370,16
data\training_data\8371.png,98.125,1.0,csv,csv_000008371,16
data\training_data\8372.png,85.0,1.0,csv,csv_000008372,16
data\training_data\8373.png,85.0,1.0,csv,csv_000008373,16
data\training_data\8374.png,58.75,1.0,csv,csv_000008374,16
data\training_data\8375.png,85.0,1.0,csv,csv_000008375,16
data\training_data\8376.png,71.875,1.0,csv,csv_000008376,16
data\training_data\8377.png,67.5,1.0,csv,csv_000008377,16
data\training_data\8378.png,89.375,1.0,csv,csv_000008378,16
data\training_data\8379.png,50.0,0.0,csv,csv_000008379,16
data\training_data\8380.png,98.125,1.0,csv,csv_000008380,16
data\training_data\8381.png,80.625,1.0,csv,csv_000008381,16
data\training_data\8382.png,54.375,1.0,csv,csv_000008382,16
data\training_data\8383.png,89.375,1.0,csv,csv_000008383,16
data\training_data\8384.png,93.75,1.0,csv,csv_000008384,16
data\training_data\8385.png,85.0,0.0,csv,csv_000008385,16
data\training_data\8386.png,85.0,0.0,csv,csv_000008386,16
data\training_data\8387.png,115.625,1.0,csv,csv_000008387,16
data\training_data\8388.png,111.25,0.0,csv,csv_000008388,16
data\training_data\8389.png,102.5,0.0,csv,csv_000008389,16
data\training_data\8390.png,85.0,1.0,csv,csv_000008390,16
data\training_data\8391.png,102.5,1.0,csv,csv_000008391,16
data\training_data\8392.png,85.0,0.0,csv,csv_000008392,16
data\training_data\8393.png,98.125,1.0,csv,csv_000008393,16
data\training_data\8394.png,111.25,1.0,csv,csv_000008394,16
data\training_data\8395.png,85.0,1.0,csv,csv_000008395,16
data\training_data\8396.png,93.75,1.0,csv,csv_000008396,16
data\training_data\8397.png,85.0,0.0,csv,csv_000008397,16
data\training_data\8398.png,71.875,1.0,csv,csv_000008398,16
data\training_data\8399.png,93.75,1.0,csv,csv_000008399,16
data\training_data\8400.png,85.0,0.0,csv,csv_000008400,16
data\training_data\8401.png,93.75,1.0,csv,csv_000008401,16
data\training_data\8402.png,93.75,1.0,csv,csv_000008402,16
data\training_data\8403.png,58.75,1.0,csv,csv_000008403,16
data\training_data\8404.png,58.75,1.0,csv,csv_000008404,16
data\training_data\8405.png,106.875,1.0,csv,csv_000008405,16
data\training_data\8406.png,115.625,1.0,csv,csv_000008406,16
data\training_data\8407.png,85.0,1.0,csv,csv_000008407,16
data\training_data\8408.png,102.5,0.0,csv,csv_000008408,16
data\training_data\8409.png,76.25,1.0,csv,csv_000008409,16
data\training_data\8410.png,76.25,1.0,csv,csv_000008410,16
data\training_data\8411.png,102.5,1.0,csv,csv_000008411,16
data\training_data\8412.png,85.0,1.0,csv,csv_000008412,16
data\training_data\8413.png,76.25,1.0,csv,csv_000008413,16
data\training_data\8414.png,76.25,1.0,csv,csv_000008414,16
data\training_data\8415.png,85.0,1.0,csv,csv_000008415,16
data\training_data\8416.png,58.75,1.0,csv,csv_000008416,16
data\training_data\8417.png,63.125,1.0,csv,csv_000008417,16
data\training_data\8418.png,115.625,0.0,csv,csv_000008418,16
data\training_data\8419.png,63.125,1.0,csv,csv_000008419,16
data\training_data\8420.png,93.75,1.0,csv,csv_000008420,16
data\training_data\8421.png,85.0,0.0,csv,csv_000008421,16
data\training_data\8422.png,106.875,1.0,csv,csv_000008422,16
data\training_data\8423.png,111.25,1.0,csv,csv_000008423,16
data\training_data\8424.png,80.625,1.0,csv,csv_000008424,16
data\training_data\8425.png,106.875,0.0,csv,csv_000008425,16
data\training_data\8426.png,80.625,1.0,csv,csv_000008426,16
data\training_data\8427.png,102.5,1.0,csv,csv_000008427,16
data\training_data\8428.png,85.0,0.0,csv,csv_000008428,16
data\training_data\8429.png,89.375,1.0,csv,csv_000008429,16
data\training_data\8430.png,58.75,1.0,csv,csv_000008430,16
data\training_data\8431.png,106.875,1.0,csv,csv_000008431,16
data\training_data\8432.png,80.625,1.0,csv,csv_000008432,16
data\training_data\8433.png,89.375,1.0,csv,csv_000008433,16
data\training_data\8434.png,120.0,0.0,csv,csv_000008434,16
data\training_data\8435.png,93.75,1.0,csv,csv_000008435,16
data\training_data\8436.png,106.875,0.0,csv,csv_000008436,16
data\training_data\8437.png,89.375,1.0,csv,csv_000008437,16
data\training_data\8438.png,93.75,0.0,csv,csv_000008438,16
data\training_data\8439.png,102.5,1.0,csv,csv_000008439,16
data\training_data\8440.png,80.625,1.0,csv,csv_000008440,16
data\training_data\8441.png,67.5,1.0,csv,csv_000008441,16
data\training_data\8442.png,80.625,0.0,csv,csv_000008442,16
data\training_data\8443.png,80.625,1.0,csv,csv_000008443,16
data\training_data\8444.png,63.125,1.0,csv,csv_000008444,16
data\training_data\8445.png,93.75,0.0,csv,csv_000008445,16
data\training_data\8446.png,85.0,0.0,csv,csv_000008446,16
data\training_data\8447.png,85.0,1.0,csv,csv_000008447,16
data\training_data\8448.png,102.5,0.0,csv,csv_000008448,16
data\training_data\8449.png,102.5,1.0,csv,csv_000008449,16
data\training_data\8450.png,80.625,1.0,csv,csv_000008450,16
data\training_data\8451.png,71.875,1.0,csv,csv_000008451,16
data\training_data\8452.png,102.5,0.0,csv,csv_000008452,16
data\training_data\8453.png,50.0,0.0,csv,csv_000008453,16
data\training_data\8454.png,80.625,1.0,csv,csv_000008454,16
data\training_data\8455.png,85.0,1.0,csv,csv_000008455,16
data\training_data\8456.png,102.5,0.0,csv,csv_000008456,16
data\training_data\8457.png,85.0,1.0,csv,csv_000008457,16
data\training_data\8458.png,85.0,1.0,csv,csv_000008458,16
data\training_data\8459.png,93.75,1.0,csv,csv_000008459,16
data\training_data\8460.png,102.5,0.0,csv,csv_000008460,16
data\training_data\8461.png,67.5,1.0,csv,csv_000008461,16
data\training_data\8462.png,63.125,1.0,csv,csv_000008462,16
data\training_data\8463.png,106.875,1.0,csv,csv_000008463,16
data\training_data\8464.png,58.75,0.0,csv,csv_000008464,16
data\training_data\8465.png,85.0,0.0,csv,csv_000008465,16
data\training_data\8466.png,85.0,1.0,csv,csv_000008466,16
data\training_data\8467.png,58.75,1.0,csv,csv_000008467,16
data\training_data\8468.png,106.875,1.0,csv,csv_000008468,16
data\training_data\8469.png,63.125,1.0,csv,csv_000008469,16
data\training_data\8470.png,85.0,0.0,csv,csv_000008470,16
data\training_data\8471.png,80.625,1.0,csv,csv_000008471,16
data\training_data\8472.png,89.375,1.0,csv,csv_000008472,16
data\training_data\8473.png,58.75,1.0,csv,csv_000008473,16
data\training_data\8474.png,102.5,1.0,csv,csv_000008474,16
data\training_data\8475.png,58.75,1.0,csv,csv_000008475,16
data\training_data\8476.png,85.0,1.0,csv,csv_000008476,16
data\training_data\8477.png,71.875,1.0,csv,csv_000008477,16
data\training_data\8478.png,85.0,0.0,csv,csv_000008478,16
data\training_data\8479.png,89.375,1.0,csv,csv_000008479,16
data\training_data\8480.png,85.0,1.0,csv,csv_000008480,16
data\training_data\8481.png,85.0,1.0,csv,csv_000008481,16
data\training_data\8482.png,89.375,1.0,csv,csv_000008482,16
data\training_data\8483.png,89.375,1.0,csv,csv_000008483,16
data\training_data\8484.png,54.375,1.0,csv,csv_000008484,16
data\training_data\8485.png,111.25,0.0,csv,csv_000008485,16
data\training_data\8486.png,85.0,1.0,csv,csv_000008486,16
data\training_data\8487.png,80.625,1.0,csv,csv_000008487,16
data\training_data\8488.png,71.875,1.0,csv,csv_000008488,16
data\training_data\8489.png,76.25,0.0,csv,csv_000008489,16
data\training_data\8490.png,98.125,1.0,csv,csv_000008490,16
data\training_data\8491.png,85.0,1.0,csv,csv_000008491,16
data\training_data\8492.png,85.0,0.0,csv,csv_000008492,16
data\training_data\8493.png,111.25,1.0,csv,csv_000008493,16
data\training_data\8494.png,63.125,1.0,csv,csv_000008494,16
data\training_data\8495.png,50.0,0.0,csv,csv_000008495,16
data\training_data\8496.png,85.0,0.0,csv,csv_000008496,16
data\training_data\8497.png,102.5,1.0,csv,csv_000008497,16
data\training_data\8498.png,76.25,1.0,csv,csv_000008498,16
data\training_data\8499.png,98.125,1.0,csv,csv_000008499,16
data\training_data\8500.png,71.875,0.0,csv,csv_000008500,16
data\training_data\8502.png,71.875,1.0,csv,csv_000008502,16
data\training_data\8503.png,102.5,0.0,csv,csv_000008503,16
data\training_data\8504.png,58.75,1.0,csv,csv_000008504,16
data\training_data\8505.png,85.0,1.0,csv,csv_000008505,16
data\training_data\8506.png,106.875,1.0,csv,csv_000008506,16
data\training_data\8507.png,85.0,1.0,csv,csv_000008507,16
data\training_data\8508.png,89.375,1.0,csv,csv_000008508,16
data\training_data\8509.png,120.0,1.0,csv,csv_000008509,16
data\training_data\8510.png,102.5,1.0,csv,csv_000008510,16
data\training_data\8511.png,63.125,1.0,csv,csv_000008511,16
data\training_data\8512.png,98.125,1.0,csv,csv_000008512,16
data\training_data\8513.png,106.875,1.0,csv,csv_000008513,16
data\training_data\8514.png,106.875,1.0,csv,csv_000008514,16
data\training_data\8515.png,67.5,0.0,csv,csv_000008515,16
data\training_data\8516.png,89.375,0.0,csv,csv_000008516,16
data\training_data\8517.png,120.0,0.0,csv,csv_000008517,16
data\training_data\8518.png,54.375,1.0,csv,csv_000008518,16
data\training_data\8519.png,58.75,1.0,csv,csv_000008519,16
data\training_data\8520.png,93.75,1.0,csv,csv_000008520,16
data\training_data\8521.png,93.75,1.0,csv,csv_000008521,16
data\training_data\8522.png,102.5,1.0,csv,csv_000008522,16
data\training_data\8523.png,85.0,1.0,csv,csv_000008523,16
data\training_data\8524.png,102.5,1.0,csv,csv_000008524,17
data\training_data\8525.png,85.0,0.0,csv,csv_000008525,17
data\training_data\8526.png,85.0,1.0,csv,csv_000008526,17
data\training_data\8527.png,102.5,1.0,csv,csv_000008527,17
data\training_data\8528.png,58.75,1.0,csv,csv_000008528,17
data\training_data\8529.png,106.875,1.0,csv,csv_000008529,17
data\training_data\8530.png,54.375,1.0,csv,csv_000008530,17
data\training_data\8531.png,76.25,0.0,csv,csv_000008531,17
data\training_data\8532.png,102.5,1.0,csv,csv_000008532,17
data\training_data\8533.png,102.5,1.0,csv,csv_000008533,17
data\training_data\8534.png,85.0,0.0,csv,csv_000008534,17
data\training_data\8535.png,89.375,1.0,csv,csv_000008535,17
data\training_data\8536.png,89.375,1.0,csv,csv_000008536,17
data\training_data\8537.png,89.375,1.0,csv,csv_000008537,17
data\training_data\8538.png,89.375,1.0,csv,csv_000008538,17
data\training_data\8539.png,67.5,1.0,csv,csv_000008539,17
data\training_data\8540.png,93.75,1.0,csv,csv_000008540,17
data\training_data\8541.png,85.0,1.0,csv,csv_000008541,17
data\training_data\8542.png,106.875,1.0,csv,csv_000008542,17
data\training_data\8543.png,111.25,1.0,csv,csv_000008543,17
data\training_data\8544.png,85.0,1.0,csv,csv_000008544,17
data\training_data\8545.png,85.0,0.0,csv,csv_000008545,17
data\training_data\8546.png,102.5,1.0,csv,csv_000008546,17
data\training_data\8547.png,54.375,1.0,csv,csv_000008547,17
data\training_data\8548.png,58.75,1.0,csv,csv_000008548,17
data\training_data\8549.png,102.5,1.0,csv,csv_000008549,17
data\training_data\8550.png,85.0,1.0,csv,csv_000008550,17
data\training_data\8551.png,98.125,1.0,csv,csv_000008551,17
data\training_data\8552.png,89.375,1.0,csv,csv_000008552,17
data\training_data\8553.png,106.875,1.0,csv,csv_000008553,17
data\training_data\8554.png,106.875,1.0,csv,csv_000008554,17
data\training_data\8555.png,63.125,1.0,csv,csv_000008555,17
data\training_data\8556.png,98.125,1.0,csv,csv_000008556,17
data\training_data\8557.png,85.0,0.0,csv,csv_000008557,17
data\training_data\8558.png,85.0,1.0,csv,csv_000008558,17
data\training_data\8559.png,85.0,1.0,csv,csv_000008559,17
data\training_data\8560.png,111.25,0.0,csv,csv_000008560,17
data\training_data\8561.png,63.125,0.0,csv,csv_000008561,17
data\training_data\8562.png,89.375,1.0,csv,csv_000008562,17
data\training_data\8563.png,63.125,1.0,csv,csv_000008563,17
data\training_data\8564.png,71.875,1.0,csv,csv_000008564,17
data\training_data\8565.png,80.625,1.0,csv,csv_000008565,17
data\training_data\8566.png,85.0,1.0,csv,csv_000008566,17
data\training_data\8567.png,89.375,1.0,csv,csv_000008567,17
data\training_data\8568.png,85.0,1.0,csv,csv_000008568,17
data\training_data\8569.png,93.75,1.0,csv,csv_000008569,17
data\training_data\8570.png,102.5,1.0,csv,csv_000008570,17
data\training_data\8571.png,85.0,1.0,csv,csv_000008571,17
data\training_data\8572.png,85.0,1.0,csv,csv_000008572,17
data\training_data\8573.png,89.375,0.0,csv,csv_000008573,17
data\training_data\8574.png,93.75,1.0,csv,csv_000008574,17
data\training_data\8575.png,102.5,0.0,csv,csv_000008575,17
data\training_data\8576.png,76.25,1.0,csv,csv_000008576,17
data\training_data\8577.png,63.125,1.0,csv,csv_000008577,17
data\training_data\8578.png,98.125,1.0,csv,csv_000008578,17
data\training_data\8579.png,93.75,0.0,csv,csv_000008579,17
data\training_data\8580.png,102.5,0.0,csv,csv_000008580,17
data\training_data\8581.png,85.0,0.0,csv,csv_000008581,17
data\training_data\8582.png,98.125,1.0,csv,csv_000008582,17
data\training_data\8583.png,85.0,0.0,csv,csv_000008583,17
data\training_data\8584.png,85.0,1.0,csv,csv_000008584,17
data\training_data\8585.png,76.25,1.0,csv,csv_000008585,17
data\training_data\8586.png,102.5,1.0,csv,csv_000008586,17
data\training_data\8587.png,89.375,1.0,csv,csv_000008587,17
data\training_data\8588.png,111.25,0.0,csv,csv_000008588,17
data\training_data\8589.png,106.875,1.0,csv,csv_000008589,17
data\training_data\8590.png,58.75,1.0,csv,csv_000008590,17
data\training_data\8591.png,85.0,1.0,csv,csv_000008591,17
data\training_data\8592.png,93.75,1.0,csv,csv_000008592,17
data\training_data\8593.png,89.375,1.0,csv,csv_000008593,17
data\training_data\8594.png,102.5,1.0,csv,csv_000008594,17
data\training_data\8595.png,58.75,1.0,csv,csv_000008595,17
data\training_data\8596.png,93.75,1.0,csv,csv_000008596,17
data\training_data\8597.png,85.0,0.0,csv,csv_000008597,17
data\training_data\8598.png,85.0,0.0,csv,csv_000008598,17
data\training_data\8599.png,80.625,1.0,csv,csv_000008599,17
data\training_data\8600.png,106.875,1.0,csv,csv_000008600,17
data\training_data\8601.png,120.0,1.0,csv,csv_000008601,17
data\training_data\8602.png,80.625,0.0,csv,csv_000008602,17
data\training_data\8604.png,76.25,1.0,csv,csv_000008604,17
data\training_data\8605.png,98.125,1.0,csv,csv_000008605,17
data\training_data\8606.png,85.0,1.0,csv,csv_000008606,17
data\training_data\8607.png,85.0,0.0,csv,csv_000008607,17
data\training_data\8608.png,85.0,0.0,csv,csv_000008608,17
data\training_data\8609.png,58.75,1.0,csv,csv_000008609,17
data\training_data\8610.png,98.125,1.0,csv,csv_000008610,17
data\training_data\8611.png,54.375,1.0,csv,csv_000008611,17
data\training_data\8612.png,98.125,1.0,csv,csv_000008612,17
data\training_data\8613.png,58.75,1.0,csv,csv_000008613,17
data\training_data\8614.png,93.75,1.0,csv,csv_000008614,17
data\training_data\8615.png,85.0,0.0,csv,csv_000008615,17
data\training_data\8616.png,111.25,1.0,csv,csv_000008616,17
data\training_data\8617.png,102.5,0.0,csv,csv_000008617,17
data\training_data\8618.png,93.75,1.0,csv,csv_000008618,17
data\training_data\8619.png,85.0,1.0,csv,csv_000008619,17
data\training_data\8620.png,106.875,1.0,csv,csv_000008620,17
data\training_data\8621.png,106.875,1.0,csv,csv_000008621,17
data\training_data\8622.png,85.0,0.0,csv,csv_000008622,17
data\training_data\8623.png,102.5,1.0,csv,csv_000008623,17
data\training_data\8624.png,98.125,1.0,csv,csv_000008624,17
data\training_data\8625.png,63.125,1.0,csv,csv_000008625,17
data\training_data\8626.png,115.625,0.0,csv,csv_000008626,17
data\training_data\8627.png,115.625,1.0,csv,csv_000008627,17
data\training_data\8628.png,76.25,1.0,csv,csv_000008628,17
data\training_data\8629.png,54.375,1.0,csv,csv_000008629,17
data\training_data\8630.png,106.875,1.0,csv,csv_000008630,17
data\training_data\8631.png,89.375,1.0,csv,csv_000008631,17
data\training_data\8632.png,85.0,1.0,csv,csv_000008632,17
data\training_data\8633.png,85.0,0.0,csv,csv_000008633,17
data\training_data\8634.png,58.75,1.0,csv,csv_000008634,17
data\training_data\8635.png,80.625,1.0,csv,csv_000008635,17
data\training_data\8636.png,102.5,1.0,csv,csv_000008636,17
data\training_data\8637.png,89.375,1.0,csv,csv_000008637,17
data\training_data\8638.png,85.0,1.0,csv,csv_000008638,17
data\training_data\8639.png,58.75,1.0,csv,csv_000008639,17
data\training_data\8640.png,85.0,0.0,csv,csv_000008640,17
data\training_data\8641.png,89.375,1.0,csv,csv_000008641,17
data\training_data\8642.png,76.25,0.0,csv,csv_000008642,17
data\training_data\8643.png,102.5,1.0,csv,csv_000008643,17
data\training_data\8644.png,85.0,1.0,csv,csv_000008644,17
data\training_data\8645.png,85.0,1.0,csv,csv_000008645,17
data\training_data\8646.png,111.25,1.0,csv,csv_000008646,17
data\training_data\8647.png,54.375,1.0,csv,csv_000008647,17
data\training_data\8648.png,85.0,0.0,csv,csv_000008648,17
data\training_data\8649.png,58.75,1.0,csv,csv_000008649,17
data\training_data\8650.png,85.0,0.0,csv,csv_000008650,17
data\training_data\8651.png,85.0,0.0,csv,csv_000008651,17
data\training_data\8652.png,98.125,1.0,csv,csv_000008652,17
data\training_data\8653.png,80.625,1.0,csv,csv_000008653,17
data\training_data\8654.png,106.875,1.0,csv,csv_000008654,17
data\training_data\8655.png,80.625,1.0,csv,csv_000008655,17
data\training_data\8656.png,63.125,1.0,csv,csv_000008656,17
data\training_data\8657.png,58.75,1.0,csv,csv_000008657,17
data\training_data\8658.png,98.125,1.0,csv,csv_000008658,17
data\training_data\8659.png,102.5,1.0,csv,csv_000008659,17
data\training_data\8660.png,89.375,1.0,csv,csv_000008660,17
data\training_data\8661.png,67.5,0.0,csv,csv_000008661,17
data\training_data\8662.png,85.0,0.0,csv,csv_000008662,17
data\training_data\8663.png,85.0,1.0,csv,csv_000008663,17
data\training_data\8664.png,71.875,1.0,csv,csv_000008664,17
data\training_data\8665.png,89.375,1.0,csv,csv_000008665,17
data\training_data\8666.png,102.5,1.0,csv,csv_000008666,17
data\training_data\8667.png,102.5,1.0,csv,csv_000008667,17
data\training_data\8668.png,85.0,0.0,csv,csv_000008668,17
data\training_data\8669.png,85.0,0.0,csv,csv_000008669,17
data\training_data\8670.png,85.0,1.0,csv,csv_000008670,17
data\training_data\8671.png,58.75,1.0,csv,csv_000008671,17
data\training_data\8672.png,85.0,1.0,csv,csv_000008672,17
data\training_data\8673.png,58.75,1.0,csv,csv_000008673,17
data\training_data\8674.png,93.75,1.0,csv,csv_000008674,17
data\training_data\8675.png,85.0,1.0,csv,csv_000008675,17
data\training_data\8676.png,85.0,0.0,csv,csv_000008676,17
data\training_data\8677.png,106.875,1.0,csv,csv_000008677,17
data\training_data\8678.png,89.375,1.0,csv,csv_000008678,17
data\training_data\8679.png,93.75,1.0,csv,csv_000008679,17
data\training_data\8680.png,85.0,0.0,csv,csv_000008680,17
data\training_data\8681.png,80.625,1.0,csv,csv_000008681,17
data\training_data\8682.png,102.5,1.0,csv,csv_000008682,17
data\training_data\8683.png,106.875,1.0,csv,csv_000008683,17
data\training_data\8684.png,80.625,1.0,csv,csv_000008684,17
data\training_data\8685.png,106.875,1.0,csv,csv_000008685,17
data\training_data\8686.png,115.625,0.0,csv,csv_000008686,17
data\training_data\8687.png,89.375,1.0,csv,csv_000008687,17
data\training_data\8688.png,98.125,1.0,csv,csv_000008688,17
data\training_data\8689.png,58.75,1.0,csv,csv_000008689,17
data\training_data\8690.png,85.0,1.0,csv,csv_000008690,17
data\training_data\8691.png,67.5,1.0,csv,csv_000008691,17
data\training_data\8692.png,85.0,1.0,csv,csv_000008692,17
data\training_data\8693.png,58.75,1.0,csv,csv_000008693,17
data\training_data\8694.png,85.0,1.0,csv,csv_000008694,17
data\training_data\8695.png,89.375,1.0,csv,csv_000008695,17
data\training_data\8696.png,106.875,1.0,csv,csv_000008696,17
data\training_data\8697.png,58.75,1.0,csv,csv_000008697,17
data\training_data\8698.png,58.75,1.0,csv,csv_000008698,17
data\training_data\8699.png,106.875,1.0,csv,csv_000008699,17
data\training_data\8700.png,89.375,1.0,csv,csv_000008700,17
data\training_data\8701.png,85.0,1.0,csv,csv_000008701,17
data\training_data\8702.png,102.5,0.0,csv,csv_000008702,17
data\training_data\8703.png,76.25,1.0,csv,csv_000008703,17
data\training_data\8704.png,106.875,1.0,csv,csv_000008704,17
data\training_data\8705.png,80.625,1.0,csv,csv_000008705,17
data\training_data\8706.png,85.0,1.0,csv,csv_000008706,17
data\training_data\8707.png,111.25,0.0,csv,csv_000008707,17
data\training_data\8708.png,89.375,1.0,csv,csv_000008708,17
data\training_data\8709.png,85.0,1.0,csv,csv_000008709,17
data\training_data\8710.png,54.375,1.0,csv,csv_000008710,17
data\training_data\8711.png,50.0,1.0,csv,csv_000008711,17
data\training_data\8712.png,85.0,1.0,csv,csv_000008712,17
data\training_data\8713.png,80.625,1.0,csv,csv_000008713,17
data\training_data\8714.png,50.0,0.0,csv,csv_000008714,17
data\training_data\8715.png,93.75,0.0,csv,csv_000008715,17
data\training_data\8716.png,106.875,1.0,csv,csv_000008716,17
data\training_data\8717.png,85.0,1.0,csv,csv_000008717,17
data\training_data\8718.png,98.125,1.0,csv,csv_000008718,17
data\training_data\8719.png,85.0,1.0,csv,csv_000008719,17
data\training_data\8720.png,80.625,1.0,csv,csv_000008720,17
data\training_data\8721.png,80.625,1.0,csv,csv_000008721,17
data\training_data\8722.png,89.375,1.0,csv,csv_000008722,17
data\training_data\8723.png,89.375,0.0,csv,csv_000008723,17
data\training_data\8724.png,85.0,1.0,csv,csv_000008724,17
data\training_data\8725.png,102.5,1.0,csv,csv_000008725,17
data\training_data\8726.png,89.375,1.0,csv,csv_000008726,17
data\training_data\8727.png,106.875,1.0,csv,csv_000008727,17
data\training_data\8728.png,111.25,1.0,csv,csv_000008728,17
data\training_data\8729.png,102.5,1.0,csv,csv_000008729,17
data\training_data\8730.png,106.875,1.0,csv,csv_000008730,17
data\training_data\8731.png,93.75,1.0,csv,csv_000008731,17
data\training_data\8732.png,102.5,0.0,csv,csv_000008732,17
data\training_data\8733.png,58.75,1.0,csv,csv_000008733,17
data\training_data\8734.png,76.25,1.0,csv,csv_000008734,17
data\training_data\8735.png,85.0,0.0,csv,csv_000008735,17
data\training_data\8736.png,89.375,0.0,csv,csv_000008736,17
data\training_data\8737.png,85.0,0.0,csv,csv_000008737,17
data\training_data\8738.png,63.125,1.0,csv,csv_000008738,17
data\training_data\8739.png,89.375,1.0,csv,csv_000008739,17
data\training_data\8740.png,50.0,0.0,csv,csv_000008740,17
data\training_data\8741.png,85.0,0.0,csv,csv_000008741,17
data\training_data\8742.png,85.0,1.0,csv,csv_000008742,17
data\training_data\8743.png,93.75,1.0,csv,csv_000008743,17
data\training_data\8744.png,63.125,1.0,csv,csv_000008744,17
data\training_data\8745.png,120.0,0.0,csv,csv_000008745,17
data\training_data\8746.png,106.875,1.0,csv,csv_000008746,17
data\training_data\8747.png,58.75,1.0,csv,csv_000008747,17
data\training_data\8748.png,63.125,1.0,csv,csv_000008748,17
data\training_data\8749.png,102.5,1.0,csv,csv_000008749,17
data\training_data\8750.png,102.5,1.0,csv,csv_000008750,17
data\training_data\8751.png,85.0,1.0,csv,csv_000008751,17
data\training_data\8752.png,93.75,1.0,csv,csv_000008752,17
data\training_data\8753.png,102.5,0.0,csv,csv_000008753,17
data\training_data\8754.png,93.75,1.0,csv,csv_000008754,17
data\training_data\8755.png,115.625,0.0,csv,csv_000008755,17
data\training_data\8756.png,106.875,0.0,csv,csv_000008756,17
data\training_data\8757.png,85.0,1.0,csv,csv_000008757,17
data\training_data\8758.png,80.625,1.0,csv,csv_000008758,17
data\training_data\8759.png,106.875,1.0,csv,csv_000008759,17
data\training_data\8760.png,85.0,0.0,csv,csv_000008760,17
data\training_data\8761.png,98.125,1.0,csv,csv_000008761,17
data\training_data\8762.png,102.5,0.0,csv,csv_000008762,17
data\training_data\8763.png,85.0,1.0,csv,csv_000008763,17
data\training_data\8764.png,85.0,0.0,csv,csv_000008764,17
data\training_data\8765.png,98.125,0.0,csv,csv_000008765,17
data\training_data\8766.png,102.5,1.0,csv,csv_000008766,17
data\training_data\8767.png,80.625,1.0,csv,csv_000008767,17
data\training_data\8768.png,89.375,1.0,csv,csv_000008768,17
data\training_data\8769.png,85.0,1.0,csv,csv_000008769,17
data\training_data\8770.png,85.0,1.0,csv,csv_000008770,17
data\training_data\8771.png,89.375,1.0,csv,csv_000008771,17
data\training_data\8772.png,120.0,1.0,csv,csv_000008772,17
data\training_data\8773.png,102.5,1.0,csv,csv_000008773,17
data\training_data\8774.png,102.5,1.0,csv,csv_000008774,17
data\training_data\8775.png,102.5,1.0,csv,csv_000008775,17
data\training_data\8776.png,106.875,1.0,csv,csv_000008776,17
data\training_data\8777.png,58.75,1.0,csv,csv_000008777,17
data\training_data\8778.png,85.0,0.0,csv,csv_000008778,17
data\training_data\8779.png,89.375,1.0,csv,csv_000008779,17
data\training_data\8780.png,58.75,1.0,csv,csv_000008780,17
data\training_data\8781.png,98.125,1.0,csv,csv_000008781,17
data\training_data\8782.png,106.875,1.0,csv,csv_000008782,17
data\training_data\8783.png,58.75,1.0,csv,csv_000008783,17
data\training_data\8784.png,80.625,0.0,csv,csv_000008784,17
data\training_data\8785.png,111.25,1.0,csv,csv_000008785,17
data\training_data\8786.png,76.25,0.0,csv,csv_000008786,17
data\training_data\8787.png,54.375,1.0,csv,csv_000008787,17
data\training_data\8788.png,89.375,1.0,csv,csv_000008788,17
data\training_data\8789.png,80.625,1.0,csv,csv_000008789,17
data\training_data\8790.png,85.0,1.0,csv,csv_000008790,17
data\training_data\8791.png,80.625,1.0,csv,csv_000008791,17
data\training_data\8792.png,106.875,1.0,csv,csv_000008792,17
data\training_data\8793.png,89.375,1.0,csv,csv_000008793,17
data\training_data\8794.png,85.0,1.0,csv,csv_000008794,17
data\training_data\8795.png,67.5,1.0,csv,csv_000008795,17
data\training_data\8796.png,80.625,1.0,csv,csv_000008796,17
data\training_data\8797.png,111.25,1.0,csv,csv_000008797,17
data\training_data\8798.png,89.375,0.0,csv,csv_000008798,17
data\training_data\8799.png,111.25,1.0,csv,csv_000008799,17
data\training_data\8800.png,85.0,1.0,csv,csv_000008800,17
data\training_data\8801.png,98.125,1.0,csv,csv_000008801,17
data\training_data\8802.png,76.25,1.0,csv,csv_000008802,17
data\training_data\8803.png,85.0,1.0,csv,csv_000008803,17
data\training_data\8804.png,98.125,1.0,csv,csv_000008804,17
data\training_data\8805.png,76.25,0.0,csv,csv_000008805,17
data\training_data\8806.png,115.625,1.0,csv,csv_000008806,17
data\training_data\8807.png,89.375,1.0,csv,csv_000008807,17
data\training_data\8808.png,85.0,1.0,csv,csv_000008808,17
data\training_data\8809.png,111.25,1.0,csv,csv_000008809,17
data\training_data\8810.png,58.75,1.0,csv,csv_000008810,17
data\training_data\8811.png,85.0,1.0,csv,csv_000008811,17
data\training_data\8812.png,85.0,1.0,csv,csv_000008812,17
data\training_data\8813.png,85.0,1.0,csv,csv_000008813,17
data\training_data\8814.png,85.0,1.0,csv,csv_000008814,17
data\training_data\8815.png,111.25,0.0,csv,csv_000008815,17
data\training_data\8816.png,102.5,1.0,csv,csv_000008816,17
data\training_data\8817.png,85.0,1.0,csv,csv_000008817,17
data\training_data\8818.png,102.5,1.0,csv,csv_000008818,17
data\training_data\8819.png,85.0,1.0,csv,csv_000008819,17
data\training_data\8820.png,85.0,1.0,csv,csv_000008820,17
data\training_data\8821.png,102.5,1.0,csv,csv_000008821,17
data\training_data\8822.png,58.75,1.0,csv,csv_000008822,17
data\training_data\8823.png,85.0,0.0,csv,csv_000008823,17
data\training_data\8824.png,85.0,1.0,csv,csv_000008824,17
data\training_data\8825.png,85.0,1.0,csv,csv_000008825,17
data\training_data\8826.png,98.125,0.0,csv,csv_000008826,17
data\training_data\8827.png,102.5,1.0,csv,csv_000008827,17
data\training_data\8828.png,85.0,1.0,csv,csv_000008828,17
data\training_data\8829.png,85.0,1.0,csv,csv_000008829,17
data\training_data\8830.png,85.0,0.0,csv,csv_000008830,17
data\training_data\8831.png,76.25,1.0,csv,csv_000008831,17
data\training_data\8832.png,85.0,1.0,csv,csv_000008832,17
data\training_data\8833.png,106.875,1.0,csv,csv_000008833,17
data\training_data\8834.png,54.375,1.0,csv,csv_000008834,17
data\training_data\8835.png,63.125,1.0,csv,csv_000008835,17
data\training_data\8836.png,89.375,1.0,csv,csv_000008836,17
data\training_data\8837.png,93.75,1.0,csv,csv_000008837,17
data\training_data\8838.png,63.125,0.0,csv,csv_000008838,17
data\training_data\8839.png,54.375,1.0,csv,csv_000008839,17
data\training_data\8840.png,89.375,1.0,csv,csv_000008840,17
data\training_data\8841.png,102.5,1.0,csv,csv_000008841,17
data\training_data\8842.png,89.375,1.0,csv,csv_000008842,17
data\training_data\8843.png,76.25,1.0,csv,csv_000008843,17
data\training_data\8844.png,102.5,1.0,csv,csv_000008844,17
data\training_data\8845.png,80.625,1.0,csv,csv_000008845,17
data\training_data\8846.png,106.875,1.0,csv,csv_000008846,17
data\training_data\8847.png,85.0,1.0,csv,csv_000008847,17
data\training_data\8848.png,58.75,1.0,csv,csv_000008848,17
data\training_data\8849.png,58.75,1.0,csv,csv_000008849,17
data\training_data\8850.png,111.25,1.0,csv,csv_000008850,17
data\training_data\8851.png,89.375,1.0,csv,csv_000008851,17
data\training_data\8852.png,85.0,0.0,csv,csv_000008852,17
data\training_data\8853.png,58.75,1.0,csv,csv_000008853,17
data\training_data\8854.png,80.625,1.0,csv,csv_000008854,17
data\training_data\8855.png,106.875,1.0,csv,csv_000008855,17
data\training_data\8856.png,106.875,1.0,csv,csv_000008856,17
data\training_data\8857.png,85.0,0.0,csv,csv_000008857,17
data\training_data\8858.png,106.875,1.0,csv,csv_000008858,17
data\training_data\8859.png,89.375,1.0,csv,csv_000008859,17
data\training_data\8860.png,102.5,1.0,csv,csv_000008860,17
data\training_data\8861.png,98.125,1.0,csv,csv_000008861,17
data\training_data\8862.png,58.75,1.0,csv,csv_000008862,17
data\training_data\8863.png,98.125,1.0,csv,csv_000008863,17
data\training_data\8864.png,85.0,0.0,csv,csv_000008864,17
data\training_data\8865.png,85.0,1.0,csv,csv_000008865,17
data\training_data\8866.png,89.375,1.0,csv,csv_000008866,17
data\training_data\8867.png,102.5,1.0,csv,csv_000008867,17
data\training_data\8868.png,89.375,1.0,csv,csv_000008868,17
data\training_data\8869.png,89.375,1.0,csv,csv_000008869,17
data\training_data\8870.png,89.375,1.0,csv,csv_000008870,17
data\training_data\8871.png,80.625,0.0,csv,csv_000008871,17
data\training_data\8872.png,50.0,1.0,csv,csv_000008872,17
data\training_data\8873.png,115.625,0.0,csv,csv_000008873,17
data\training_data\8874.png,76.25,1.0,csv,csv_000008874,17
data\training_data\8875.png,58.75,1.0,csv,csv_000008875,17
data\training_data\8876.png,58.75,1.0,csv,csv_000008876,17
data\training_data\8877.png,89.375,1.0,csv,csv_000008877,17
data\training_data\8878.png,85.0,1.0,csv,csv_000008878,17
data\training_data\8879.png,106.875,1.0,csv,csv_000008879,17
data\training_data\8880.png,106.875,1.0,csv,csv_000008880,17
data\training_data\8881.png,102.5,0.0,csv,csv_000008881,17
data\training_data\8882.png,106.875,1.0,csv,csv_000008882,17
data\training_data\8883.png,106.875,1.0,csv,csv_000008883,17
data\training_data\8884.png,106.875,1.0,csv,csv_000008884,17
data\training_data\8885.png,89.375,1.0,csv,csv_000008885,17
data\training_data\8886.png,93.75,1.0,csv,csv_000008886,17
data\training_data\8887.png,85.0,1.0,csv,csv_000008887,17
data\training_data\8888.png,80.625,1.0,csv,csv_000008888,17
data\training_data\8889.png,67.5,1.0,csv,csv_000008889,17
data\training_data\8890.png,85.0,1.0,csv,csv_000008890,17
data\training_data\8891.png,102.5,1.0,csv,csv_000008891,17
data\training_data\8892.png,115.625,1.0,csv,csv_000008892,17
data\training_data\8893.png,54.375,1.0,csv,csv_000008893,17
data\training_data\8894.png,89.375,1.0,csv,csv_000008894,17
data\training_data\8895.png,85.0,0.0,csv,csv_000008895,17
data\training_data\8896.png,89.375,1.0,csv,csv_000008896,17
data\training_data\8897.png,89.375,1.0,csv,csv_000008897,17
data\training_data\8898.png,102.5,1.0,csv,csv_000008898,17
data\training_data\8899.png,85.0,0.0,csv,csv_000008899,17
data\training_data\8900.png,89.375,1.0,csv,csv_000008900,17
data\training_data\8901.png,85.0,0.0,csv,csv_000008901,17
data\training_data\8902.png,106.875,0.0,csv,csv_000008902,17
data\training_data\8903.png,98.125,1.0,csv,csv_000008903,17
data\training_data\8904.png,80.625,1.0,csv,csv_000008904,17
data\training_data\8905.png,54.375,1.0,csv,csv_000008905,17
data\training_data\8906.png,85.0,1.0,csv,csv_000008906,17
data\training_data\8907.png,63.125,1.0,csv,csv_000008907,17
data\training_data\8908.png,106.875,1.0,csv,csv_000008908,17
data\training_data\8909.png,89.375,1.0,csv,csv_000008909,17
data\training_data\8910.png,63.125,1.0,csv,csv_000008910,17
data\training_data\8911.png,54.375,1.0,csv,csv_000008911,17
data\training_data\8912.png,58.75,1.0,csv,csv_000008912,17
data\training_data\8913.png,98.125,1.0,csv,csv_000008913,17
data\training_data\8914.png,76.25,1.0,csv,csv_000008914,17
data\training_data\8915.png,80.625,0.0,csv,csv_000008915,17
data\training_data\8916.png,85.0,0.0,csv,csv_000008916,17
data\training_data\8917.png,102.5,1.0,csv,csv_000008917,17
data\training_data\8918.png,102.5,1.0,csv,csv_000008918,17
data\training_data\8919.png,85.0,0.0,csv,csv_000008919,17
data\training_data\8920.png,54.375,1.0,csv,csv_000008920,17
data\training_data\8921.png,89.375,1.0,csv,csv_000008921,17
data\training_data\8922.png,80.625,1.0,csv,csv_000008922,17
data\training_data\8923.png,106.875,1.0,csv,csv_000008923,17
data\training_data\8924.png,85.0,0.0,csv,csv_000008924,17
data\training_data\8925.png,93.75,0.0,csv,csv_000008925,17
data\training_data\8926.png,102.5,1.0,csv,csv_000008926,17
data\training_data\8927.png,80.625,0.0,csv,csv_000008927,17
data\training_data\8928.png,85.0,1.0,csv,csv_000008928,17
data\training_data\8929.png,85.0,1.0,csv,csv_000008929,17
data\training_data\8930.png,85.0,1.0,csv,csv_000008930,17
data\training_data\8931.png,89.375,1.0,csv,csv_000008931,17
data\training_data\8932.png,85.0,0.0,csv,csv_000008932,17
data\training_data\8933.png,89.375,1.0,csv,csv_000008933,17
data\training_data\8934.png,93.75,1.0,csv,csv_000008934,17
data\training_data\8935.png,85.0,0.0,csv,csv_000008935,17
data\training_data\8936.png,54.375,1.0,csv,csv_000008936,17
data\training_data\8937.png,85.0,1.0,csv,csv_000008937,17
data\training_data\8938.png,85.0,1.0,csv,csv_000008938,17
data\training_data\8939.png,85.0,1.0,csv,csv_000008939,17
data\training_data\8940.png,89.375,1.0,csv,csv_000008940,17
data\training_data\8941.png,85.0,1.0,csv,csv_000008941,17
data\training_data\8942.png,111.25,1.0,csv,csv_000008942,17
data\training_data\8943.png,85.0,1.0,csv,csv_000008943,17
data\training_data\8944.png,80.625,1.0,csv,csv_000008944,17
data\training_data\8945.png,80.625,1.0,csv,csv_000008945,17
data\training_data\8946.png,85.0,1.0,csv,csv_000008946,17
data\training_data\8947.png,85.0,0.0,csv,csv_000008947,17
data\training_data\8948.png,111.25,1.0,csv,csv_000008948,17
data\training_data\8950.png,106.875,0.0,csv,csv_000008950,17
data\training_data\8951.png,102.5,1.0,csv,csv_000008951,17
data\training_data\8952.png,63.125,1.0,csv,csv_000008952,17
data\training_data\8953.png,54.375,1.0,csv,csv_000008953,17
data\training_data\8954.png,85.0,1.0,csv,csv_000008954,17
data\training_data\8955.png,102.5,1.0,csv,csv_000008955,17
data\training_data\8956.png,120.0,1.0,csv,csv_000008956,17
data\training_data\8957.png,89.375,1.0,csv,csv_000008957,17
data\training_data\8958.png,93.75,1.0,csv,csv_000008958,17
data\training_data\8959.png,85.0,1.0,csv,csv_000008959,17
data\training_data\8960.png,98.125,1.0,csv,csv_000008960,17
data\training_data\8961.png,58.75,1.0,csv,csv_000008961,17
data\training_data\8962.png,102.5,1.0,csv,csv_000008962,17
data\training_data\8963.png,98.125,1.0,csv,csv_000008963,17
data\training_data\8964.png,89.375,1.0,csv,csv_000008964,17
data\training_data\8965.png,98.125,0.0,csv,csv_000008965,17
data\training_data\8966.png,54.375,1.0,csv,csv_000008966,17
data\training_data\8967.png,54.375,1.0,csv,csv_000008967,17
data\training_data\8968.png,111.25,1.0,csv,csv_000008968,17
data\training_data\8969.png,106.875,1.0,csv,csv_000008969,17
data\training_data\8970.png,85.0,1.0,csv,csv_000008970,17
data\training_data\8971.png,102.5,0.0,csv,csv_000008971,17
data\training_data\8972.png,85.0,1.0,csv,csv_000008972,17
data\training_data\8973.png,58.75,1.0,csv,csv_000008973,17
data\training_data\8974.png,111.25,1.0,csv,csv_000008974,17
data\training_data\8975.png,58.75,1.0,csv,csv_000008975,17
data\training_data\8976.png,98.125,1.0,csv,csv_000008976,17
data\training_data\8977.png,80.625,1.0,csv,csv_000008977,17
data\training_data\8978.png,85.0,1.0,csv,csv_000008978,17
data\training_data\8979.png,80.625,1.0,csv,csv_000008979,17
data\training_data\8980.png,85.0,1.0,csv,csv_000008980,17
data\training_data\8981.png,93.75,1.0,csv,csv_000008981,17
data\training_data\8982.png,106.875,1.0,csv,csv_000008982,17
data\training_data\8983.png,85.0,1.0,csv,csv_000008983,17
data\training_data\8984.png,54.375,1.0,csv,csv_000008984,17
data\training_data\8985.png,106.875,1.0,csv,csv_000008985,17
data\training_data\8986.png,102.5,1.0,csv,csv_000008986,17
data\training_data\8987.png,58.75,1.0,csv,csv_000008987,17
data\training_data\8988.png,85.0,0.0,csv,csv_000008988,17
data\training_data\8989.png,111.25,0.0,csv,csv_000008989,17
data\training_data\8990.png,76.25,1.0,csv,csv_000008990,17
data\training_data\8991.png,85.0,0.0,csv,csv_000008991,17
data\training_data\8992.png,106.875,1.0,csv,csv_000008992,17
data\training_data\8993.png,85.0,1.0,csv,csv_000008993,17
data\training_data\8994.png,85.0,0.0,csv,csv_000008994,17
data\training_data\8995.png,102.5,1.0,csv,csv_000008995,17
data\training_data\8996.png,102.5,1.0,csv,csv_000008996,17
data\training_data\8997.png,89.375,1.0,csv,csv_000008997,17
data\training_data\8998.png,89.375,0.0,csv,csv_000008998,17
data\training_data\8999.png,89.375,1.0,csv,csv_000008999,17
data\training_data\9000.png,89.375,1.0,csv,csv_000009000,17
data\training_data\9001.png,120.0,1.0,csv,csv_000009001,17
data\training_data\9002.png,106.875,1.0,csv,csv_000009002,17
data\training_data\9003.png,58.75,1.0,csv,csv_000009003,17
data\training_data\9004.png,111.25,1.0,csv,csv_000009004,17
data\training_data\9005.png,50.0,1.0,csv,csv_000009005,17
data\training_data\9006.png,85.0,0.0,csv,csv_000009006,17
data\training_data\9007.png,106.875,1.0,csv,csv_000009007,17
data\training_data\9008.png,76.25,0.0,csv,csv_000009008,17
data\training_data\9009.png,93.75,1.0,csv,csv_000009009,17
data\training_data\9010.png,93.75,0.0,csv,csv_000009010,17
data\training_data\9011.png,98.125,1.0,csv,csv_000009011,17
data\training_data\9012.png,80.625,1.0,csv,csv_000009012,17
data\training_data\9013.png,98.125,1.0,csv,csv_000009013,17
data\training_data\9014.png,102.5,1.0,csv,csv_000009014,17
data\training_data\9015.png,106.875,1.0,csv,csv_000009015,17
data\training_data\9016.png,89.375,1.0,csv,csv_000009016,17
data\training_data\9017.png,85.0,1.0,csv,csv_000009017,17
data\training_data\9018.png,102.5,0.0,csv,csv_000009018,17
data\training_data\9019.png,58.75,1.0,csv,csv_000009019,17
data\training_data\9020.png,85.0,0.0,csv,csv_000009020,17
data\training_data\9021.png,106.875,1.0,csv,csv_000009021,17
data\training_data\9022.png,54.375,1.0,csv,csv_000009022,17
data\training_data\9023.png,89.375,0.0,csv,csv_000009023,17
data\training_data\9024.png,98.125,1.0,csv,csv_000009024,17
data\training_data\9025.png,80.625,1.0,csv,csv_000009025,17
data\training_data\9527.png,58.75,0.0,csv,csv_000009527,19
data\training_data\9528.png,98.125,1.0,csv,csv_000009528,19
data\training_data\9529.png,98.125,1.0,csv,csv_000009529,19
data\training_data\9530.png,106.875,0.0,csv,csv_000009530,19
data\training_data\9531.png,102.5,1.0,csv,csv_000009531,19
data\training_data\9532.png,106.875,1.0,csv,csv_000009532,19
data\training_data\9533.png,111.25,1.0,csv,csv_000009533,19
data\training_data\9534.png,89.375,1.0,csv,csv_000009534,19
data\training_data\9535.png,71.875,1.0,csv,csv_000009535,19
data\training_data\9536.png,93.75,1.0,csv,csv_000009536,19
data\training_data\9537.png,80.625,1.0,csv,csv_000009537,19
data\training_data\9538.png,102.5,1.0,csv,csv_000009538,19
data\training_data\9539.png,102.5,1.0,csv,csv_000009539,19
data\training_data\9540.png,98.125,1.0,csv,csv_000009540,19
data\training_data\9541.png,89.375,1.0,csv,csv_000009541,19
data\training_data\9542.png,106.875,1.0,csv,csv_000009542,19
data\training_data\9543.png,58.75,1.0,csv,csv_000009543,19
data\training_data\9544.png,106.875,1.0,csv,csv_000009544,19
data\training_data\9545.png,85.0,0.0,csv,csv_000009545,19
data\training_data\9546.png,85.0,0.0,csv,csv_000009546,19
data\training_data\9547.png,106.875,1.0,csv,csv_000009547,19
data\training_data\9548.png,98.125,1.0,csv,csv_000009548,19
data\training_data\9549.png,89.375,0.0,csv,csv_000009549,19
data\training_data\9550.png,58.75,1.0,csv,csv_000009550,19
data\training_data\9551.png,71.875,1.0,csv,csv_000009551,19
data\training_data\9552.png,85.0,0.0,csv,csv_000009552,19
data\training_data\9553.png,89.375,1.0,csv,csv_000009553,19
data\training_data\9554.png,80.625,1.0,csv,csv_000009554,19
data\training_data\9555.png,76.25,1.0,csv,csv_000009555,19
data\training_data\9556.png,106.875,1.0,csv,csv_000009556,19
data\training_data\9557.png,80.625,0.0,csv,csv_000009557,19
data\training_data\9558.png,58.75,1.0,csv,csv_000009558,19
data\training_data\9559.png,111.25,1.0,csv,csv_000009559,19
data\training_data\9560.png,58.75,1.0,csv,csv_000009560,19
data\training_data\9561.png,93.75,1.0,csv,csv_000009561,19
data\training_data\9562.png,58.75,1.0,csv,csv_000009562,19
data\training_data\9563.png,85.0,0.0,csv,csv_000009563,19
data\training_data\9564.png,106.875,1.0,csv,csv_000009564,19
data\training_data\9565.png,98.125,1.0,csv,csv_000009565,19
data\training_data\9566.png,76.25,1.0,csv,csv_000009566,19
data\training_data\9567.png,63.125,1.0,csv,csv_000009567,19
data\training_data\9568.png,58.75,1.0,csv,csv_000009568,19
data\training_data\9569.png,98.125,1.0,csv,csv_000009569,19
data\training_data\9570.png,98.125,1.0,csv,csv_000009570,19
data\training_data\9571.png,106.875,1.0,csv,csv_000009571,19
data\training_data\9572.png,106.875,1.0,csv,csv_000009572,19
data\training_data\9573.png,102.5,1.0,csv,csv_000009573,19
data\training_data\9574.png,85.0,1.0,csv,csv_000009574,19
data\training_data\9575.png,93.75,1.0,csv,csv_000009575,19
data\training_data\9576.png,85.0,1.0,csv,csv_000009576,19
data\training_data\9577.png,102.5,1.0,csv,csv_000009577,19
data\training_data\9578.png,102.5,1.0,csv,csv_000009578,19
data\training_data\9579.png,80.625,1.0,csv,csv_000009579,19
data\training_data\9580.png,93.75,0.0,csv,csv_000009580,19
data\training_data\9581.png,54.375,1.0,csv,csv_000009581,19
data\training_data\9582.png,98.125,1.0,csv,csv_000009582,19
data\training_data\9583.png,80.625,1.0,csv,csv_000009583,19
data\training_data\9584.png,106.875,1.0,csv,csv_000009584,19
data\training_data\9585.png,85.0,1.0,csv,csv_000009585,19
data\training_data\9586.png,76.25,1.0,csv,csv_000009586,19
data\training_data\9587.png,85.0,1.0,csv,csv_000009587,19
data\training_data\9588.png,106.875,1.0,csv,csv_000009588,19
data\training_data\9589.png,102.5,1.0,csv,csv_000009589,19
data\training_data\9590.png,58.75,1.0,csv,csv_000009590,19
data\training_data\9591.png,58.75,0.0,csv,csv_000009591,19
data\training_data\9592.png,76.25,1.0,csv,csv_000009592,19
data\training_data\9593.png,63.125,0.0,csv,csv_000009593,19
data\training_data\9594.png,93.75,1.0,csv,csv_000009594,19
data\training_data\9595.png,85.0,0.0,csv,csv_000009595,19
data\training_data\9596.png,120.0,1.0,csv,csv_000009596,19
data\training_data\9597.png,98.125,1.0,csv,csv_000009597,19
data\training_data\9598.png,93.75,1.0,csv,csv_000009598,19
data\training_data\9599.png,115.625,0.0,csv,csv_000009599,19
data\training_data\9600.png,106.875,1.0,csv,csv_000009600,19
data\training_data\9601.png,85.0,1.0,csv,csv_000009601,19
data\training_data\9602.png,58.75,1.0,csv,csv_000009602,19
data\training_data\9603.png,98.125,1.0,csv,csv_000009603,19
data\training_data\9604.png,102.5,1.0,csv,csv_000009604,19
data\training_data\9605.png,63.125,0.0,csv,csv_000009605,19
data\training_data\9606.png,67.5,0.0,csv,csv_000009606,19
data\training_data\9607.png,54.375,1.0,csv,csv_000009607,19
data\training_data\9608.png,106.875,1.0,csv,csv_000009608,19
data\training_data\9609.png,71.875,1.0,csv,csv_000009609,19
data\training_data\9610.png,98.125,1.0,csv,csv_000009610,19
data\training_data\9611.png,106.875,1.0,csv,csv_000009611,19
data\training_data\9612.png,67.5,1.0,csv,csv_000009612,19
data\training_data\9613.png,102.5,1.0,csv,csv_000009613,19
data\training_data\9614.png,58.75,1.0,csv,csv_000009614,19
data\training_data\9615.png,85.0,1.0,csv,csv_000009615,19
data\training_data\9616.png,106.875,1.0,csv,csv_000009616,19
data\training_data\9617.png,85.0,0.0,csv,csv_000009617,19
data\training_data\9618.png,85.0,1.0,csv,csv_000009618,19
data\training_data\9619.png,102.5,1.0,csv,csv_000009619,19
data\training_data\9620.png,111.25,1.0,csv,csv_000009620,19
data\training_data\9621.png,85.0,1.0,csv,csv_000009621,19
data\training_data\9622.png,89.375,1.0,csv,csv_000009622,19
data\training_data\9623.png,98.125,1.0,csv,csv_000009623,19
data\training_data\9624.png,102.5,1.0,csv,csv_000009624,19
data\training_data\9625.png,93.75,1.0,csv,csv_000009625,19
data\training_data\9626.png,85.0,0.0,csv,csv_000009626,19
data\training_data\9627.png,63.125,1.0,csv,csv_000009627,19
data\training_data\9628.png,54.375,1.0,csv,csv_000009628,19
data\training_data\9629.png,85.0,1.0,csv,csv_000009629,19
data\training_data\9631.png,80.625,1.0,csv,csv_000009631,19
data\training_data\9632.png,67.5,1.0,csv,csv_000009632,19
data\training_data\9633.png,85.0,1.0,csv,csv_000009633,19
data\training_data\9634.png,67.5,1.0,csv,csv_000009634,19
data\training_data\9635.png,111.25,0.0,csv,csv_000009635,19
data\training_data\9636.png,85.0,1.0,csv,csv_000009636,19
data\training_data\9637.png,76.25,1.0,csv,csv_000009637,19
data\training_data\9638.png,89.375,1.0,csv,csv_000009638,19
data\training_data\9639.png,98.125,1.0,csv,csv_000009639,19
data\training_data\9640.png,89.375,1.0,csv,csv_000009640,19
data\training_data\9641.png,89.375,1.0,csv,csv_000009641,19
data\training_data\9642.png,111.25,1.0,csv,csv_000009642,19
data\training_data\9643.png,89.375,1.0,csv,csv_000009643,19
data\training_data\9644.png,85.0,1.0,csv,csv_000009644,19
data\training_data\9645.png,93.75,1.0,csv,csv_000009645,19
data\training_data\9646.png,85.0,0.0,csv,csv_000009646,19
data\training_data\9647.png,102.5,0.0,csv,csv_000009647,19
data\training_data\9648.png,98.125,1.0,csv,csv_000009648,19
data\training_data\9649.png,89.375,1.0,csv,csv_000009649,19
data\training_data\9650.png,89.375,1.0,csv,csv_000009650,19
data\training_data\9651.png,85.0,1.0,csv,csv_000009651,19
data\training_data\9652.png,76.25,1.0,csv,csv_000009652,19
data\training_data\9653.png,106.875,1.0,csv,csv_000009653,19
data\training_data\9654.png,80.625,1.0,csv,csv_000009654,19
data\training_data\9655.png,85.0,1.0,csv,csv_000009655,19
data\training_data\9656.png,106.875,1.0,csv,csv_000009656,19
data\training_data\9658.png,85.0,0.0,csv,csv_000009658,19
data\training_data\9659.png,58.75,1.0,csv,csv_000009659,19
data\training_data\9660.png,85.0,1.0,csv,csv_000009660,19
data\training_data\9661.png,93.75,1.0,csv,csv_000009661,19
data\training_data\9662.png,89.375,1.0,csv,csv_000009662,19
data\training_data\9663.png,85.0,0.0,csv,csv_000009663,19
data\training_data\9664.png,102.5,1.0,csv,csv_000009664,19
data\training_data\9665.png,98.125,1.0,csv,csv_000009665,19
data\training_data\9666.png,102.5,0.0,csv,csv_000009666,19
data\training_data\9667.png,102.5,0.0,csv,csv_000009667,19
data\training_data\9668.png,102.5,1.0,csv,csv_000009668,19
data\training_data\9669.png,63.125,1.0,csv,csv_000009669,19
data\training_data\9670.png,89.375,1.0,csv,csv_000009670,19
data\training_data\9671.png,89.375,1.0,csv,csv_000009671,19
data\training_data\9672.png,102.5,1.0,csv,csv_000009672,19
data\training_data\9673.png,80.625,1.0,csv,csv_000009673,19
data\training_data\9674.png,80.625,1.0,csv,csv_000009674,19
data\training_data\9675.png,89.375,1.0,csv,csv_000009675,19
data\training_data\9676.png,102.5,1.0,csv,csv_000009676,19
data\training_data\9677.png,98.125,1.0,csv,csv_000009677,19
data\training_data\9678.png,85.0,1.0,csv,csv_000009678,19
data\training_data\9679.png,102.5,1.0,csv,csv_000009679,19
data\training_data\9680.png,89.375,0.0,csv,csv_000009680,19
data\training_data\9681.png,63.125,1.0,csv,csv_000009681,19
data\training_data\9682.png,89.375,1.0,csv,csv_000009682,19
data\training_data\9683.png,102.5,1.0,csv,csv_000009683,19
data\training_data\9684.png,76.25,1.0,csv,csv_000009684,19
data\training_data\9685.png,80.625,1.0,csv,csv_000009685,19
data\training_data\9686.png,106.875,1.0,csv,csv_000009686,19
data\training_data\9687.png,89.375,1.0,csv,csv_000009687,19
data\training_data\9688.png,85.0,1.0,csv,csv_000009688,19
data\training_data\9689.png,93.75,1.0,csv,csv_000009689,19
data\training_data\9690.png,98.125,1.0,csv,csv_000009690,19
data\training_data\9691.png,98.125,1.0,csv,csv_000009691,19
data\training_data\9692.png,93.75,1.0,csv,csv_000009692,19
data\training_data\9693.png,80.625,1.0,csv,csv_000009693,19
data\training_data\9694.png,102.5,1.0,csv,csv_000009694,19
data\training_data\9695.png,106.875,1.0,csv,csv_000009695,19
data\training_data\9696.png,85.0,0.0,csv,csv_000009696,19
data\training_data\9697.png,89.375,1.0,csv,csv_000009697,19
data\training_data\9698.png,63.125,1.0,csv,csv_000009698,19
data\training_data\9699.png,85.0,1.0,csv,csv_000009699,19
data\training_data\9700.png,93.75,1.0,csv,csv_000009700,19
data\training_data\9701.png,58.75,1.0,csv,csv_000009701,19
data\training_data\9702.png,111.25,1.0,csv,csv_000009702,19
data\training_data\9703.png,93.75,1.0,csv,csv_000009703,19
data\training_data\9704.png,89.375,1.0,csv,csv_000009704,19
data\training_data\9705.png,106.875,1.0,csv,csv_000009705,19
data\training_data\9706.png,76.25,0.0,csv,csv_000009706,19
data\training_data\9707.png,58.75,1.0,csv,csv_000009707,19
data\training_data\9708.png,93.75,0.0,csv,csv_000009708,19
data\training_data\9709.png,106.875,1.0,csv,csv_000009709,19
data\training_data\9710.png,89.375,1.0,csv,csv_000009710,19
data\training_data\9711.png,85.0,1.0,csv,csv_000009711,19
data\training_data\9712.png,63.125,1.0,csv,csv_000009712,19
data\training_data\9713.png,85.0,0.0,csv,csv_000009713,19
data\training_data\9714.png,85.0,1.0,csv,csv_000009714,19
data\training_data\9715.png,80.625,1.0,csv,csv_000009715,19
data\training_data\9716.png,85.0,0.0,csv,csv_000009716,19
data\training_data\9717.png,93.75,1.0,csv,csv_000009717,19
data\training_data\9718.png,85.0,1.0,csv,csv_000009718,19
data\training_data\9719.png,93.75,1.0,csv,csv_000009719,19
data\training_data\9720.png,80.625,1.0,csv,csv_000009720,19
data\training_data\9721.png,85.0,1.0,csv,csv_000009721,19
data\training_data\9722.png,58.75,1.0,csv,csv_000009722,19
data\training_data\9723.png,85.0,0.0,csv,csv_000009723,19
data\training_data\9724.png,98.125,1.0,csv,csv_000009724,19
data\training_data\9725.png,102.5,1.0,csv,csv_000009725,19
data\training_data\9726.png,89.375,1.0,csv,csv_000009726,19
data\training_data\9727.png,98.125,1.0,csv,csv_000009727,19
data\training_data\9728.png,106.875,1.0,csv,csv_000009728,19
data\training_data\9729.png,89.375,1.0,csv,csv_000009729,19
data\training_data\9730.png,85.0,0.0,csv,csv_000009730,19
data\training_data\9731.png,106.875,1.0,csv,csv_000009731,19
data\training_data\9732.png,76.25,1.0,csv,csv_000009732,19
data\training_data\9733.png,102.5,1.0,csv,csv_000009733,19
data\training_data\9734.png,85.0,1.0,csv,csv_000009734,19
data\training_data\9735.png,71.875,1.0,csv,csv_000009735,19
data\training_data\9736.png,63.125,1.0,csv,csv_000009736,19
data\training_data\9737.png,63.125,1.0,csv,csv_000009737,19
data\training_data\9738.png,102.5,0.0,csv,csv_000009738,19
data\training_data\9739.png,102.5,1.0,csv,csv_000009739,19
data\training_data\9740.png,85.0,0.0,csv,csv_000009740,19
data\training_data\9741.png,89.375,0.0,csv,csv_000009741,19
data\training_data\9742.png,111.25,0.0,csv,csv_000009742,19
data\training_data\9743.png,102.5,1.0,csv,csv_000009743,19
data\training_data\9744.png,58.75,1.0,csv,csv_000009744,19
data\training_data\9745.png,89.375,1.0,csv,csv_000009745,19
data\training_data\9746.png,67.5,1.0,csv,csv_000009746,19
data\training_data\9747.png,93.75,1.0,csv,csv_000009747,19
data\training_data\9748.png,102.5,0.0,csv,csv_000009748,19
data\training_data\9749.png,85.0,1.0,csv,csv_000009749,19
data\training_data\9750.png,106.875,1.0,csv,csv_000009750,19
data\training_data\9751.png,67.5,0.0,csv,csv_000009751,19
data\training_data\9752.png,85.0,1.0,csv,csv_000009752,19
data\training_data\9753.png,67.5,1.0,csv,csv_000009753,19
data\training_data\9754.png,102.5,1.0,csv,csv_000009754,19
data\training_data\9755.png,71.875,1.0,csv,csv_000009755,19
data\training_data\9756.png,89.375,1.0,csv,csv_000009756,19
data\training_data\9757.png,102.5,1.0,csv,csv_000009757,19
data\training_data\9758.png,98.125,1.0,csv,csv_000009758,19
data\training_data\9759.png,58.75,1.0,csv,csv_000009759,19
data\training_data\9760.png,106.875,1.0,csv,csv_000009760,19
data\training_data\9761.png,102.5,0.0,csv,csv_000009761,19
data\training_data\9762.png,63.125,1.0,csv,csv_000009762,19
data\training_data\9763.png,98.125,1.0,csv,csv_000009763,19
data\training_data\9764.png,89.375,1.0,csv,csv_000009764,19
data\training_data\9765.png,89.375,1.0,csv,csv_000009765,19
data\training_data\9766.png,58.75,1.0,csv,csv_000009766,19
data\training_data\9767.png,106.875,1.0,csv,csv_000009767,19
data\training_data\9768.png,58.75,1.0,csv,csv_000009768,19
data\training_data\9769.png,89.375,1.0,csv,csv_000009769,19
data\training_data\9770.png,50.0,1.0,csv,csv_000009770,19
data\training_data\9771.png,85.0,0.0,csv,csv_000009771,19
data\training_data\9772.png,85.0,0.0,csv,csv_000009772,19
data\training_data\9773.png,89.375,1.0,csv,csv_000009773,19
data\training_data\9774.png,85.0,0.0,csv,csv_000009774,19
data\training_data\9775.png,80.625,1.0,csv,csv_000009775,19
data\training_data\9776.png,89.375,1.0,csv,csv_000009776,19
data\training_data\9777.png,85.0,1.0,csv,csv_000009777,19
data\training_data\9778.png,93.75,1.0,csv,csv_000009778,19
data\training_data\9779.png,54.375,1.0,csv,csv_000009779,19
data\training_data\9780.png,67.5,1.0,csv,csv_000009780,19
data\training_data\9781.png,106.875,1.0,csv,csv_000009781,19
data\training_data\9782.png,85.0,0.0,csv,csv_000009782,19
data\training_data\9783.png,106.875,1.0,csv,csv_000009783,19
data\training_data\9784.png,89.375,1.0,csv,csv_000009784,19
data\training_data\9785.png,85.0,1.0,csv,csv_000009785,19
data\training_data\9786.png,111.25,1.0,csv,csv_000009786,19
data\training_data\9787.png,85.0,1.0,csv,csv_000009787,19
data\training_data\9788.png,58.75,1.0,csv,csv_000009788,19
data\training_data\9789.png,85.0,1.0,csv,csv_000009789,19
data\training_data\9790.png,111.25,1.0,csv,csv_000009790,19
data\training_data\9791.png,85.0,0.0,csv,csv_000009791,19
data\training_data\9792.png,89.375,1.0,csv,csv_000009792,19
data\training_data\9793.png,89.375,1.0,csv,csv_000009793,19
data\training_data\9794.png,80.625,1.0,csv,csv_000009794,19
data\training_data\9795.png,89.375,1.0,csv,csv_000009795,19
data\training_data\9796.png,89.375,1.0,csv,csv_000009796,19
data\training_data\9797.png,76.25,1.0,csv,csv_000009797,19
data\training_data\9798.png,102.5,1.0,csv,csv_000009798,19
data\training_data\9799.png,80.625,1.0,csv,csv_000009799,19
data\training_data\9800.png,106.875,1.0,csv,csv_000009800,19
data\training_data\9801.png,98.125,1.0,csv,csv_000009801,19
data\training_data\9802.png,85.0,1.0,csv,csv_000009802,19
data\training_data\9803.png,85.0,1.0,csv,csv_000009803,19
data\training_data\9804.png,98.125,1.0,csv,csv_000009804,19
data\training_data\9805.png,85.0,1.0,csv,csv_000009805,19
data\training_data\9806.png,85.0,1.0,csv,csv_000009806,19
data\training_data\9807.png,106.875,1.0,csv,csv_000009807,19
data\training_data\9808.png,111.25,1.0,csv,csv_000009808,19
data\training_data\9809.png,102.5,1.0,csv,csv_000009809,19
data\training_data\9810.png,89.375,0.0,csv,csv_000009810,19
data\training_data\9811.png,85.0,1.0,csv,csv_000009811,19
data\training_data\9812.png,106.875,1.0,csv,csv_000009812,19
data\training_data\9813.png,106.875,1.0,csv,csv_000009813,19
data\training_data\9814.png,98.125,1.0,csv,csv_000009814,19
data\training_data\9815.png,85.0,1.0,csv,csv_000009815,19
data\training_data\9816.png,63.125,1.0,csv,csv_000009816,19
data\training_data\9817.png,85.0,1.0,csv,csv_000009817,19
data\training_data\9818.png,106.875,1.0,csv,csv_000009818,19
data\training_data\9819.png,93.75,1.0,csv,csv_000009819,19
data\training_data\9820.png,58.75,1.0,csv,csv_000009820,19
data\training_data\9821.png,106.875,1.0,csv,csv_000009821,19
data\training_data\9822.png,93.75,1.0,csv,csv_000009822,19
data\training_data\9823.png,89.375,1.0,csv,csv_000009823,19
data\training_data\9824.png,85.0,1.0,csv,csv_000009824,19
data\training_data\9825.png,89.375,1.0,csv,csv_000009825,19
data\training_data\9826.png,63.125,1.0,csv,csv_000009826,19
data\training_data\9827.png,93.75,1.0,csv,csv_000009827,19
data\training_data\9828.png,120.0,1.0,csv,csv_000009828,19
data\training_data\9829.png,67.5,0.0,csv,csv_000009829,19
data\training_data\9830.png,85.0,0.0,csv,csv_000009830,19
data\training_data\9831.png,76.25,1.0,csv,csv_000009831,19
data\training_data\9832.png,85.0,0.0,csv,csv_000009832,19
data\training_data\9833.png,80.625,1.0,csv,csv_000009833,19
data\training_data\9834.png,89.375,1.0,csv,csv_000009834,19
data\training_data\9835.png,98.125,0.0,csv,csv_000009835,19
data\training_data\9836.png,102.5,0.0,csv,csv_000009836,19
data\training_data\9837.png,89.375,1.0,csv,csv_000009837,19
data\training_data\9838.png,85.0,1.0,csv,csv_000009838,19
data\training_data\9839.png,93.75,1.0,csv,csv_000009839,19
data\training_data\9840.png,76.25,0.0,csv,csv_000009840,19
data\training_data\9841.png,80.625,1.0,csv,csv_000009841,19
data\training_data\9842.png,85.0,1.0,csv,csv_000009842,19
data\training_data\9843.png,102.5,1.0,csv,csv_000009843,19
data\training_data\9844.png,85.0,1.0,csv,csv_000009844,19
data\training_data\9845.png,85.0,1.0,csv,csv_000009845,19
data\training_data\9846.png,85.0,1.0,csv,csv_000009846,19
data\training_data\9847.png,80.625,1.0,csv,csv_000009847,19
data\training_data\9848.png,106.875,1.0,csv,csv_000009848,19
data\training_data\9849.png,106.875,1.0,csv,csv_000009849,19
data\training_data\9850.png,98.125,1.0,csv,csv_000009850,19
data\training_data\9851.png,85.0,1.0,csv,csv_000009851,19
data\training_data\9852.png,85.0,0.0,csv,csv_000009852,19
data\training_data\9853.png,85.0,1.0,csv,csv_000009853,19
data\training_data\9854.png,98.125,1.0,csv,csv_000009854,19
data\training_data\9855.png,111.25,1.0,csv,csv_000009855,19
data\training_data\9856.png,85.0,0.0,csv,csv_000009856,19
data\training_data\9857.png,85.0,0.0,csv,csv_000009857,19
data\training_data\9858.png,67.5,1.0,csv,csv_000009858,19
data\training_data\9859.png,102.5,1.0,csv,csv_000009859,19
data\training_data\9860.png,89.375,1.0,csv,csv_000009860,19
data\training_data\9861.png,85.0,0.0,csv,csv_000009861,19
data\training_data\9862.png,80.625,1.0,csv,csv_000009862,19
data\training_data\9863.png,89.375,1.0,csv,csv_000009863,19
data\training_data\9864.png,71.875,1.0,csv,csv_000009864,19
data\training_data\9865.png,98.125,0.0,csv,csv_000009865,19
data\training_data\9866.png,89.375,1.0,csv,csv_000009866,19
data\training_data\9867.png,120.0,1.0,csv,csv_000009867,19
data\training_data\9868.png,85.0,1.0,csv,csv_000009868,19
data\training_data\9869.png,102.5,0.0,csv,csv_000009869,19
data\training_data\9870.png,102.5,1.0,csv,csv_000009870,19
data\training_data\9871.png,85.0,0.0,csv,csv_000009871,19
data\training_data\9872.png,102.5,1.0,csv,csv_000009872,19
data\training_data\9873.png,85.0,0.0,csv,csv_000009873,19
data\training_data\9874.png,98.125,1.0,csv,csv_000009874,19
data\training_data\9875.png,98.125,1.0,csv,csv_000009875,19
data\training_data\9876.png,80.625,1.0,csv,csv_000009876,19
data\training_data\9877.png,85.0,0.0,csv,csv_000009877,19
data\training_data\9878.png,102.5,1.0,csv,csv_000009878,19
data\training_data\9879.png,85.0,0.0,csv,csv_000009879,19
data\training_data\9880.png,85.0,1.0,csv,csv_000009880,19
data\training_data\9881.png,85.0,0.0,csv,csv_000009881,19
data\training_data\9882.png,85.0,1.0,csv,csv_000009882,19
data\training_data\9883.png,102.5,1.0,csv,csv_000009883,19
data\training_data\9884.png,58.75,1.0,csv,csv_000009884,19
data\training_data\9885.png,85.0,1.0,csv,csv_000009885,19
data\training_data\9886.png,93.75,0.0,csv,csv_000009886,19
data\training_data\9887.png,54.375,1.0,csv,csv_000009887,19
data\training_data\9888.png,50.0,1.0,csv,csv_000009888,19
data\training_data\9889.png,111.25,1.0,csv,csv_000009889,19
data\training_data\9890.png,102.5,1.0,csv,csv_000009890,19
data\training_data\9891.png,85.0,1.0,csv,csv_000009891,19
data\training_data\9892.png,93.75,1.0,csv,csv_000009892,19
data\training_data\9893.png,102.5,1.0,csv,csv_000009893,19
data\training_data\9894.png,85.0,0.0,csv,csv_000009894,19
data\training_data\9895.png,106.875,1.0,csv,csv_000009895,19
data\training_data\9896.png,58.75,1.0,csv,csv_000009896,19
data\training_data\9897.png,80.625,1.0,csv,csv_000009897,19
data\training_data\9898.png,85.0,1.0,csv,csv_000009898,19
data\training_data\9899.png,85.0,1.0,csv,csv_000009899,19
data\training_data\9900.png,85.0,1.0,csv,csv_000009900,19
data\training_data\9901.png,85.0,0.0,csv,csv_000009901,19
data\training_data\9902.png,93.75,1.0,csv,csv_000009902,19
data\training_data\9903.png,67.5,1.0,csv,csv_000009903,19
data\training_data\9904.png,85.0,0.0,csv,csv_000009904,19
data\training_data\9905.png,106.875,1.0,csv,csv_000009905,19
data\training_data\9906.png,111.25,1.0,csv,csv_000009906,19
data\training_data\9907.png,85.0,0.0,csv,csv_000009907,19
data\training_data\9908.png,50.0,1.0,csv,csv_000009908,19
data\training_data\9909.png,85.0,0.0,csv,csv_000009909,19
data\training_data\9910.png,111.25,1.0,csv,csv_000009910,19
data\training_data\9911.png,80.625,1.0,csv,csv_000009911,19
data\training_data\9912.png,85.0,1.0,csv,csv_000009912,19
data\training_data\9913.png,98.125,1.0,csv,csv_000009913,19
data\training_data\9914.png,71.875,1.0,csv,csv_000009914,19
data\training_data\9915.png,98.125,1.0,csv,csv_000009915,19
data\training_data\9916.png,89.375,1.0,csv,csv_000009916,19
data\training_data\9917.png,71.875,1.0,csv,csv_000009917,19
data\training_data\9918.png,93.75,1.0,csv,csv_000009918,19
data\training_data\9919.png,54.375,0.0,csv,csv_000009919,19
data\training_data\9920.png,111.25,0.0,csv,csv_000009920,19
data\training_data\9921.png,102.5,1.0,csv,csv_000009921,19
data\training_data\9922.png,106.875,1.0,csv,csv_000009922,19
data\training_data\9923.png,89.375,1.0,csv,csv_000009923,19
data\training_data\9924.png,85.0,0.0,csv,csv_000009924,19
data\training_data\9925.png,106.875,1.0,csv,csv_000009925,19
data\training_data\9926.png,106.875,1.0,csv,csv_000009926,19
data\training_data\9927.png,71.875,1.0,csv,csv_000009927,19
data\training_data\9928.png,85.0,1.0,csv,csv_000009928,19
data\training_data\9929.png,106.875,1.0,csv,csv_000009929,19
data\training_data\9930.png,85.0,1.0,csv,csv_000009930,19
data\training_data\9931.png,115.625,0.0,csv,csv_000009931,19
data\training_data\9932.png,85.0,1.0,csv,csv_000009932,19
data\training_data\9933.png,71.875,1.0,csv,csv_000009933,19
data\training_data\9934.png,58.75,1.0,csv,csv_000009934,19
data\training_data\9935.png,89.375,1.0,csv,csv_000009935,19
data\training_data\9936.png,85.0,1.0,csv,csv_000009936,19
data\training_data\9937.png,85.0,0.0,csv,csv_000009937,19
data\training_data\9938.png,85.0,1.0,csv,csv_000009938,19
data\training_data\9939.png,85.0,0.0,csv,csv_000009939,19
data\training_data\9940.png,85.0,1.0,csv,csv_000009940,19
data\training_data\9941.png,98.125,1.0,csv,csv_000009941,19
data\training_data\9942.png,111.25,0.0,csv,csv_000009942,19
data\training_data\9943.png,120.0,0.0,csv,csv_000009943,19
data\training_data\9944.png,102.5,1.0,csv,csv_000009944,19
data\training_data\9945.png,98.125,1.0,csv,csv_000009945,19
data\training_data\9946.png,76.25,1.0,csv,csv_000009946,19
data\training_data\9947.png,85.0,1.0,csv,csv_000009947,19
data\training_data\9948.png,98.125,1.0,csv,csv_000009948,19
data\training_data\9949.png,58.75,1.0,csv,csv_000009949,19
data\training_data\9950.png,98.125,0.0,csv,csv_000009950,19
data\training_data\9951.png,85.0,1.0,csv,csv_000009951,19
data\training_data\9952.png,111.25,1.0,csv,csv_000009952,19
data\training_data\9953.png,98.125,1.0,csv,csv_000009953,19
data\training_data\9954.png,63.125,1.0,csv,csv_000009954,19
data\training_data\9955.png,80.625,1.0,csv,csv_000009955,19
data\training_data\9956.png,85.0,1.0,csv,csv_000009956,19
data\training_data\9957.png,54.375,1.0,csv,csv_000009957,19
data\training_data\9958.png,102.5,1.0,csv,csv_000009958,19
data\training_data\9959.png,89.375,1.0,csv,csv_000009959,19
data\training_data\9960.png,93.75,1.0,csv,csv_000009960,19
data\training_data\9961.png,58.75,1.0,csv,csv_000009961,19
data\training_data\9962.png,80.625,1.0,csv,csv_000009962,19
data\training_data\9963.png,63.125,1.0,csv,csv_000009963,19
data\training_data\9964.png,89.375,0.0,csv,csv_000009964,19
data\training_data\9965.png,85.0,1.0,csv,csv_000009965,19
data\training_data\9966.png,111.25,0.0,csv,csv_000009966,19
data\training_data\9967.png,106.875,1.0,csv,csv_000009967,19
data\training_data\9968.png,50.0,0.0,csv,csv_000009968,19
data\training_data\9969.png,85.0,1.0,csv,csv_000009969,19
data\training_data\9970.png,120.0,1.0,csv,csv_000009970,19
data\training_data\9971.png,106.875,1.0,csv,csv_000009971,19
data\training_data\9972.png,85.0,0.0,csv,csv_000009972,19
data\training_data\9973.png,115.625,1.0,csv,csv_000009973,19
data\training_data\9974.png,67.5,0.0,csv,csv_000009974,19
data\training_data\9975.png,85.0,1.0,csv,csv_000009975,19
data\training_data\9976.png,98.125,1.0,csv,csv_000009976,19
data\training_data\9977.png,85.0,1.0,csv,csv_000009977,19
data\training_data\9978.png,89.375,1.0,csv,csv_000009978,19
data\training_data\9979.png,85.0,1.0,csv,csv_000009979,19
data\training_data\9980.png,85.0,1.0,csv,csv_000009980,19
data\training_data\9981.png,85.0,1.0,csv,csv_000009981,19
data\training_data\9982.png,76.25,1.0,csv,csv_000009982,19
data\training_data\9983.png,98.125,0.0,csv,csv_000009983,19
data\training_data\9984.png,85.0,1.0,csv,csv_000009984,19
data\training_data\9985.png,85.0,0.0,csv,csv_000009985,19
data\training_data\9986.png,120.0,1.0,csv,csv_000009986,19
data\training_data\9987.png,67.5,1.0,csv,csv_000009987,19
data\training_data\9988.png,80.625,1.0,csv,csv_000009988,19
data\training_data\9989.png,93.75,1.0,csv,csv_000009989,19
data\training_data\9990.png,89.375,1.0,csv,csv_000009990,19
data\training_data\9991.png,85.0,0.0,csv,csv_000009991,19
data\training_data\9992.png,102.5,0.0,csv,csv_000009992,19
data\training_data\9993.png,85.0,1.0,csv,csv_000009993,19
data\training_data\9994.png,67.5,1.0,csv,csv_000009994,19
data\training_data\9995.png,89.375,0.0,csv,csv_000009995,19
data\training_data\9996.png,85.0,1.0,csv,csv_000009996,19
data\training_data\9997.png,89.375,1.0,csv,csv_000009997,19
data\training_data\9998.png,98.125,1.0,csv,csv_000009998,19
data\training_data\9999.png,58.75,0.0,csv,csv_000009999,19
data\training_data\10000.png,85.0,0.0,csv,csv_000010000,19
data\training_data\10001.png,63.125,1.0,csv,csv_000010001,19
data\training_data\10002.png,58.75,1.0,csv,csv_000010002,19
data\training_data\10003.png,85.0,0.0,csv,csv_000010003,19
data\training_data\10004.png,98.125,1.0,csv,csv_000010004,19
data\training_data\10005.png,85.0,1.0,csv,csv_000010005,19
data\training_data\10006.png,85.0,1.0,csv,csv_000010006,19
data\training_data\10007.png,111.25,1.0,csv,csv_000010007,19
data\training_data\10008.png,89.375,0.0,csv,csv_000010008,19
data\training_data\10009.png,93.75,1.0,csv,csv_000010009,19
data\training_data\10010.png,98.125,0.0,csv,csv_000010010,19
data\training_data\10011.png,63.125,1.0,csv,csv_000010011,19
data\training_data\10012.png,85.0,0.0,csv,csv_000010012,19
data\training_data\10013.png,102.5,0.0,csv,csv_000010013,19
data\training_data\10014.png,54.375,0.0,csv,csv_000010014,19
data\training_data\10015.png,85.0,0.0,csv,csv_000010015,19
data\training_data\10016.png,89.375,1.0,csv,csv_000010016,19
data\training_data\10017.png,85.0,1.0,csv,csv_000010017,19
data\training_data\10018.png,89.375,1.0,csv,csv_000010018,19
data\training_data\10019.png,80.625,1.0,csv,csv_000010019,19
data\training_data\10020.png,80.625,1.0,csv,csv_000010020,19
data\training_data\10021.png,93.75,1.0,csv,csv_000010021,19
data\training_data\10022.png,85.0,1.0,csv,csv_000010022,19
data\training_data\10023.png,98.125,1.0,csv,csv_000010023,19
data\training_data\10024.png,89.375,1.0,csv,csv_000010024,19
data\training_data\10025.png,111.25,0.0,csv,csv_000010025,19
data\training_data\10026.png,80.625,1.0,csv,csv_000010026,19
data\training_data\10027.png,93.75,0.0,csv,csv_000010027,19
data\training_data\10028.png,85.0,1.0,csv,csv_000010028,19
data\training_data\10029.png,89.375,1.0,csv,csv_000010029,20
data\training_data\10030.png,85.0,1.0,csv,csv_000010030,20
data\training_data\10031.png,93.75,1.0,csv,csv_000010031,20
data\training_data\10032.png,111.25,1.0,csv,csv_000010032,20
data\training_data\10033.png,102.5,1.0,csv,csv_000010033,20
data\training_data\10034.png,85.0,1.0,csv,csv_000010034,20
data\training_data\10035.png,93.75,1.0,csv,csv_000010035,20
data\training_data\10036.png,85.0,0.0,csv,csv_000010036,20
data\training_data\10037.png,106.875,1.0,csv,csv_000010037,20
data\training_data\10038.png,85.0,0.0,csv,csv_000010038,20
data\training_data\10039.png,63.125,1.0,csv,csv_000010039,20
data\training_data\10040.png,58.75,1.0,csv,csv_000010040,20
data\training_data\10041.png,85.0,1.0,csv,csv_000010041,20
data\training_data\10042.png,102.5,1.0,csv,csv_000010042,20
data\training_data\10043.png,93.75,1.0,csv,csv_000010043,20
data\training_data\10044.png,85.0,1.0,csv,csv_000010044,20
data\training_data\10045.png,63.125,1.0,csv,csv_000010045,20
data\training_data\10046.png,93.75,1.0,csv,csv_000010046,20
data\training_data\10047.png,93.75,1.0,csv,csv_000010047,20
data\training_data\10048.png,98.125,1.0,csv,csv_000010048,20
data\training_data\10049.png,89.375,1.0,csv,csv_000010049,20
data\training_data\10050.png,80.625,1.0,csv,csv_000010050,20
data\training_data\10051.png,58.75,1.0,csv,csv_000010051,20
data\training_data\10052.png,85.0,1.0,csv,csv_000010052,20
data\training_data\10053.png,76.25,1.0,csv,csv_000010053,20
data\training_data\10054.png,102.5,1.0,csv,csv_000010054,20
data\training_data\10055.png,76.25,1.0,csv,csv_000010055,20
data\training_data\10056.png,80.625,0.0,csv,csv_000010056,20
data\training_data\10057.png,98.125,1.0,csv,csv_000010057,20
data\training_data\10058.png,85.0,1.0,csv,csv_000010058,20
data\training_data\10059.png,89.375,1.0,csv,csv_000010059,20
data\training_data\10060.png,85.0,1.0,csv,csv_000010060,20
data\training_data\10061.png,63.125,1.0,csv,csv_000010061,20
data\training_data\10062.png,80.625,1.0,csv,csv_000010062,20
data\training_data\10063.png,89.375,1.0,csv,csv_000010063,20
data\training_data\10064.png,67.5,1.0,csv,csv_000010064,20
data\training_data\10065.png,63.125,0.0,csv,csv_000010065,20
data\training_data\10066.png,102.5,1.0,csv,csv_000010066,20
data\training_data\10067.png,85.0,0.0,csv,csv_000010067,20
data\training_data\10068.png,106.875,1.0,csv,csv_000010068,20
data\training_data\10069.png,89.375,1.0,csv,csv_000010069,20
data\training_data\10070.png,85.0,1.0,csv,csv_000010070,20
data\training_data\10071.png,111.25,0.0,csv,csv_000010071,20
data\training_data\10072.png,93.75,1.0,csv,csv_000010072,20
data\training_data\10073.png,58.75,1.0,csv,csv_000010073,20
data\training_data\10074.png,80.625,1.0,csv,csv_000010074,20
data\training_data\10075.png,54.375,1.0,csv,csv_000010075,20
data\training_data\10076.png,89.375,1.0,csv,csv_000010076,20
data\training_data\10077.png,58.75,0.0,csv,csv_000010077,20
data\training_data\10078.png,85.0,1.0,csv,csv_000010078,20
data\training_data\10079.png,85.0,1.0,csv,csv_000010079,20
data\training_data\10080.png,58.75,1.0,csv,csv_000010080,20
data\training_data\10081.png,85.0,0.0,csv,csv_000010081,20
data\training_data\10082.png,85.0,1.0,csv,csv_000010082,20
data\training_data\10083.png,89.375,1.0,csv,csv_000010083,20
data\training_data\10084.png,76.25,1.0,csv,csv_000010084,20
data\training_data\10085.png,85.0,1.0,csv,csv_000010085,20
data\training_data\10086.png,85.0,1.0,csv,csv_000010086,20
data\training_data\10087.png,102.5,1.0,csv,csv_000010087,20
data\training_data\10088.png,102.5,1.0,csv,csv_000010088,20
data\training_data\10089.png,89.375,1.0,csv,csv_000010089,20
data\training_data\10090.png,102.5,1.0,csv,csv_000010090,20
data\training_data\10091.png,89.375,1.0,csv,csv_000010091,20
data\training_data\10092.png,102.5,1.0,csv,csv_000010092,20
data\training_data\10093.png,71.875,1.0,csv,csv_000010093,20
data\training_data\10094.png,85.0,1.0,csv,csv_000010094,20
data\training_data\10095.png,67.5,1.0,csv,csv_000010095,20
data\training_data\10096.png,85.0,1.0,csv,csv_000010096,20
data\training_data\10097.png,102.5,1.0,csv,csv_000010097,20
data\training_data\10098.png,98.125,1.0,csv,csv_000010098,20
data\training_data\10099.png,102.5,1.0,csv,csv_000010099,20
data\training_data\10100.png,85.0,1.0,csv,csv_000010100,20
data\training_data\10101.png,85.0,1.0,csv,csv_000010101,20
data\training_data\10102.png,85.0,0.0,csv,csv_000010102,20
data\training_data\10103.png,93.75,0.0,csv,csv_000010103,20
data\training_data\10104.png,93.75,1.0,csv,csv_000010104,20
data\training_data\10105.png,106.875,1.0,csv,csv_000010105,20
data\training_data\10106.png,54.375,0.0,csv,csv_000010106,20
data\training_data\10107.png,98.125,1.0,csv,csv_000010107,20
data\training_data\10108.png,102.5,1.0,csv,csv_000010108,20
data\training_data\10109.png,85.0,1.0,csv,csv_000010109,20
data\training_data\10110.png,85.0,1.0,csv,csv_000010110,20
data\training_data\10111.png,89.375,1.0,csv,csv_000010111,20
data\training_data\10112.png,120.0,0.0,csv,csv_000010112,20
data\training_data\10113.png,89.375,1.0,csv,csv_000010113,20
data\training_data\10114.png,89.375,0.0,csv,csv_000010114,20
data\training_data\10115.png,80.625,1.0,csv,csv_000010115,20
data\training_data\10116.png,85.0,1.0,csv,csv_000010116,20
data\training_data\10117.png,50.0,1.0,csv,csv_000010117,20
data\training_data\10118.png,89.375,1.0,csv,csv_000010118,20
data\training_data\10119.png,106.875,1.0,csv,csv_000010119,20
data\training_data\10120.png,85.0,0.0,csv,csv_000010120,20
data\training_data\10121.png,54.375,0.0,csv,csv_000010121,20
data\training_data\10122.png,76.25,1.0,csv,csv_000010122,20
data\training_data\10123.png,80.625,1.0,csv,csv_000010123,20
data\training_data\10124.png,63.125,1.0,csv,csv_000010124,20
data\training_data\10125.png,102.5,1.0,csv,csv_000010125,20
data\training_data\10126.png,89.375,0.0,csv,csv_000010126,20
data\training_data\10127.png,85.0,0.0,csv,csv_000010127,20
data\training_data\10128.png,89.375,1.0,csv,csv_000010128,20
data\training_data\10129.png,93.75,1.0,csv,csv_000010129,20
data\training_data\10130.png,98.125,1.0,csv,csv_000010130,20
data\training_data\10131.png,63.125,1.0,csv,csv_000010131,20
data\training_data\10132.png,67.5,1.0,csv,csv_000010132,20
data\training_data\10133.png,58.75,1.0,csv,csv_000010133,20
data\training_data\10134.png,98.125,1.0,csv,csv_000010134,20
data\training_data\10135.png,76.25,1.0,csv,csv_000010135,20
data\training_data\10136.png,93.75,1.0,csv,csv_000010136,20
data\training_data\10137.png,58.75,1.0,csv,csv_000010137,20
data\training_data\10138.png,80.625,1.0,csv,csv_000010138,20
data\training_data\10139.png,89.375,1.0,csv,csv_000010139,20
data\training_data\10140.png,85.0,0.0,csv,csv_000010140,20
data\training_data\10141.png,85.0,0.0,csv,csv_000010141,20
data\training_data\10142.png,85.0,1.0,csv,csv_000010142,20
data\training_data\10143.png,85.0,0.0,csv,csv_000010143,20
data\training_data\10144.png,80.625,1.0,csv,csv_000010144,20
data\training_data\10145.png,85.0,1.0,csv,csv_000010145,20
data\training_data\10147.png,102.5,1.0,csv,csv_000010147,20
data\training_data\10148.png,111.25,1.0,csv,csv_000010148,20
data\training_data\10149.png,58.75,1.0,csv,csv_000010149,20
data\training_data\10150.png,85.0,1.0,csv,csv_000010150,20
data\training_data\10151.png,106.875,1.0,csv,csv_000010151,20
data\training_data\10152.png,80.625,1.0,csv,csv_000010152,20
data\training_data\10153.png,98.125,1.0,csv,csv_000010153,20
data\training_data\10154.png,85.0,1.0,csv,csv_000010154,20
data\training_data\10155.png,89.375,1.0,csv,csv_000010155,20
data\training_data\10156.png,85.0,1.0,csv,csv_000010156,20
data\training_data\10157.png,85.0,1.0,csv,csv_000010157,20
data\training_data\10158.png,89.375,1.0,csv,csv_000010158,20
data\training_data\10159.png,58.75,1.0,csv,csv_000010159,20
data\training_data\10160.png,93.75,1.0,csv,csv_000010160,20
data\training_data\10161.png,85.0,1.0,csv,csv_000010161,20
data\training_data\10162.png,106.875,1.0,csv,csv_000010162,20
data\training_data\10163.png,89.375,1.0,csv,csv_000010163,20
data\training_data\10164.png,93.75,1.0,csv,csv_000010164,20
data\training_data\10165.png,102.5,1.0,csv,csv_000010165,20
data\training_data\10166.png,89.375,0.0,csv,csv_000010166,20
data\training_data\10167.png,85.0,1.0,csv,csv_000010167,20
data\training_data\10168.png,98.125,1.0,csv,csv_000010168,20
data\training_data\10169.png,98.125,1.0,csv,csv_000010169,20
data\training_data\10170.png,54.375,0.0,csv,csv_000010170,20
data\training_data\10171.png,93.75,1.0,csv,csv_000010171,20
data\training_data\10172.png,111.25,1.0,csv,csv_000010172,20
data\training_data\10173.png,89.375,1.0,csv,csv_000010173,20
data\training_data\10174.png,63.125,1.0,csv,csv_000010174,20
data\training_data\10175.png,89.375,1.0,csv,csv_000010175,20
data\training_data\10176.png,85.0,0.0,csv,csv_000010176,20
data\training_data\10177.png,106.875,1.0,csv,csv_000010177,20
data\training_data\10178.png,111.25,0.0,csv,csv_000010178,20
data\training_data\10179.png,85.0,1.0,csv,csv_000010179,20
data\training_data\10180.png,54.375,1.0,csv,csv_000010180,20
data\training_data\10181.png,76.25,1.0,csv,csv_000010181,20
data\training_data\10182.png,115.625,1.0,csv,csv_000010182,20
data\training_data\10183.png,85.0,1.0,csv,csv_000010183,20
data\training_data\10184.png,102.5,1.0,csv,csv_000010184,20
data\training_data\10185.png,85.0,0.0,csv,csv_000010185,20
data\training_data\10186.png,102.5,1.0,csv,csv_000010186,20
data\training_data\10187.png,50.0,0.0,csv,csv_000010187,20
data\training_data\10188.png,58.75,1.0,csv,csv_000010188,20
data\training_data\10189.png,98.125,0.0,csv,csv_000010189,20
data\training_data\10190.png,102.5,1.0,csv,csv_000010190,20
data\training_data\10191.png,58.75,1.0,csv,csv_000010191,20
data\training_data\10192.png,85.0,0.0,csv,csv_000010192,20
data\training_data\10193.png,50.0,1.0,csv,csv_000010193,20
data\training_data\10194.png,63.125,0.0,csv,csv_000010194,20
data\training_data\10195.png,85.0,1.0,csv,csv_000010195,20
data\training_data\10196.png,58.75,1.0,csv,csv_000010196,20
data\training_data\10197.png,58.75,1.0,csv,csv_000010197,20
data\training_data\10198.png,115.625,1.0,csv,csv_000010198,20
data\training_data\10199.png,85.0,1.0,csv,csv_000010199,20
data\training_data\10200.png,80.625,1.0,csv,csv_000010200,20
data\training_data\10201.png,85.0,0.0,csv,csv_000010201,20
data\training_data\10202.png,89.375,1.0,csv,csv_000010202,20
data\training_data\10203.png,89.375,1.0,csv,csv_000010203,20
data\training_data\10204.png,102.5,1.0,csv,csv_000010204,20
data\training_data\10205.png,93.75,1.0,csv,csv_000010205,20
data\training_data\10206.png,85.0,0.0,csv,csv_000010206,20
data\training_data\10207.png,111.25,1.0,csv,csv_000010207,20
data\training_data\10208.png,85.0,1.0,csv,csv_000010208,20
data\training_data\10209.png,106.875,1.0,csv,csv_000010209,20
data\training_data\10210.png,102.5,1.0,csv,csv_000010210,20
data\training_data\10211.png,89.375,1.0,csv,csv_000010211,20
data\training_data\10212.png,106.875,1.0,csv,csv_000010212,20
data\training_data\10213.png,106.875,0.0,csv,csv_000010213,20
data\training_data\10214.png,85.0,0.0,csv,csv_000010214,20
data\training_data\10215.png,63.125,1.0,csv,csv_000010215,20
data\training_data\10216.png,85.0,1.0,csv,csv_000010216,20
data\training_data\10217.png,76.25,0.0,csv,csv_000010217,20
data\training_data\10218.png,85.0,1.0,csv,csv_000010218,20
data\training_data\10219.png,71.875,1.0,csv,csv_000010219,20
data\training_data\10220.png,85.0,1.0,csv,csv_000010220,20
data\training_data\10221.png,89.375,1.0,csv,csv_000010221,20
data\training_data\10222.png,85.0,0.0,csv,csv_000010222,20
data\training_data\10223.png,93.75,1.0,csv,csv_000010223,20
data\training_data\10224.png,80.625,0.0,csv,csv_000010224,20
data\training_data\10225.png,71.875,1.0,csv,csv_000010225,20
data\training_data\10226.png,58.75,0.0,csv,csv_000010226,20
data\training_data\10227.png,85.0,0.0,csv,csv_000010227,20
data\training_data\10228.png,102.5,1.0,csv,csv_000010228,20
data\training_data\10229.png,120.0,1.0,csv,csv_000010229,20
data\training_data\10230.png,102.5,1.0,csv,csv_000010230,20
data\training_data\10231.png,85.0,0.0,csv,csv_000010231,20
data\training_data\10232.png,106.875,1.0,csv,csv_000010232,20
data\training_data\10233.png,102.5,1.0,csv,csv_000010233,20
data\training_data\10234.png,85.0,1.0,csv,csv_000010234,20
data\training_data\10235.png,58.75,1.0,csv,csv_000010235,20
data\training_data\10236.png,58.75,1.0,csv,csv_000010236,20
data\training_data\10237.png,85.0,1.0,csv,csv_000010237,20
data\training_data\10238.png,98.125,1.0,csv,csv_000010238,20
data\training_data\10239.png,80.625,1.0,csv,csv_000010239,20
data\training_data\10240.png,120.0,1.0,csv,csv_000010240,20
data\training_data\10241.png,106.875,1.0,csv,csv_000010241,20
data\training_data\10242.png,80.625,1.0,csv,csv_000010242,20
data\training_data\10243.png,58.75,1.0,csv,csv_000010243,20
data\training_data\10244.png,63.125,1.0,csv,csv_000010244,20
data\training_data\10245.png,98.125,0.0,csv,csv_000010245,20
data\training_data\10246.png,85.0,1.0,csv,csv_000010246,20
data\training_data\10247.png,85.0,1.0,csv,csv_000010247,20
data\training_data\10248.png,85.0,0.0,csv,csv_000010248,20
data\training_data\10249.png,76.25,1.0,csv,csv_000010249,20
data\training_data\10250.png,98.125,0.0,csv,csv_000010250,20
data\training_data\10251.png,80.625,0.0,csv,csv_000010251,20
data\training_data\10252.png,98.125,0.0,csv,csv_000010252,20
data\training_data\10253.png,111.25,1.0,csv,csv_000010253,20
data\training_data\10254.png,89.375,1.0,csv,csv_000010254,20
data\training_data\10255.png,80.625,1.0,csv,csv_000010255,20
data\training_data\10256.png,102.5,1.0,csv,csv_000010256,20
data\training_data\10257.png,106.875,1.0,csv,csv_000010257,20
data\training_data\10258.png,63.125,1.0,csv,csv_000010258,20
data\training_data\10259.png,85.0,0.0,csv,csv_000010259,20
data\training_data\10260.png,85.0,1.0,csv,csv_000010260,20
data\training_data\10261.png,67.5,1.0,csv,csv_000010261,20
data\training_data\10262.png,89.375,1.0,csv,csv_000010262,20
data\training_data\10263.png,89.375,1.0,csv,csv_000010263,20
data\training_data\10264.png,63.125,1.0,csv,csv_000010264,20
data\training_data\10265.png,102.5,1.0,csv,csv_000010265,20
data\training_data\10266.png,58.75,1.0,csv,csv_000010266,20
data\training_data\10267.png,58.75,1.0,csv,csv_000010267,20
data\training_data\10268.png,98.125,1.0,csv,csv_000010268,20
data\training_data\10269.png,98.125,1.0,csv,csv_000010269,20
data\training_data\10270.png,98.125,1.0,csv,csv_000010270,20
data\training_data\10271.png,93.75,1.0,csv,csv_000010271,20
data\training_data\10272.png,106.875,1.0,csv,csv_000010272,20
data\training_data\10273.png,54.375,1.0,csv,csv_000010273,20
data\training_data\10274.png,111.25,1.0,csv,csv_000010274,20
data\training_data\10275.png,71.875,1.0,csv,csv_000010275,20
data\training_data\10276.png,102.5,1.0,csv,csv_000010276,20
data\training_data\10277.png,80.625,1.0,csv,csv_000010277,20
data\training_data\10278.png,85.0,1.0,csv,csv_000010278,20
data\training_data\10279.png,89.375,1.0,csv,csv_000010279,20
data\training_data\10280.png,85.0,1.0,csv,csv_000010280,20
data\training_data\10281.png,89.375,1.0,csv,csv_000010281,20
data\training_data\10282.png,98.125,1.0,csv,csv_000010282,20
data\training_data\10283.png,102.5,1.0,csv,csv_000010283,20
data\training_data\10284.png,80.625,1.0,csv,csv_000010284,20
data\training_data\10285.png,85.0,1.0,csv,csv_000010285,20
data\training_data\10286.png,89.375,1.0,csv,csv_000010286,20
data\training_data\10287.png,98.125,0.0,csv,csv_000010287,20
data\training_data\10288.png,102.5,1.0,csv,csv_000010288,20
data\training_data\10289.png,102.5,1.0,csv,csv_000010289,20
data\training_data\10290.png,102.5,1.0,csv,csv_000010290,20
data\training_data\10291.png,71.875,1.0,csv,csv_000010291,20
data\training_data\10292.png,98.125,1.0,csv,csv_000010292,20
data\training_data\10293.png,98.125,0.0,csv,csv_000010293,20
data\training_data\10294.png,50.0,0.0,csv,csv_000010294,20
data\training_data\10295.png,102.5,1.0,csv,csv_000010295,20
data\training_data\10296.png,89.375,1.0,csv,csv_000010296,20
data\training_data\10297.png,67.5,1.0,csv,csv_000010297,20
data\training_data\10298.png,102.5,1.0,csv,csv_000010298,20
data\training_data\10299.png,89.375,1.0,csv,csv_000010299,20
data\training_data\10300.png,102.5,1.0,csv,csv_000010300,20
data\training_data\10301.png,58.75,1.0,csv,csv_000010301,20
data\training_data\10302.png,102.5,1.0,csv,csv_000010302,20
data\training_data\10303.png,58.75,1.0,csv,csv_000010303,20
data\training_data\10304.png,102.5,0.0,csv,csv_000010304,20
data\training_data\10305.png,54.375,1.0,csv,csv_000010305,20
data\training_data\10306.png,76.25,1.0,csv,csv_000010306,20
data\training_data\10307.png,63.125,1.0,csv,csv_000010307,20
data\training_data\10308.png,85.0,0.0,csv,csv_000010308,20
data\training_data\10309.png,85.0,1.0,csv,csv_000010309,20
data\training_data\10310.png,58.75,1.0,csv,csv_000010310,20
data\training_data\10311.png,80.625,1.0,csv,csv_000010311,20
data\training_data\10312.png,67.5,0.0,csv,csv_000010312,20
data\training_data\10313.png,98.125,1.0,csv,csv_000010313,20
data\training_data\10314.png,120.0,1.0,csv,csv_000010314,20
data\training_data\10315.png,58.75,1.0,csv,csv_000010315,20
data\training_data\10316.png,111.25,0.0,csv,csv_000010316,20
data\training_data\10317.png,98.125,1.0,csv,csv_000010317,20
data\training_data\10318.png,54.375,0.0,csv,csv_000010318,20
data\training_data\10319.png,76.25,1.0,csv,csv_000010319,20
data\training_data\10320.png,85.0,1.0,csv,csv_000010320,20
data\training_data\10321.png,89.375,1.0,csv,csv_000010321,20
data\training_data\10322.png,89.375,0.0,csv,csv_000010322,20
data\training_data\10323.png,85.0,1.0,csv,csv_000010323,20
data\training_data\10324.png,89.375,1.0,csv,csv_000010324,20
data\training_data\10325.png,106.875,0.0,csv,csv_000010325,20
data\training_data\10326.png,89.375,1.0,csv,csv_000010326,20
data\training_data\10327.png,98.125,1.0,csv,csv_000010327,20
data\training_data\10328.png,89.375,1.0,csv,csv_000010328,20
data\training_data\10329.png,89.375,1.0,csv,csv_000010329,20
data\training_data\10330.png,102.5,1.0,csv,csv_000010330,20
data\training_data\10331.png,71.875,1.0,csv,csv_000010331,20
data\training_data\10332.png,85.0,1.0,csv,csv_000010332,20
data\training_data\10333.png,93.75,1.0,csv,csv_000010333,20
data\training_data\10334.png,102.5,0.0,csv,csv_000010334,20
data\training_data\10335.png,89.375,1.0,csv,csv_000010335,20
data\training_data\10336.png,93.75,1.0,csv,csv_000010336,20
data\training_data\10337.png,63.125,1.0,csv,csv_000010337,20
data\training_data\10338.png,89.375,1.0,csv,csv_000010338,20
data\training_data\10339.png,71.875,1.0,csv,csv_000010339,20
data\training_data\10340.png,85.0,1.0,csv,csv_000010340,20
data\training_data\10341.png,85.0,1.0,csv,csv_000010341,20
data\training_data\10342.png,80.625,1.0,csv,csv_000010342,20
data\training_data\10343.png,89.375,1.0,csv,csv_000010343,20
data\training_data\10344.png,58.75,1.0,csv,csv_000010344,20
data\training_data\10345.png,58.75,1.0,csv,csv_000010345,20
data\training_data\10346.png,89.375,1.0,csv,csv_000010346,20
data\training_data\10347.png,98.125,1.0,csv,csv_000010347,20
data\training_data\10348.png,106.875,1.0,csv,csv_000010348,20
data\training_data\10349.png,85.0,1.0,csv,csv_000010349,20
data\training_data\10350.png,89.375,1.0,csv,csv_000010350,20
data\training_data\10351.png,80.625,1.0,csv,csv_000010351,20
data\training_data\10352.png,63.125,1.0,csv,csv_000010352,20
data\training_data\10353.png,63.125,1.0,csv,csv_000010353,20
data\training_data\10354.png,106.875,1.0,csv,csv_000010354,20
data\training_data\10355.png,63.125,1.0,csv,csv_000010355,20
data\training_data\10356.png,106.875,0.0,csv,csv_000010356,20
data\training_data\10357.png,85.0,1.0,csv,csv_000010357,20
data\training_data\10358.png,76.25,1.0,csv,csv_000010358,20
data\training_data\10359.png,89.375,1.0,csv,csv_000010359,20
data\training_data\10360.png,58.75,1.0,csv,csv_000010360,20
data\training_data\10361.png,76.25,1.0,csv,csv_000010361,20
data\training_data\10362.png,76.25,0.0,csv,csv_000010362,20
data\training_data\10363.png,106.875,1.0,csv,csv_000010363,20
data\training_data\10364.png,102.5,1.0,csv,csv_000010364,20
data\training_data\10365.png,85.0,1.0,csv,csv_000010365,20
data\training_data\10366.png,98.125,1.0,csv,csv_000010366,20
data\training_data\10367.png,85.0,1.0,csv,csv_000010367,20
data\training_data\10368.png,85.0,0.0,csv,csv_000010368,20
data\training_data\10369.png,102.5,0.0,csv,csv_000010369,20
data\training_data\10370.png,111.25,1.0,csv,csv_000010370,20
data\training_data\10371.png,115.625,1.0,csv,csv_000010371,20
data\training_data\10372.png,71.875,1.0,csv,csv_000010372,20
data\training_data\10373.png,85.0,0.0,csv,csv_000010373,20
data\training_data\10374.png,106.875,1.0,csv,csv_000010374,20
data\training_data\10375.png,58.75,1.0,csv,csv_000010375,20
data\training_data\10376.png,111.25,0.0,csv,csv_000010376,20
data\training_data\10377.png,67.5,1.0,csv,csv_000010377,20
data\training_data\10378.png,50.0,1.0,csv,csv_000010378,20
data\training_data\10379.png,102.5,1.0,csv,csv_000010379,20
data\training_data\10380.png,63.125,1.0,csv,csv_000010380,20
data\training_data\10381.png,102.5,0.0,csv,csv_000010381,20
data\training_data\10382.png,63.125,1.0,csv,csv_000010382,20
data\training_data\10383.png,80.625,1.0,csv,csv_000010383,20
data\training_data\10384.png,102.5,1.0,csv,csv_000010384,20
data\training_data\10385.png,76.25,1.0,csv,csv_000010385,20
data\training_data\10386.png,102.5,1.0,csv,csv_000010386,20
data\training_data\10387.png,63.125,1.0,csv,csv_000010387,20
data\training_data\10388.png,120.0,0.0,csv,csv_000010388,20
data\training_data\10389.png,85.0,1.0,csv,csv_000010389,20
data\training_data\10390.png,85.0,0.0,csv,csv_000010390,20
data\training_data\10391.png,67.5,0.0,csv,csv_000010391,20
data\training_data\10392.png,93.75,0.0,csv,csv_000010392,20
data\training_data\10393.png,89.375,0.0,csv,csv_000010393,20
data\training_data\10394.png,58.75,1.0,csv,csv_000010394,20
data\training_data\10395.png,106.875,1.0,csv,csv_000010395,20
data\training_data\10396.png,80.625,1.0,csv,csv_000010396,20
data\training_data\10397.png,58.75,1.0,csv,csv_000010397,20
data\training_data\10398.png,98.125,1.0,csv,csv_000010398,20
data\training_data\10399.png,102.5,1.0,csv,csv_000010399,20
data\training_data\10400.png,85.0,0.0,csv,csv_000010400,20
data\training_data\10401.png,89.375,1.0,csv,csv_000010401,20
data\training_data\10402.png,98.125,1.0,csv,csv_000010402,20
data\training_data\10403.png,58.75,1.0,csv,csv_000010403,20
data\training_data\10404.png,85.0,0.0,csv,csv_000010404,20
data\training_data\10405.png,106.875,1.0,csv,csv_000010405,20
data\training_data\10406.png,85.0,0.0,csv,csv_000010406,20
data\training_data\10407.png,89.375,1.0,csv,csv_000010407,20
data\training_data\10408.png,102.5,1.0,csv,csv_000010408,20
data\training_data\10409.png,85.0,1.0,csv,csv_000010409,20
data\training_data\10410.png,102.5,0.0,csv,csv_000010410,20
data\training_data\10411.png,85.0,1.0,csv,csv_000010411,20
data\training_data\10412.png,85.0,1.0,csv,csv_000010412,20
data\training_data\10413.png,85.0,0.0,csv,csv_000010413,20
data\training_data\10414.png,85.0,1.0,csv,csv_000010414,20
data\training_data\10415.png,76.25,1.0,csv,csv_000010415,20
data\training_data\10416.png,106.875,1.0,csv,csv_000010416,20
data\training_data\10417.png,80.625,1.0,csv,csv_000010417,20
data\training_data\10418.png,102.5,1.0,csv,csv_000010418,20
data\training_data\10419.png,102.5,1.0,csv,csv_000010419,20
data\training_data\10420.png,85.0,1.0,csv,csv_000010420,20
data\training_data\10421.png,89.375,1.0,csv,csv_000010421,20
data\training_data\10422.png,93.75,1.0,csv,csv_000010422,20
data\training_data\10423.png,80.625,1.0,csv,csv_000010423,20
data\training_data\10424.png,85.0,1.0,csv,csv_000010424,20
data\training_data\10425.png,80.625,1.0,csv,csv_000010425,20
data\training_data\10426.png,89.375,0.0,csv,csv_000010426,20
data\training_data\10427.png,85.0,1.0,csv,csv_000010427,20
data\training_data\10428.png,85.0,1.0,csv,csv_000010428,20
data\training_data\10429.png,89.375,1.0,csv,csv_000010429,20
data\training_data\10430.png,58.75,1.0,csv,csv_000010430,20
data\training_data\10431.png,85.0,1.0,csv,csv_000010431,20
data\training_data\10432.png,102.5,0.0,csv,csv_000010432,20
data\training_data\10433.png,98.125,0.0,csv,csv_000010433,20
data\training_data\10434.png,80.625,1.0,csv,csv_000010434,20
data\training_data\10435.png,89.375,1.0,csv,csv_000010435,20
data\training_data\10436.png,93.75,1.0,csv,csv_000010436,20
data\training_data\10437.png,85.0,1.0,csv,csv_000010437,20
data\training_data\10438.png,63.125,1.0,csv,csv_000010438,20
data\training_data\10439.png,76.25,0.0,csv,csv_000010439,20
data\training_data\10440.png,93.75,0.0,csv,csv_000010440,20
data\training_data\10441.png,67.5,1.0,csv,csv_000010441,20
data\training_data\10442.png,63.125,1.0,csv,csv_000010442,20
data\training_data\10443.png,54.375,1.0,csv,csv_000010443,20
data\training_data\10444.png,58.75,1.0,csv,csv_000010444,20
data\training_data\10445.png,85.0,0.0,csv,csv_000010445,20
data\training_data\10446.png,93.75,1.0,csv,csv_000010446,20
data\training_data\10447.png,85.0,0.0,csv,csv_000010447,20
data\training_data\10448.png,85.0,1.0,csv,csv_000010448,20
data\training_data\10449.png,80.625,1.0,csv,csv_000010449,20
data\training_data\10450.png,106.875,0.0,csv,csv_000010450,20
data\training_data\10451.png,102.5,1.0,csv,csv_000010451,20
data\training_data\10452.png,93.75,1.0,csv,csv_000010452,20
data\training_data\10453.png,93.75,1.0,csv,csv_000010453,20
data\training_data\10454.png,54.375,0.0,csv,csv_000010454,20
data\training_data\10455.png,54.375,1.0,csv,csv_000010455,20
data\training_data\10456.png,85.0,1.0,csv,csv_000010456,20
data\training_data\10457.png,58.75,1.0,csv,csv_000010457,20
data\training_data\10458.png,85.0,1.0,csv,csv_000010458,20
data\training_data\10459.png,89.375,0.0,csv,csv_000010459,20
data\training_data\10460.png,102.5,0.0,csv,csv_000010460,20
data\training_data\10461.png,89.375,1.0,csv,csv_000010461,20
data\training_data\10462.png,98.125,1.0,csv,csv_000010462,20
data\training_data\10463.png,85.0,0.0,csv,csv_000010463,20
data\training_data\10464.png,76.25,1.0,csv,csv_000010464,20
data\training_data\10465.png,111.25,0.0,csv,csv_000010465,20
data\training_data\10466.png,80.625,1.0,csv,csv_000010466,20
data\training_data\10467.png,85.0,1.0,csv,csv_000010467,20
data\training_data\10468.png,63.125,1.0,csv,csv_000010468,20
data\training_data\10469.png,102.5,1.0,csv,csv_000010469,20
data\training_data\10470.png,85.0,0.0,csv,csv_000010470,20
data\training_data\10471.png,98.125,0.0,csv,csv_000010471,20
data\training_data\10472.png,98.125,1.0,csv,csv_000010472,20
data\training_data\10473.png,102.5,1.0,csv,csv_000010473,20
data\training_data\10474.png,89.375,1.0,csv,csv_000010474,20
data\training_data\10475.png,85.0,0.0,csv,csv_000010475,20
data\training_data\10476.png,67.5,1.0,csv,csv_000010476,20
data\training_data\10477.png,102.5,1.0,csv,csv_000010477,20
data\training_data\10478.png,89.375,1.0,csv,csv_000010478,20
data\training_data\10479.png,71.875,1.0,csv,csv_000010479,20
data\training_data\10480.png,58.75,1.0,csv,csv_000010480,20
data\training_data\10481.png,58.75,0.0,csv,csv_000010481,20
data\training_data\10482.png,93.75,1.0,csv,csv_000010482,20
data\training_data\10483.png,106.875,1.0,csv,csv_000010483,20
data\training_data\10484.png,63.125,1.0,csv,csv_000010484,20
data\training_data\10485.png,106.875,0.0,csv,csv_000010485,20
data\training_data\10486.png,85.0,0.0,csv,csv_000010486,20
data\training_data\10487.png,89.375,1.0,csv,csv_000010487,20
data\training_data\10488.png,98.125,1.0,csv,csv_000010488,20
data\training_data\10489.png,58.75,1.0,csv,csv_000010489,20
data\training_data\10490.png,54.375,1.0,csv,csv_000010490,20
data\training_data\10491.png,85.0,1.0,csv,csv_000010491,20
data\training_data\10492.png,54.375,1.0,csv,csv_000010492,20
data\training_data\10493.png,89.375,0.0,csv,csv_000010493,20
data\training_data\10494.png,85.0,1.0,csv,csv_000010494,20
data\training_data\10495.png,58.75,1.0,csv,csv_000010495,20
data\training_data\10496.png,106.875,1.0,csv,csv_000010496,20
data\training_data\10497.png,85.0,1.0,csv,csv_000010497,20
data\training_data\10498.png,106.875,1.0,csv,csv_000010498,20
data\training_data\10499.png,111.25,0.0,csv,csv_000010499,20
data\training_data\10500.png,63.125,1.0,csv,csv_000010500,20
data\training_data\10501.png,89.375,1.0,csv,csv_000010501,20
data\training_data\10502.png,85.0,1.0,csv,csv_000010502,20
data\training_data\10503.png,89.375,1.0,csv,csv_000010503,20
data\training_data\10504.png,106.875,0.0,csv,csv_000010504,20
data\training_data\10505.png,89.375,1.0,csv,csv_000010505,20
data\training_data\10506.png,89.375,1.0,csv,csv_000010506,20
data\training_data\10507.png,111.25,0.0,csv,csv_000010507,20
data\training_data\10508.png,85.0,0.0,csv,csv_000010508,20
data\training_data\10509.png,89.375,1.0,csv,csv_000010509,20
data\training_data\10510.png,85.0,0.0,csv,csv_000010510,20
data\training_data\10511.png,98.125,1.0,csv,csv_000010511,20
data\training_data\10512.png,76.25,1.0,csv,csv_000010512,20
data\training_data\10513.png,106.875,1.0,csv,csv_000010513,20
data\training_data\10514.png,93.75,1.0,csv,csv_000010514,20
data\training_data\10515.png,102.5,0.0,csv,csv_000010515,20
data\training_data\10516.png,85.0,0.0,csv,csv_000010516,20
data\training_data\10517.png,102.5,1.0,csv,csv_000010517,20
data\training_data\10518.png,85.0,0.0,csv,csv_000010518,20
data\training_data\10519.png,106.875,1.0,csv,csv_000010519,20
data\training_data\10520.png,102.5,0.0,csv,csv_000010520,20
data\training_data\10521.png,111.25,1.0,csv,csv_000010521,20
data\training_data\10522.png,58.75,1.0,csv,csv_000010522,20
data\training_data\10523.png,85.0,0.0,csv,csv_000010523,20
data\training_data\10524.png,76.25,1.0,csv,csv_000010524,20
data\training_data\10525.png,85.0,0.0,csv,csv_000010525,20
data\training_data\10526.png,106.875,1.0,csv,csv_000010526,20
data\training_data\10527.png,58.75,1.0,csv,csv_000010527,20
data\training_data\10528.png,98.125,1.0,csv,csv_000010528,20
data\training_data\10529.png,85.0,1.0,csv,csv_000010529,20
data\training_data\11030.png,50.0,1.0,csv,csv_000011030,22
data\training_data\11031.png,89.375,0.0,csv,csv_000011031,22
data\training_data\11032.png,89.375,1.0,csv,csv_000011032,22
data\training_data\11033.png,58.75,1.0,csv,csv_000011033,22
data\training_data\11034.png,80.625,1.0,csv,csv_000011034,22
data\training_data\11035.png,89.375,0.0,csv,csv_000011035,22
data\training_data\11036.png,93.75,1.0,csv,csv_000011036,22
data\training_data\11037.png,89.375,0.0,csv,csv_000011037,22
data\training_data\11038.png,106.875,1.0,csv,csv_000011038,22
data\training_data\11039.png,58.75,1.0,csv,csv_000011039,22
data\training_data\11040.png,58.75,0.0,csv,csv_000011040,22
data\training_data\11041.png,80.625,1.0,csv,csv_000011041,22
data\training_data\11042.png,102.5,1.0,csv,csv_000011042,22
data\training_data\11043.png,102.5,1.0,csv,csv_000011043,22
data\training_data\11044.png,85.0,0.0,csv,csv_000011044,22
data\training_data\11045.png,58.75,1.0,csv,csv_000011045,22
data\training_data\11046.png,58.75,1.0,csv,csv_000011046,22
data\training_data\11047.png,63.125,1.0,csv,csv_000011047,22
data\training_data\11048.png,106.875,1.0,csv,csv_000011048,22
data\training_data\11049.png,85.0,0.0,csv,csv_000011049,22
data\training_data\11050.png,85.0,1.0,csv,csv_000011050,22
data\training_data\11051.png,89.375,1.0,csv,csv_000011051,22
data\training_data\11052.png,71.875,1.0,csv,csv_000011052,22
data\training_data\11053.png,58.75,0.0,csv,csv_000011053,22
data\training_data\11054.png,63.125,1.0,csv,csv_000011054,22
data\training_data\11055.png,85.0,1.0,csv,csv_000011055,22
data\training_data\11056.png,106.875,1.0,csv,csv_000011056,22
data\training_data\11057.png,63.125,1.0,csv,csv_000011057,22
data\training_data\11058.png,89.375,1.0,csv,csv_000011058,22
data\training_data\11059.png,106.875,1.0,csv,csv_000011059,22
data\training_data\11060.png,76.25,1.0,csv,csv_000011060,22
data\training_data\11061.png,85.0,0.0,csv,csv_000011061,22
data\training_data\11062.png,58.75,1.0,csv,csv_000011062,22
data\training_data\11063.png,85.0,1.0,csv,csv_000011063,22
data\training_data\11064.png,67.5,1.0,csv,csv_000011064,22
data\training_data\11065.png,80.625,1.0,csv,csv_000011065,22
data\training_data\11066.png,85.0,1.0,csv,csv_000011066,22
data\training_data\11067.png,58.75,1.0,csv,csv_000011067,22
data\training_data\11068.png,106.875,1.0,csv,csv_000011068,22
data\training_data\11069.png,85.0,0.0,csv,csv_000011069,22
data\training_data\11070.png,67.5,1.0,csv,csv_000011070,22
data\training_data\11071.png,102.5,1.0,csv,csv_000011071,22
data\training_data\11072.png,85.0,0.0,csv,csv_000011072,22
data\training_data\11073.png,106.875,1.0,csv,csv_000011073,22
data\training_data\11074.png,93.75,1.0,csv,csv_000011074,22
data\training_data\11075.png,89.375,1.0,csv,csv_000011075,22
data\training_data\11076.png,102.5,1.0,csv,csv_000011076,22
data\training_data\11077.png,98.125,1.0,csv,csv_000011077,22
data\training_data\11078.png,89.375,0.0,csv,csv_000011078,22
data\training_data\11079.png,67.5,1.0,csv,csv_000011079,22
data\training_data\11080.png,89.375,1.0,csv,csv_000011080,22
data\training_data\11081.png,106.875,1.0,csv,csv_000011081,22
data\training_data\11082.png,98.125,1.0,csv,csv_000011082,22
data\training_data\11083.png,85.0,1.0,csv,csv_000011083,22
data\training_data\11084.png,85.0,1.0,csv,csv_000011084,22
data\training_data\11085.png,89.375,1.0,csv,csv_000011085,22
data\training_data\11086.png,71.875,0.0,csv,csv_000011086,22
data\training_data\11087.png,93.75,1.0,csv,csv_000011087,22
data\training_data\11088.png,85.0,1.0,csv,csv_000011088,22
data\training_data\11089.png,85.0,0.0,csv,csv_000011089,22
data\training_data\11090.png,98.125,1.0,csv,csv_000011090,22
data\training_data\11091.png,85.0,0.0,csv,csv_000011091,22
data\training_data\11092.png,120.0,0.0,csv,csv_000011092,22
data\training_data\11093.png,93.75,1.0,csv,csv_000011093,22
data\training_data\11094.png,98.125,1.0,csv,csv_000011094,22
data\training_data\11095.png,85.0,0.0,csv,csv_000011095,22
data\training_data\11096.png,85.0,0.0,csv,csv_000011096,22
data\training_data\11097.png,85.0,1.0,csv,csv_000011097,22
data\training_data\11098.png,98.125,1.0,csv,csv_000011098,22
data\training_data\11099.png,54.375,1.0,csv,csv_000011099,22
data\training_data\11100.png,102.5,1.0,csv,csv_000011100,22
data\training_data\11101.png,80.625,1.0,csv,csv_000011101,22
data\training_data\11102.png,85.0,1.0,csv,csv_000011102,22
data\training_data\11103.png,71.875,1.0,csv,csv_000011103,22
data\training_data\11104.png,63.125,1.0,csv,csv_000011104,22
data\training_data\11105.png,85.0,1.0,csv,csv_000011105,22
data\training_data\11106.png,71.875,1.0,csv,csv_000011106,22
data\training_data\11107.png,102.5,1.0,csv,csv_000011107,22
data\training_data\11108.png,102.5,1.0,csv,csv_000011108,22
data\training_data\11109.png,89.375,1.0,csv,csv_000011109,22
data\training_data\11110.png,85.0,1.0,csv,csv_000011110,22
data\training_data\11111.png,80.625,0.0,csv,csv_000011111,22
data\training_data\11112.png,80.625,1.0,csv,csv_000011112,22
data\training_data\11113.png,98.125,1.0,csv,csv_000011113,22
data\training_data\11114.png,89.375,1.0,csv,csv_000011114,22
data\training_data\11115.png,111.25,1.0,csv,csv_000011115,22
data\training_data\11116.png,106.875,0.0,csv,csv_000011116,22
data\training_data\11117.png,111.25,1.0,csv,csv_000011117,22
data\training_data\11118.png,80.625,0.0,csv,csv_000011118,22
data\training_data\11119.png,80.625,1.0,csv,csv_000011119,22
data\training_data\11120.png,85.0,0.0,csv,csv_000011120,22
data\training_data\11121.png,85.0,0.0,csv,csv_000011121,22
data\training_data\11122.png,102.5,1.0,csv,csv_000011122,22
data\training_data\11123.png,115.625,1.0,csv,csv_000011123,22
data\training_data\11124.png,58.75,1.0,csv,csv_000011124,22
data\training_data\11125.png,80.625,1.0,csv,csv_000011125,22
data\training_data\11126.png,71.875,1.0,csv,csv_000011126,22
data\training_data\11127.png,85.0,1.0,csv,csv_000011127,22
data\training_data\11128.png,89.375,1.0,csv,csv_000011128,22
data\training_data\11129.png,89.375,0.0,csv,csv_000011129,22
data\training_data\11130.png,85.0,1.0,csv,csv_000011130,22
data\training_data\11131.png,58.75,1.0,csv,csv_000011131,22
data\training_data\11132.png,102.5,1.0,csv,csv_000011132,22
data\training_data\11133.png,85.0,1.0,csv,csv_000011133,22
data\training_data\11134.png,63.125,1.0,csv,csv_000011134,22
data\training_data\11135.png,106.875,1.0,csv,csv_000011135,22
data\training_data\11136.png,63.125,1.0,csv,csv_000011136,22
data\training_data\11137.png,98.125,1.0,csv,csv_000011137,22
data\training_data\11138.png,102.5,1.0,csv,csv_000011138,22
data\training_data\11139.png,98.125,1.0,csv,csv_000011139,22
data\training_data\11140.png,85.0,1.0,csv,csv_000011140,22
data\training_data\11141.png,85.0,0.0,csv,csv_000011141,22
data\training_data\11142.png,76.25,1.0,csv,csv_000011142,22
data\training_data\11143.png,80.625,1.0,csv,csv_000011143,22
data\training_data\11144.png,63.125,0.0,csv,csv_000011144,22
data\training_data\11145.png,98.125,1.0,csv,csv_000011145,22
data\training_data\11146.png,106.875,1.0,csv,csv_000011146,22
data\training_data\11147.png,85.0,1.0,csv,csv_000011147,22
data\training_data\11148.png,106.875,1.0,csv,csv_000011148,22
data\training_data\11149.png,102.5,0.0,csv,csv_000011149,22
data\training_data\11150.png,106.875,1.0,csv,csv_000011150,22
data\training_data\11151.png,106.875,1.0,csv,csv_000011151,22
data\training_data\11152.png,85.0,1.0,csv,csv_000011152,22
data\training_data\11153.png,80.625,1.0,csv,csv_000011153,22
data\training_data\11154.png,85.0,0.0,csv,csv_000011154,22
data\training_data\11155.png,89.375,1.0,csv,csv_000011155,22
data\training_data\11156.png,80.625,1.0,csv,csv_000011156,22
data\training_data\11157.png,89.375,0.0,csv,csv_000011157,22
data\training_data\11158.png,80.625,0.0,csv,csv_000011158,22
data\training_data\11159.png,89.375,1.0,csv,csv_000011159,22
data\training_data\11160.png,67.5,0.0,csv,csv_000011160,22
data\training_data\11161.png,80.625,0.0,csv,csv_000011161,22
data\training_data\11162.png,58.75,1.0,csv,csv_000011162,22
data\training_data\11163.png,85.0,1.0,csv,csv_000011163,22
data\training_data\11164.png,89.375,1.0,csv,csv_000011164,22
data\training_data\11165.png,98.125,1.0,csv,csv_000011165,22
data\training_data\11166.png,80.625,1.0,csv,csv_000011166,22
data\training_data\11167.png,106.875,1.0,csv,csv_000011167,22
data\training_data\11168.png,106.875,1.0,csv,csv_000011168,22
data\training_data\11169.png,106.875,0.0,csv,csv_000011169,22
data\training_data\11170.png,89.375,1.0,csv,csv_000011170,22
data\training_data\11171.png,102.5,1.0,csv,csv_000011171,22
data\training_data\11172.png,93.75,1.0,csv,csv_000011172,22
data\training_data\11173.png,98.125,1.0,csv,csv_000011173,22
data\training_data\11174.png,102.5,0.0,csv,csv_000011174,22
data\training_data\11175.png,106.875,1.0,csv,csv_000011175,22
data\training_data\11176.png,63.125,1.0,csv,csv_000011176,22
data\training_data\11177.png,85.0,1.0,csv,csv_000011177,22
data\training_data\11178.png,89.375,1.0,csv,csv_000011178,22
data\training_data\11179.png,106.875,1.0,csv,csv_000011179,22
data\training_data\11180.png,102.5,1.0,csv,csv_000011180,22
data\training_data\11181.png,106.875,1.0,csv,csv_000011181,22
data\training_data\11182.png,85.0,0.0,csv,csv_000011182,22
data\training_data\11183.png,80.625,1.0,csv,csv_000011183,22
data\training_data\11184.png,106.875,0.0,csv,csv_000011184,22
data\training_data\11185.png,106.875,1.0,csv,csv_000011185,22
data\training_data\11186.png,63.125,1.0,csv,csv_000011186,22
data\training_data\11187.png,106.875,1.0,csv,csv_000011187,22
data\training_data\11188.png,106.875,1.0,csv,csv_000011188,22
data\training_data\11189.png,85.0,1.0,csv,csv_000011189,22
data\training_data\11190.png,93.75,1.0,csv,csv_000011190,22
data\training_data\11191.png,102.5,0.0,csv,csv_000011191,22
data\training_data\11192.png,98.125,1.0,csv,csv_000011192,22
data\training_data\11193.png,80.625,1.0,csv,csv_000011193,22
data\training_data\11194.png,93.75,1.0,csv,csv_000011194,22
data\training_data\11195.png,63.125,1.0,csv,csv_000011195,22
data\training_data\11196.png,111.25,0.0,csv,csv_000011196,22
data\training_data\11197.png,80.625,1.0,csv,csv_000011197,22
data\training_data\11198.png,63.125,1.0,csv,csv_000011198,22
data\training_data\11199.png,98.125,1.0,csv,csv_000011199,22
data\training_data\11200.png,85.0,1.0,csv,csv_000011200,22
data\training_data\11201.png,89.375,1.0,csv,csv_000011201,22
data\training_data\11202.png,102.5,1.0,csv,csv_000011202,22
data\training_data\11203.png,106.875,1.0,csv,csv_000011203,22
data\training_data\11204.png,102.5,1.0,csv,csv_000011204,22
data\training_data\11205.png,80.625,1.0,csv,csv_000011205,22
data\training_data\11206.png,80.625,0.0,csv,csv_000011206,22
data\training_data\11207.png,54.375,1.0,csv,csv_000011207,22
data\training_data\11208.png,67.5,1.0,csv,csv_000011208,22
data\training_data\11209.png,67.5,1.0,csv,csv_000011209,22
data\training_data\11210.png,85.0,0.0,csv,csv_000011210,22
data\training_data\11211.png,89.375,1.0,csv,csv_000011211,22
data\training_data\11212.png,85.0,1.0,csv,csv_000011212,22
data\training_data\11213.png,76.25,1.0,csv,csv_000011213,22
data\training_data\11214.png,71.875,1.0,csv,csv_000011214,22
data\training_data\11215.png,89.375,1.0,csv,csv_000011215,22
data\training_data\11216.png,85.0,0.0,csv,csv_000011216,22
data\training_data\11217.png,102.5,1.0,csv,csv_000011217,22
data\training_data\11218.png,85.0,0.0,csv,csv_000011218,22
data\training_data\11219.png,93.75,1.0,csv,csv_000011219,22
data\training_data\11220.png,89.375,1.0,csv,csv_000011220,22
data\training_data\11221.png,85.0,0.0,csv,csv_000011221,22
data\training_data\11222.png,63.125,1.0,csv,csv_000011222,22
data\training_data\11223.png,58.75,1.0,csv,csv_000011223,22
data\training_data\11224.png,71.875,1.0,csv,csv_000011224,22
data\training_data\11225.png,89.375,1.0,csv,csv_000011225,22
data\training_data\11226.png,85.0,1.0,csv,csv_000011226,22
data\training_data\11227.png,54.375,1.0,csv,csv_000011227,22
data\training_data\11228.png,85.0,1.0,csv,csv_000011228,22
data\training_data\11229.png,58.75,1.0,csv,csv_000011229,22
data\training_data\11230.png,85.0,1.0,csv,csv_000011230,22
data\training_data\11231.png,85.0,0.0,csv,csv_000011231,22
data\training_data\11232.png,80.625,1.0,csv,csv_000011232,22
data\training_data\11233.png,106.875,0.0,csv,csv_000011233,22
data\training_data\11234.png,85.0,1.0,csv,csv_000011234,22
data\training_data\11235.png,85.0,1.0,csv,csv_000011235,22
data\training_data\11236.png,85.0,1.0,csv,csv_000011236,22
data\training_data\11237.png,85.0,0.0,csv,csv_000011237,22
data\training_data\11238.png,63.125,1.0,csv,csv_000011238,22
data\training_data\11239.png,85.0,1.0,csv,csv_000011239,22
data\training_data\11240.png,89.375,0.0,csv,csv_000011240,22
data\training_data\11241.png,93.75,0.0,csv,csv_000011241,22
data\training_data\11242.png,80.625,1.0,csv,csv_000011242,22
data\training_data\11243.png,120.0,0.0,csv,csv_000011243,22
data\training_data\11244.png,76.25,1.0,csv,csv_000011244,22
data\training_data\11245.png,54.375,1.0,csv,csv_000011245,22
data\training_data\11246.png,89.375,1.0,csv,csv_000011246,22
data\training_data\11247.png,106.875,1.0,csv,csv_000011247,22
data\training_data\11248.png,80.625,0.0,csv,csv_000011248,22
data\training_data\11249.png,89.375,1.0,csv,csv_000011249,22
data\training_data\11250.png,93.75,1.0,csv,csv_000011250,22
data\training_data\11251.png,50.0,1.0,csv,csv_000011251,22
data\training_data\11252.png,115.625,1.0,csv,csv_000011252,22
data\training_data\11253.png,80.625,0.0,csv,csv_000011253,22
data\training_data\11254.png,63.125,1.0,csv,csv_000011254,22
data\training_data\11255.png,80.625,1.0,csv,csv_000011255,22
data\training_data\11256.png,85.0,0.0,csv,csv_000011256,22
data\training_data\11257.png,89.375,1.0,csv,csv_000011257,22
data\training_data\11258.png,80.625,1.0,csv,csv_000011258,22
data\training_data\11259.png,85.0,1.0,csv,csv_000011259,22
data\training_data\11260.png,106.875,1.0,csv,csv_000011260,22
data\training_data\11261.png,106.875,0.0,csv,csv_000011261,22
data\training_data\11262.png,85.0,1.0,csv,csv_000011262,22
data\training_data\11263.png,85.0,1.0,csv,csv_000011263,22
data\training_data\11264.png,98.125,0.0,csv,csv_000011264,22
data\training_data\11265.png,63.125,1.0,csv,csv_000011265,22
data\training_data\11266.png,89.375,1.0,csv,csv_000011266,22
data\training_data\11267.png,58.75,1.0,csv,csv_000011267,22
data\training_data\11268.png,85.0,1.0,csv,csv_000011268,22
data\training_data\11269.png,106.875,0.0,csv,csv_000011269,22
data\training_data\11270.png,85.0,1.0,csv,csv_000011270,22
data\training_data\11271.png,85.0,0.0,csv,csv_000011271,22
data\training_data\11272.png,85.0,1.0,csv,csv_000011272,22
data\training_data\11273.png,63.125,1.0,csv,csv_000011273,22
data\training_data\11274.png,80.625,1.0,csv,csv_000011274,22
data\training_data\11275.png,102.5,1.0,csv,csv_000011275,22
data\training_data\11276.png,102.5,1.0,csv,csv_000011276,22
data\training_data\11277.png,98.125,1.0,csv,csv_000011277,22
data\training_data\11278.png,85.0,0.0,csv,csv_000011278,22
data\training_data\11279.png,102.5,1.0,csv,csv_000011279,22
data\training_data\11280.png,98.125,1.0,csv,csv_000011280,22
data\training_data\11281.png,111.25,0.0,csv,csv_000011281,22
data\training_data\11282.png,102.5,1.0,csv,csv_000011282,22
data\training_data\11283.png,85.0,0.0,csv,csv_000011283,22
data\training_data\11284.png,89.375,1.0,csv,csv_000011284,22
data\training_data\11285.png,67.5,1.0,csv,csv_000011285,22
data\training_data\11286.png,58.75,1.0,csv,csv_000011286,22
data\training_data\11287.png,89.375,1.0,csv,csv_000011287,22
data\training_data\11288.png,102.5,1.0,csv,csv_000011288,22
data\training_data\11289.png,76.25,1.0,csv,csv_000011289,22
data\training_data\11290.png,102.5,1.0,csv,csv_000011290,22
data\training_data\11291.png,89.375,1.0,csv,csv_000011291,22
data\training_data\11292.png,80.625,1.0,csv,csv_000011292,22
data\training_data\11293.png,80.625,1.0,csv,csv_000011293,22
data\training_data\11294.png,63.125,1.0,csv,csv_000011294,22
data\training_data\11295.png,102.5,1.0,csv,csv_000011295,22
data\training_data\11296.png,58.75,1.0,csv,csv_000011296,22
data\training_data\11297.png,89.375,1.0,csv,csv_000011297,22
data\training_data\11298.png,102.5,0.0,csv,csv_000011298,22
data\training_data\11299.png,102.5,1.0,csv,csv_000011299,22
data\training_data\11300.png,85.0,0.0,csv,csv_000011300,22
data\training_data\11301.png,98.125,1.0,csv,csv_000011301,22
data\training_data\11302.png,98.125,1.0,csv,csv_000011302,22
data\training_data\11303.png,85.0,1.0,csv,csv_000011303,22
data\training_data\11304.png,85.0,0.0,csv,csv_000011304,22
data\training_data\11305.png,89.375,0.0,csv,csv_000011305,22
data\training_data\11306.png,93.75,0.0,csv,csv_000011306,22
data\training_data\11307.png,85.0,1.0,csv,csv_000011307,22
data\training_data\11308.png,85.0,0.0,csv,csv_000011308,22
data\training_data\11309.png,54.375,1.0,csv,csv_000011309,22
data\training_data\11310.png,85.0,1.0,csv,csv_000011310,22
data\training_data\11311.png,85.0,0.0,csv,csv_000011311,22
data\training_data\11312.png,80.625,1.0,csv,csv_000011312,22
data\training_data\11313.png,93.75,1.0,csv,csv_000011313,22
data\training_data\11314.png,85.0,1.0,csv,csv_000011314,22
data\training_data\11315.png,111.25,0.0,csv,csv_000011315,22
data\training_data\11316.png,93.75,0.0,csv,csv_000011316,22
data\training_data\11317.png,102.5,1.0,csv,csv_000011317,22
data\training_data\11318.png,102.5,1.0,csv,csv_000011318,22
data\training_data\11319.png,80.625,1.0,csv,csv_000011319,22
data\training_data\11320.png,85.0,0.0,csv,csv_000011320,22
data\training_data\11321.png,89.375,1.0,csv,csv_000011321,22
data\training_data\11322.png,111.25,0.0,csv,csv_000011322,22
data\training_data\11323.png,85.0,0.0,csv,csv_000011323,22
data\training_data\11324.png,67.5,0.0,csv,csv_000011324,22
data\training_data\11325.png,80.625,1.0,csv,csv_000011325,22
data\training_data\11326.png,106.875,1.0,csv,csv_000011326,22
data\training_data\11327.png,102.5,0.0,csv,csv_000011327,22
data\training_data\11328.png,85.0,0.0,csv,csv_000011328,22
data\training_data\11329.png,85.0,0.0,csv,csv_000011329,22
data\training_data\11330.png,89.375,1.0,csv,csv_000011330,22
data\training_data\11331.png,98.125,1.0,csv,csv_000011331,22
data\training_data\11332.png,67.5,1.0,csv,csv_000011332,22
data\training_data\11333.png,85.0,0.0,csv,csv_000011333,22
data\training_data\11334.png,106.875,1.0,csv,csv_000011334,22
data\training_data\11335.png,85.0,1.0,csv,csv_000011335,22
data\training_data\11336.png,102.5,0.0,csv,csv_000011336,22
data\training_data\11337.png,63.125,1.0,csv,csv_000011337,22
data\training_data\11338.png,102.5,1.0,csv,csv_000011338,22
data\training_data\11339.png,111.25,0.0,csv,csv_000011339,22
data\training_data\11340.png,85.0,1.0,csv,csv_000011340,22
data\training_data\11341.png,85.0,0.0,csv,csv_000011341,22
data\training_data\11342.png,85.0,1.0,csv,csv_000011342,22
data\training_data\11343.png,85.0,0.0,csv,csv_000011343,22
data\training_data\11344.png,120.0,0.0,csv,csv_000011344,22
data\training_data\11345.png,76.25,1.0,csv,csv_000011345,22
data\training_data\11346.png,115.625,0.0,csv,csv_000011346,22
data\training_data\11347.png,89.375,1.0,csv,csv_000011347,22
data\training_data\11348.png,58.75,1.0,csv,csv_000011348,22
data\training_data\11349.png,93.75,1.0,csv,csv_000011349,22
data\training_data\11350.png,85.0,0.0,csv,csv_000011350,22
data\training_data\11351.png,85.0,1.0,csv,csv_000011351,22
data\training_data\11352.png,111.25,0.0,csv,csv_000011352,22
data\training_data\11353.png,63.125,1.0,csv,csv_000011353,22
data\training_data\11354.png,89.375,0.0,csv,csv_000011354,22
data\training_data\11355.png,98.125,1.0,csv,csv_000011355,22
data\training_data\11356.png,111.25,1.0,csv,csv_000011356,22
data\training_data\11357.png,89.375,1.0,csv,csv_000011357,22
data\training_data\11358.png,89.375,1.0,csv,csv_000011358,22
data\training_data\11359.png,50.0,0.0,csv,csv_000011359,22
data\training_data\11360.png,98.125,1.0,csv,csv_000011360,22
data\training_data\11361.png,89.375,1.0,csv,csv_000011361,22
data\training_data\11362.png,106.875,0.0,csv,csv_000011362,22
data\training_data\11363.png,71.875,1.0,csv,csv_000011363,22
data\training_data\11364.png,98.125,1.0,csv,csv_000011364,22
data\training_data\11365.png,85.0,0.0,csv,csv_000011365,22
data\training_data\11366.png,102.5,1.0,csv,csv_000011366,22
data\training_data\11367.png,85.0,1.0,csv,csv_000011367,22
data\training_data\11368.png,50.0,1.0,csv,csv_000011368,22
data\training_data\11369.png,85.0,0.0,csv,csv_000011369,22
data\training_data\11370.png,85.0,0.0,csv,csv_000011370,22
data\training_data\11371.png,67.5,1.0,csv,csv_000011371,22
data\training_data\11372.png,85.0,1.0,csv,csv_000011372,22
data\training_data\11373.png,106.875,1.0,csv,csv_000011373,22
data\training_data\11374.png,58.75,1.0,csv,csv_000011374,22
data\training_data\11375.png,98.125,1.0,csv,csv_000011375,22
data\training_data\11376.png,93.75,1.0,csv,csv_000011376,22
data\training_data\11377.png,85.0,1.0,csv,csv_000011377,22
data\training_data\11378.png,111.25,1.0,csv,csv_000011378,22
data\training_data\11379.png,85.0,1.0,csv,csv_000011379,22
data\training_data\11380.png,102.5,1.0,csv,csv_000011380,22
data\training_data\11381.png,93.75,1.0,csv,csv_000011381,22
data\training_data\11382.png,89.375,1.0,csv,csv_000011382,22
data\training_data\11383.png,85.0,0.0,csv,csv_000011383,22
data\training_data\11384.png,85.0,0.0,csv,csv_000011384,22
data\training_data\11385.png,102.5,0.0,csv,csv_000011385,22
data\training_data\11386.png,102.5,1.0,csv,csv_000011386,22
data\training_data\11387.png,115.625,1.0,csv,csv_000011387,22
data\training_data\11388.png,58.75,1.0,csv,csv_000011388,22
data\training_data\11389.png,85.0,1.0,csv,csv_000011389,22
data\training_data\11390.png,85.0,0.0,csv,csv_000011390,22
data\training_data\11391.png,89.375,1.0,csv,csv_000011391,22
data\training_data\11392.png,98.125,1.0,csv,csv_000011392,22
data\training_data\11393.png,58.75,1.0,csv,csv_000011393,22
data\training_data\11394.png,85.0,1.0,csv,csv_000011394,22
data\training_data\11395.png,102.5,1.0,csv,csv_000011395,22
data\training_data\11396.png,80.625,1.0,csv,csv_000011396,22
data\training_data\11397.png,58.75,1.0,csv,csv_000011397,22
data\training_data\11398.png,85.0,0.0,csv,csv_000011398,22
data\training_data\11399.png,98.125,1.0,csv,csv_000011399,22
data\training_data\11400.png,93.75,1.0,csv,csv_000011400,22
data\training_data\11401.png,85.0,0.0,csv,csv_000011401,22
data\training_data\11402.png,54.375,0.0,csv,csv_000011402,22
data\training_data\11403.png,115.625,1.0,csv,csv_000011403,22
data\training_data\11404.png,80.625,1.0,csv,csv_000011404,22
data\training_data\11405.png,102.5,1.0,csv,csv_000011405,22
data\training_data\11406.png,85.0,1.0,csv,csv_000011406,22
data\training_data\11407.png,93.75,1.0,csv,csv_000011407,22
data\training_data\11408.png,98.125,1.0,csv,csv_000011408,22
data\training_data\11409.png,85.0,0.0,csv,csv_000011409,22
data\training_data\11410.png,106.875,1.0,csv,csv_000011410,22
data\training_data\11411.png,98.125,0.0,csv,csv_000011411,22
data\training_data\11412.png,85.0,0.0,csv,csv_000011412,22
data\training_data\11413.png,93.75,1.0,csv,csv_000011413,22
data\training_data\11414.png,58.75,1.0,csv,csv_000011414,22
data\training_data\11415.png,80.625,1.0,csv,csv_000011415,22
data\training_data\11416.png,106.875,0.0,csv,csv_000011416,22
data\training_data\11417.png,98.125,1.0,csv,csv_000011417,22
data\training_data\11418.png,80.625,1.0,csv,csv_000011418,22
data\training_data\11419.png,85.0,0.0,csv,csv_000011419,22
data\training_data\11420.png,58.75,1.0,csv,csv_000011420,22
data\training_data\11421.png,102.5,1.0,csv,csv_000011421,22
data\training_data\11422.png,54.375,0.0,csv,csv_000011422,22
data\training_data\11423.png,85.0,1.0,csv,csv_000011423,22
data\training_data\11424.png,106.875,1.0,csv,csv_000011424,22
data\training_data\11425.png,93.75,0.0,csv,csv_000011425,22
data\training_data\11426.png,85.0,1.0,csv,csv_000011426,22
data\training_data\11427.png,102.5,1.0,csv,csv_000011427,22
data\training_data\11428.png,106.875,1.0,csv,csv_000011428,22
data\training_data\11429.png,85.0,1.0,csv,csv_000011429,22
data\training_data\11430.png,98.125,1.0,csv,csv_000011430,22
data\training_data\11431.png,120.0,0.0,csv,csv_000011431,22
data\training_data\11432.png,120.0,1.0,csv,csv_000011432,22
data\training_data\11433.png,76.25,1.0,csv,csv_000011433,22
data\training_data\11434.png,63.125,1.0,csv,csv_000011434,22
data\training_data\11435.png,106.875,1.0,csv,csv_000011435,22
data\training_data\11436.png,98.125,1.0,csv,csv_000011436,22
data\training_data\11437.png,111.25,1.0,csv,csv_000011437,22
data\training_data\11438.png,89.375,1.0,csv,csv_000011438,22
data\training_data\11439.png,80.625,1.0,csv,csv_000011439,22
data\training_data\11440.png,85.0,1.0,csv,csv_000011440,22
data\training_data\11441.png,54.375,1.0,csv,csv_000011441,22
data\training_data\11442.png,93.75,1.0,csv,csv_000011442,22
data\training_data\11443.png,106.875,1.0,csv,csv_000011443,22
data\training_data\11444.png,89.375,1.0,csv,csv_000011444,22
data\training_data\11445.png,67.5,1.0,csv,csv_000011445,22
data\training_data\11446.png,111.25,0.0,csv,csv_000011446,22
data\training_data\11447.png,85.0,0.0,csv,csv_000011447,22
data\training_data\11448.png,85.0,0.0,csv,csv_000011448,22
data\training_data\11449.png,93.75,1.0,csv,csv_000011449,22
data\training_data\11450.png,98.125,1.0,csv,csv_000011450,22
data\training_data\11451.png,102.5,1.0,csv,csv_000011451,22
data\training_data\11452.png,93.75,1.0,csv,csv_000011452,22
data\training_data\11453.png,89.375,1.0,csv,csv_000011453,22
data\training_data\11454.png,80.625,1.0,csv,csv_000011454,22
data\training_data\11455.png,63.125,1.0,csv,csv_000011455,22
data\training_data\11456.png,102.5,1.0,csv,csv_000011456,22
data\training_data\11457.png,89.375,0.0,csv,csv_000011457,22
data\training_data\11458.png,85.0,1.0,csv,csv_000011458,22
data\training_data\11459.png,111.25,1.0,csv,csv_000011459,22
data\training_data\11460.png,89.375,1.0,csv,csv_000011460,22
data\training_data\11461.png,85.0,1.0,csv,csv_000011461,22
data\training_data\11462.png,98.125,1.0,csv,csv_000011462,22
data\training_data\11463.png,58.75,1.0,csv,csv_000011463,22
data\training_data\11464.png,106.875,1.0,csv,csv_000011464,22
data\training_data\11465.png,106.875,1.0,csv,csv_000011465,22
data\training_data\11466.png,85.0,1.0,csv,csv_000011466,22
data\training_data\11467.png,98.125,1.0,csv,csv_000011467,22
data\training_data\11468.png,89.375,0.0,csv,csv_000011468,22
data\training_data\11469.png,85.0,0.0,csv,csv_000011469,22
data\training_data\11470.png,89.375,1.0,csv,csv_000011470,22
data\training_data\11471.png,67.5,1.0,csv,csv_000011471,22
data\training_data\11472.png,106.875,1.0,csv,csv_000011472,22
data\training_data\11473.png,89.375,1.0,csv,csv_000011473,22
data\training_data\11474.png,89.375,1.0,csv,csv_000011474,22
data\training_data\11475.png,106.875,1.0,csv,csv_000011475,22
data\training_data\11476.png,80.625,1.0,csv,csv_000011476,22
data\training_data\11477.png,98.125,1.0,csv,csv_000011477,22
data\training_data\11478.png,102.5,1.0,csv,csv_000011478,22
data\training_data\11479.png,50.0,1.0,csv,csv_000011479,22
data\training_data\11480.png,58.75,1.0,csv,csv_000011480,22
data\training_data\11481.png,102.5,1.0,csv,csv_000011481,22
data\training_data\11482.png,98.125,1.0,csv,csv_000011482,22
data\training_data\11483.png,85.0,1.0,csv,csv_000011483,22
data\training_data\11484.png,54.375,1.0,csv,csv_000011484,22
data\training_data\11485.png,89.375,1.0,csv,csv_000011485,22
data\training_data\11486.png,85.0,1.0,csv,csv_000011486,22
data\training_data\11487.png,106.875,1.0,csv,csv_000011487,22
data\training_data\11488.png,102.5,1.0,csv,csv_000011488,22
data\training_data\11489.png,58.75,1.0,csv,csv_000011489,22
data\training_data\11490.png,80.625,1.0,csv,csv_000011490,22
data\training_data\11491.png,89.375,1.0,csv,csv_000011491,22
data\training_data\11492.png,98.125,1.0,csv,csv_000011492,22
data\training_data\11493.png,102.5,1.0,csv,csv_000011493,22
data\training_data\11494.png,89.375,1.0,csv,csv_000011494,22
data\training_data\11495.png,102.5,1.0,csv,csv_000011495,22
data\training_data\11496.png,102.5,1.0,csv,csv_000011496,22
data\training_data\11497.png,106.875,1.0,csv,csv_000011497,22
data\training_data\11498.png,93.75,0.0,csv,csv_000011498,22
data\training_data\11499.png,80.625,0.0,csv,csv_000011499,22
data\training_data\11500.png,85.0,1.0,csv,csv_000011500,22
data\training_data\11501.png,93.75,1.0,csv,csv_000011501,22
data\training_data\11503.png,98.125,1.0,csv,csv_000011503,22
data\training_data\11504.png,85.0,1.0,csv,csv_000011504,22
data\training_data\11505.png,89.375,1.0,csv,csv_000011505,22
data\training_data\11507.png,102.5,1.0,csv,csv_000011507,22
data\training_data\11508.png,98.125,1.0,csv,csv_000011508,22
data\training_data\11509.png,102.5,1.0,csv,csv_000011509,22
data\training_data\11510.png,85.0,1.0,csv,csv_000011510,22
data\training_data\11511.png,67.5,1.0,csv,csv_000011511,22
data\training_data\11512.png,85.0,1.0,csv,csv_000011512,22
data\training_data\11513.png,58.75,1.0,csv,csv_000011513,22
data\training_data\11514.png,98.125,1.0,csv,csv_000011514,22
data\training_data\11515.png,106.875,1.0,csv,csv_000011515,22
data\training_data\11516.png,102.5,1.0,csv,csv_000011516,22
data\training_data\11517.png,111.25,1.0,csv,csv_000011517,22
data\training_data\11518.png,106.875,1.0,csv,csv_000011518,22
data\training_data\11519.png,85.0,1.0,csv,csv_000011519,22
data\training_data\11520.png,67.5,1.0,csv,csv_000011520,22
data\training_data\11521.png,54.375,1.0,csv,csv_000011521,22
data\training_data\11522.png,98.125,1.0,csv,csv_000011522,22
data\training_data\11523.png,89.375,1.0,csv,csv_000011523,22
data\training_data\11524.png,89.375,1.0,csv,csv_000011524,22
data\training_data\11525.png,111.25,0.0,csv,csv_000011525,22
data\training_data\11526.png,89.375,1.0,csv,csv_000011526,22
data\training_data\11527.png,115.625,1.0,csv,csv_000011527,22
data\training_data\11528.png,93.75,1.0,csv,csv_000011528,22
data\training_data\11529.png,106.875,1.0,csv,csv_000011529,22
data\training_data\11530.png,89.375,0.0,csv,csv_000011530,22
data\training_data\11531.png,98.125,0.0,csv,csv_000011531,22
data\training_data\11532.png,102.5,1.0,csv,csv_000011532,23
data\training_data\11533.png,54.375,1.0,csv,csv_000011533,23
data\training_data\11534.png,58.75,1.0,csv,csv_000011534,23
data\training_data\11535.png,85.0,1.0,csv,csv_000011535,23
data\training_data\11536.png,80.625,1.0,csv,csv_000011536,23
data\training_data\11537.png,80.625,1.0,csv,csv_000011537,23
data\training_data\11538.png,106.875,1.0,csv,csv_000011538,23
data\training_data\11539.png,102.5,1.0,csv,csv_000011539,23
data\training_data\11540.png,67.5,1.0,csv,csv_000011540,23
data\training_data\11541.png,102.5,1.0,csv,csv_000011541,23
data\training_data\11542.png,93.75,1.0,csv,csv_000011542,23
data\training_data\11543.png,58.75,1.0,csv,csv_000011543,23
data\training_data\11544.png,102.5,1.0,csv,csv_000011544,23
data\training_data\11545.png,85.0,0.0,csv,csv_000011545,23
data\training_data\11546.png,54.375,1.0,csv,csv_000011546,23
data\training_data\11547.png,80.625,1.0,csv,csv_000011547,23
data\training_data\11548.png,89.375,0.0,csv,csv_000011548,23
data\training_data\11549.png,85.0,0.0,csv,csv_000011549,23
data\training_data\11550.png,85.0,0.0,csv,csv_000011550,23
data\training_data\11551.png,71.875,1.0,csv,csv_000011551,23
data\training_data\11552.png,80.625,1.0,csv,csv_000011552,23
data\training_data\11553.png,89.375,0.0,csv,csv_000011553,23
data\training_data\11554.png,54.375,1.0,csv,csv_000011554,23
data\training_data\11555.png,63.125,1.0,csv,csv_000011555,23
data\training_data\11556.png,106.875,1.0,csv,csv_000011556,23
data\training_data\11557.png,111.25,1.0,csv,csv_000011557,23
data\training_data\11558.png,106.875,0.0,csv,csv_000011558,23
data\training_data\11559.png,85.0,1.0,csv,csv_000011559,23
data\training_data\11560.png,85.0,0.0,csv,csv_000011560,23
data\training_data\11561.png,93.75,0.0,csv,csv_000011561,23
data\training_data\11562.png,71.875,1.0,csv,csv_000011562,23
data\training_data\11563.png,98.125,0.0,csv,csv_000011563,23
data\training_data\11564.png,54.375,1.0,csv,csv_000011564,23
data\training_data\11565.png,102.5,1.0,csv,csv_000011565,23
data\training_data\11566.png,102.5,0.0,csv,csv_000011566,23
data\training_data\11567.png,102.5,1.0,csv,csv_000011567,23
data\training_data\11568.png,89.375,1.0,csv,csv_000011568,23
data\training_data\11569.png,93.75,1.0,csv,csv_000011569,23
data\training_data\11570.png,89.375,1.0,csv,csv_000011570,23
data\training_data\11571.png,63.125,1.0,csv,csv_000011571,23
data\training_data\11572.png,85.0,1.0,csv,csv_000011572,23
data\training_data\11573.png,93.75,1.0,csv,csv_000011573,23
data\training_data\11574.png,106.875,0.0,csv,csv_000011574,23
data\training_data\11575.png,63.125,1.0,csv,csv_000011575,23
data\training_data\11576.png,89.375,1.0,csv,csv_000011576,23
data\training_data\11577.png,102.5,0.0,csv,csv_000011577,23
data\training_data\11578.png,102.5,1.0,csv,csv_000011578,23
data\training_data\11579.png,98.125,1.0,csv,csv_000011579,23
data\training_data\11580.png,93.75,0.0,csv,csv_000011580,23
data\training_data\11581.png,58.75,1.0,csv,csv_000011581,23
data\training_data\11582.png,98.125,1.0,csv,csv_000011582,23
data\training_data\11583.png,106.875,1.0,csv,csv_000011583,23
data\training_data\11584.png,98.125,1.0,csv,csv_000011584,23
data\training_data\11585.png,102.5,0.0,csv,csv_000011585,23
data\training_data\11586.png,54.375,1.0,csv,csv_000011586,23
data\training_data\11587.png,98.125,1.0,csv,csv_000011587,23
data\training_data\11588.png,89.375,1.0,csv,csv_000011588,23
data\training_data\11589.png,80.625,1.0,csv,csv_000011589,23
data\training_data\11590.png,71.875,1.0,csv,csv_000011590,23
data\training_data\11591.png,93.75,1.0,csv,csv_000011591,23
data\training_data\11592.png,54.375,1.0,csv,csv_000011592,23
data\training_data\11593.png,102.5,1.0,csv,csv_000011593,23
data\training_data\11594.png,85.0,1.0,csv,csv_000011594,23
data\training_data\11595.png,85.0,0.0,csv,csv_000011595,23
data\training_data\11596.png,63.125,1.0,csv,csv_000011596,23
data\training_data\11597.png,89.375,1.0,csv,csv_000011597,23
data\training_data\11598.png,85.0,1.0,csv,csv_000011598,23
data\training_data\11599.png,102.5,1.0,csv,csv_000011599,23
data\training_data\11600.png,85.0,0.0,csv,csv_000011600,23
data\training_data\11601.png,89.375,1.0,csv,csv_000011601,23
data\training_data\11602.png,106.875,1.0,csv,csv_000011602,23
data\training_data\11603.png,89.375,0.0,csv,csv_000011603,23
data\training_data\11604.png,58.75,1.0,csv,csv_000011604,23
data\training_data\11605.png,102.5,0.0,csv,csv_000011605,23
data\training_data\11606.png,63.125,1.0,csv,csv_000011606,23
data\training_data\11607.png,80.625,1.0,csv,csv_000011607,23
data\training_data\11608.png,89.375,1.0,csv,csv_000011608,23
data\training_data\11609.png,67.5,1.0,csv,csv_000011609,23
data\training_data\11610.png,85.0,0.0,csv,csv_000011610,23
data\training_data\11611.png,93.75,0.0,csv,csv_000011611,23
data\training_data\11612.png,85.0,0.0,csv,csv_000011612,23
data\training_data\11613.png,85.0,1.0,csv,csv_000011613,23
data\training_data\11614.png,76.25,1.0,csv,csv_000011614,23
data\training_data\11615.png,111.25,0.0,csv,csv_000011615,23
data\training_data\11616.png,106.875,1.0,csv,csv_000011616,23
data\training_data\11617.png,93.75,1.0,csv,csv_000011617,23
data\training_data\11618.png,85.0,1.0,csv,csv_000011618,23
data\training_data\11619.png,63.125,1.0,csv,csv_000011619,23
data\training_data\11620.png,89.375,1.0,csv,csv_000011620,23
data\training_data\11621.png,98.125,1.0,csv,csv_000011621,23
data\training_data\11622.png,85.0,0.0,csv,csv_000011622,23
data\training_data\11623.png,89.375,1.0,csv,csv_000011623,23
data\training_data\11624.png,111.25,0.0,csv,csv_000011624,23
data\training_data\11625.png,76.25,1.0,csv,csv_000011625,23
data\training_data\11626.png,98.125,1.0,csv,csv_000011626,23
data\training_data\11627.png,93.75,1.0,csv,csv_000011627,23
data\training_data\11628.png,89.375,1.0,csv,csv_000011628,23
data\training_data\11629.png,85.0,0.0,csv,csv_000011629,23
data\training_data\11630.png,89.375,1.0,csv,csv_000011630,23
data\training_data\11631.png,111.25,1.0,csv,csv_000011631,23
data\training_data\11632.png,58.75,1.0,csv,csv_000011632,23
data\training_data\11633.png,98.125,1.0,csv,csv_000011633,23
data\training_data\11634.png,50.0,1.0,csv,csv_000011634,23
data\training_data\11635.png,71.875,1.0,csv,csv_000011635,23
data\training_data\11636.png,106.875,1.0,csv,csv_000011636,23
data\training_data\11637.png,67.5,1.0,csv,csv_000011637,23
data\training_data\11638.png,85.0,1.0,csv,csv_000011638,23
data\training_data\11639.png,89.375,1.0,csv,csv_000011639,23
data\training_data\11640.png,85.0,1.0,csv,csv_000011640,23
data\training_data\11641.png,85.0,0.0,csv,csv_000011641,23
data\training_data\11642.png,80.625,1.0,csv,csv_000011642,23
data\training_data\11643.png,80.625,1.0,csv,csv_000011643,23
data\training_data\11644.png,102.5,1.0,csv,csv_000011644,23
data\training_data\11645.png,58.75,1.0,csv,csv_000011645,23
data\training_data\11646.png,85.0,0.0,csv,csv_000011646,23
data\training_data\11647.png,85.0,1.0,csv,csv_000011647,23
data\training_data\11648.png,89.375,1.0,csv,csv_000011648,23
data\training_data\11649.png,115.625,0.0,csv,csv_000011649,23
data\training_data\11650.png,106.875,1.0,csv,csv_000011650,23
data\training_data\11651.png,89.375,0.0,csv,csv_000011651,23
data\training_data\11652.png,89.375,1.0,csv,csv_000011652,23
data\training_data\11653.png,102.5,1.0,csv,csv_000011653,23
data\training_data\11654.png,85.0,1.0,csv,csv_000011654,23
data\training_data\11655.png,71.875,1.0,csv,csv_000011655,23
data\training_data\11656.png,67.5,1.0,csv,csv_000011656,23
data\training_data\11657.png,58.75,1.0,csv,csv_000011657,23
data\training_data\11658.png,93.75,0.0,csv,csv_000011658,23
data\training_data\11659.png,85.0,1.0,csv,csv_000011659,23
data\training_data\11660.png,85.0,1.0,csv,csv_000011660,23
data\training_data\11661.png,85.0,1.0,csv,csv_000011661,23
data\training_data\11662.png,85.0,0.0,csv,csv_000011662,23
data\training_data\11663.png,85.0,1.0,csv,csv_000011663,23
data\training_data\11664.png,102.5,1.0,csv,csv_000011664,23
data\training_data\11665.png,93.75,1.0,csv,csv_000011665,23
data\training_data\11666.png,102.5,1.0,csv,csv_000011666,23
data\training_data\11667.png,102.5,1.0,csv,csv_000011667,23
data\training_data\11668.png,120.0,0.0,csv,csv_000011668,23
data\training_data\11669.png,89.375,1.0,csv,csv_000011669,23
data\training_data\11670.png,106.875,1.0,csv,csv_000011670,23
data\training_data\11671.png,85.0,1.0,csv,csv_000011671,23
data\training_data\11672.png,106.875,1.0,csv,csv_000011672,23
data\training_data\11673.png,58.75,0.0,csv,csv_000011673,23
data\training_data\11674.png,102.5,1.0,csv,csv_000011674,23
data\training_data\11675.png,93.75,1.0,csv,csv_000011675,23
data\training_data\11676.png,89.375,0.0,csv,csv_000011676,23
data\training_data\11677.png,102.5,0.0,csv,csv_000011677,23
data\training_data\11678.png,85.0,1.0,csv,csv_000011678,23
data\training_data\11679.png,80.625,1.0,csv,csv_000011679,23
data\training_data\11680.png,71.875,1.0,csv,csv_000011680,23
data\training_data\11681.png,106.875,1.0,csv,csv_000011681,23
data\training_data\11682.png,85.0,1.0,csv,csv_000011682,23
data\training_data\11683.png,63.125,1.0,csv,csv_000011683,23
data\training_data\11684.png,89.375,1.0,csv,csv_000011684,23
data\training_data\11685.png,85.0,1.0,csv,csv_000011685,23
data\training_data\11686.png,106.875,1.0,csv,csv_000011686,23
data\training_data\11687.png,71.875,1.0,csv,csv_000011687,23
data\training_data\11688.png,93.75,1.0,csv,csv_000011688,23
data\training_data\11689.png,111.25,1.0,csv,csv_000011689,23
data\training_data\11690.png,106.875,1.0,csv,csv_000011690,23
data\training_data\11691.png,85.0,1.0,csv,csv_000011691,23
data\training_data\11692.png,120.0,0.0,csv,csv_000011692,23
data\training_data\11693.png,76.25,1.0,csv,csv_000011693,23
data\training_data\11694.png,89.375,1.0,csv,csv_000011694,23
data\training_data\11695.png,93.75,1.0,csv,csv_000011695,23
data\training_data\11696.png,93.75,1.0,csv,csv_000011696,23
data\training_data\11697.png,63.125,1.0,csv,csv_000011697,23
data\training_data\11698.png,85.0,0.0,csv,csv_000011698,23
data\training_data\11699.png,102.5,1.0,csv,csv_000011699,23
data\training_data\11700.png,85.0,1.0,csv,csv_000011700,23
data\training_data\11701.png,67.5,0.0,csv,csv_000011701,23
data\training_data\11702.png,80.625,1.0,csv,csv_000011702,23
data\training_data\11703.png,93.75,1.0,csv,csv_000011703,23
data\training_data\11704.png,89.375,1.0,csv,csv_000011704,23
data\training_data\11705.png,85.0,0.0,csv,csv_000011705,23
data\training_data\11706.png,106.875,1.0,csv,csv_000011706,23
data\training_data\11707.png,89.375,1.0,csv,csv_000011707,23
data\training_data\11708.png,63.125,1.0,csv,csv_000011708,23
data\training_data\11709.png,98.125,1.0,csv,csv_000011709,23
data\training_data\11710.png,93.75,1.0,csv,csv_000011710,23
data\training_data\11711.png,89.375,1.0,csv,csv_000011711,23
data\training_data\11712.png,102.5,1.0,csv,csv_000011712,23
data\training_data\11713.png,102.5,1.0,csv,csv_000011713,23
data\training_data\11714.png,85.0,1.0,csv,csv_000011714,23
data\training_data\11715.png,98.125,1.0,csv,csv_000011715,23
data\training_data\11716.png,67.5,1.0,csv,csv_000011716,23
data\training_data\11717.png,106.875,1.0,csv,csv_000011717,23
data\training_data\11718.png,106.875,1.0,csv,csv_000011718,23
data\training_data\11719.png,58.75,1.0,csv,csv_000011719,23
data\training_data\11720.png,85.0,1.0,csv,csv_000011720,23
data\training_data\11721.png,58.75,1.0,csv,csv_000011721,23
data\training_data\11722.png,106.875,1.0,csv,csv_000011722,23
data\training_data\11723.png,89.375,1.0,csv,csv_000011723,23
data\training_data\11724.png,102.5,0.0,csv,csv_000011724,23
data\training_data\11725.png,85.0,1.0,csv,csv_000011725,23
data\training_data\11726.png,106.875,1.0,csv,csv_000011726,23
data\training_data\11727.png,63.125,1.0,csv,csv_000011727,23
data\training_data\11728.png,106.875,1.0,csv,csv_000011728,23
data\training_data\11729.png,85.0,1.0,csv,csv_000011729,23
data\training_data\11730.png,93.75,1.0,csv,csv_000011730,23
data\training_data\11731.png,93.75,1.0,csv,csv_000011731,23
data\training_data\11732.png,80.625,1.0,csv,csv_000011732,23
data\training_data\11733.png,80.625,1.0,csv,csv_000011733,23
data\training_data\11734.png,58.75,1.0,csv,csv_000011734,23
data\training_data\11735.png,85.0,1.0,csv,csv_000011735,23
data\training_data\11736.png,98.125,1.0,csv,csv_000011736,23
data\training_data\11737.png,89.375,1.0,csv,csv_000011737,23
data\training_data\11738.png,98.125,1.0,csv,csv_000011738,23
data\training_data\11739.png,85.0,1.0,csv,csv_000011739,23
data\training_data\11740.png,106.875,1.0,csv,csv_000011740,23
data\training_data\11741.png,93.75,1.0,csv,csv_000011741,23
data\training_data\11742.png,102.5,1.0,csv,csv_000011742,23
data\training_data\11743.png,98.125,1.0,csv,csv_000011743,23
data\training_data\11744.png,85.0,1.0,csv,csv_000011744,23
data\training_data\11745.png,85.0,0.0,csv,csv_000011745,23
data\training_data\11746.png,102.5,1.0,csv,csv_000011746,23
data\training_data\11747.png,89.375,0.0,csv,csv_000011747,23
data\training_data\11748.png,63.125,1.0,csv,csv_000011748,23
data\training_data\11749.png,85.0,1.0,csv,csv_000011749,23
data\training_data\11750.png,85.0,1.0,csv,csv_000011750,23
data\training_data\11751.png,106.875,0.0,csv,csv_000011751,23
data\training_data\11752.png,115.625,1.0,csv,csv_000011752,23
data\training_data\11753.png,111.25,1.0,csv,csv_000011753,23
data\training_data\11754.png,89.375,1.0,csv,csv_000011754,23
data\training_data\11755.png,102.5,0.0,csv,csv_000011755,23
data\training_data\11756.png,85.0,1.0,csv,csv_000011756,23
data\training_data\11757.png,102.5,1.0,csv,csv_000011757,23
data\training_data\11758.png,54.375,1.0,csv,csv_000011758,23
data\training_data\11759.png,93.75,0.0,csv,csv_000011759,23
data\training_data\11760.png,50.0,1.0,csv,csv_000011760,23
data\training_data\11761.png,89.375,0.0,csv,csv_000011761,23
data\training_data\11762.png,85.0,1.0,csv,csv_000011762,23
data\training_data\11763.png,102.5,1.0,csv,csv_000011763,23
data\training_data\11764.png,85.0,0.0,csv,csv_000011764,23
data\training_data\11765.png,85.0,1.0,csv,csv_000011765,23
data\training_data\11766.png,115.625,1.0,csv,csv_000011766,23
data\training_data\11767.png,89.375,1.0,csv,csv_000011767,23
data\training_data\11768.png,106.875,1.0,csv,csv_000011768,23
data\training_data\11769.png,85.0,1.0,csv,csv_000011769,23
data\training_data\11770.png,111.25,1.0,csv,csv_000011770,23
data\training_data\11771.png,120.0,1.0,csv,csv_000011771,23
data\training_data\11772.png,63.125,1.0,csv,csv_000011772,23
data\training_data\11773.png,85.0,1.0,csv,csv_000011773,23
data\training_data\11774.png,85.0,1.0,csv,csv_000011774,23
data\training_data\11775.png,120.0,1.0,csv,csv_000011775,23
data\training_data\11776.png,85.0,0.0,csv,csv_000011776,23
data\training_data\11777.png,85.0,0.0,csv,csv_000011777,23
data\training_data\11778.png,89.375,1.0,csv,csv_000011778,23
data\training_data\11779.png,85.0,1.0,csv,csv_000011779,23
data\training_data\11780.png,111.25,0.0,csv,csv_000011780,23
data\training_data\11781.png,106.875,1.0,csv,csv_000011781,23
data\training_data\11782.png,98.125,1.0,csv,csv_000011782,23
data\training_data\11783.png,89.375,1.0,csv,csv_000011783,23
data\training_data\11784.png,76.25,1.0,csv,csv_000011784,23
data\training_data\11785.png,106.875,1.0,csv,csv_000011785,23
data\training_data\11786.png,106.875,1.0,csv,csv_000011786,23
data\training_data\11787.png,93.75,1.0,csv,csv_000011787,23
data\training_data\11788.png,67.5,1.0,csv,csv_000011788,23
data\training_data\11789.png,80.625,1.0,csv,csv_000011789,23
data\training_data\11790.png,63.125,1.0,csv,csv_000011790,23
data\training_data\11791.png,106.875,0.0,csv,csv_000011791,23
data\training_data\11792.png,85.0,0.0,csv,csv_000011792,23
data\training_data\11793.png,85.0,1.0,csv,csv_000011793,23
data\training_data\11794.png,85.0,0.0,csv,csv_000011794,23
data\training_data\11795.png,67.5,0.0,csv,csv_000011795,23
data\training_data\11796.png,71.875,0.0,csv,csv_000011796,23
data\training_data\11797.png,111.25,0.0,csv,csv_000011797,23
data\training_data\11798.png,85.0,0.0,csv,csv_000011798,23
data\training_data\11799.png,85.0,1.0,csv,csv_000011799,23
data\training_data\11800.png,102.5,1.0,csv,csv_000011800,23
data\training_data\11801.png,106.875,0.0,csv,csv_000011801,23
data\training_data\11802.png,85.0,0.0,csv,csv_000011802,23
data\training_data\11803.png,58.75,1.0,csv,csv_000011803,23
data\training_data\11804.png,80.625,1.0,csv,csv_000011804,23
data\training_data\11805.png,102.5,1.0,csv,csv_000011805,23
data\training_data\11806.png,80.625,0.0,csv,csv_000011806,23
data\training_data\11807.png,89.375,1.0,csv,csv_000011807,23
data\training_data\11808.png,85.0,0.0,csv,csv_000011808,23
data\training_data\11809.png,106.875,1.0,csv,csv_000011809,23
data\training_data\11810.png,106.875,1.0,csv,csv_000011810,23
data\training_data\11811.png,58.75,1.0,csv,csv_000011811,23
data\training_data\11812.png,80.625,1.0,csv,csv_000011812,23
data\training_data\11813.png,85.0,0.0,csv,csv_000011813,23
data\training_data\11814.png,98.125,1.0,csv,csv_000011814,23
data\training_data\11815.png,115.625,1.0,csv,csv_000011815,23
data\training_data\11816.png,89.375,0.0,csv,csv_000011816,23
data\training_data\11817.png,102.5,1.0,csv,csv_000011817,23
data\training_data\11818.png,85.0,1.0,csv,csv_000011818,23
data\training_data\11819.png,120.0,1.0,csv,csv_000011819,23
data\training_data\11820.png,54.375,1.0,csv,csv_000011820,23
data\training_data\11821.png,98.125,1.0,csv,csv_000011821,23
data\training_data\11822.png,93.75,1.0,csv,csv_000011822,23
data\training_data\11823.png,102.5,1.0,csv,csv_000011823,23
data\training_data\11824.png,50.0,1.0,csv,csv_000011824,23
data\training_data\11825.png,58.75,1.0,csv,csv_000011825,23
data\training_data\11826.png,85.0,1.0,csv,csv_000011826,23
data\training_data\11827.png,85.0,0.0,csv,csv_000011827,23
data\training_data\11828.png,58.75,1.0,csv,csv_000011828,23
data\training_data\11829.png,115.625,0.0,csv,csv_000011829,23
data\training_data\11830.png,102.5,1.0,csv,csv_000011830,23
data\training_data\11831.png,63.125,1.0,csv,csv_000011831,23
data\training_data\11832.png,89.375,1.0,csv,csv_000011832,23
data\training_data\11833.png,85.0,1.0,csv,csv_000011833,23
data\training_data\11834.png,80.625,1.0,csv,csv_000011834,23
data\training_data\11835.png,58.75,1.0,csv,csv_000011835,23
data\training_data\11836.png,93.75,1.0,csv,csv_000011836,23
data\training_data\11837.png,54.375,1.0,csv,csv_000011837,23
data\training_data\11838.png,98.125,1.0,csv,csv_000011838,23
data\training_data\11839.png,63.125,1.0,csv,csv_000011839,23
data\training_data\11840.png,98.125,1.0,csv,csv_000011840,23
data\training_data\11841.png,93.75,1.0,csv,csv_000011841,23
data\training_data\11842.png,58.75,1.0,csv,csv_000011842,23
data\training_data\11843.png,67.5,1.0,csv,csv_000011843,23
data\training_data\11844.png,89.375,1.0,csv,csv_000011844,23
data\training_data\11845.png,89.375,1.0,csv,csv_000011845,23
data\training_data\11846.png,80.625,1.0,csv,csv_000011846,23
data\training_data\11847.png,102.5,1.0,csv,csv_000011847,23
data\training_data\11848.png,63.125,1.0,csv,csv_000011848,23
data\training_data\11849.png,85.0,1.0,csv,csv_000011849,23
data\training_data\11850.png,85.0,0.0,csv,csv_000011850,23
data\training_data\11851.png,111.25,0.0,csv,csv_000011851,23
data\training_data\11852.png,89.375,1.0,csv,csv_000011852,23
data\training_data\11853.png,93.75,1.0,csv,csv_000011853,23
data\training_data\11854.png,85.0,1.0,csv,csv_000011854,23
data\training_data\11855.png,102.5,1.0,csv,csv_000011855,23
data\training_data\11856.png,63.125,1.0,csv,csv_000011856,23
data\training_data\11857.png,85.0,0.0,csv,csv_000011857,23
data\training_data\11858.png,85.0,1.0,csv,csv_000011858,23
data\training_data\11859.png,67.5,1.0,csv,csv_000011859,23
data\training_data\11860.png,98.125,1.0,csv,csv_000011860,23
data\training_data\11861.png,63.125,1.0,csv,csv_000011861,23
data\training_data\11862.png,58.75,1.0,csv,csv_000011862,23
data\training_data\11863.png,102.5,1.0,csv,csv_000011863,23
data\training_data\11864.png,106.875,1.0,csv,csv_000011864,23
data\training_data\11865.png,89.375,1.0,csv,csv_000011865,23
data\training_data\11866.png,85.0,0.0,csv,csv_000011866,23
data\training_data\11867.png,80.625,1.0,csv,csv_000011867,23
data\training_data\11868.png,93.75,1.0,csv,csv_000011868,23
data\training_data\11869.png,106.875,1.0,csv,csv_000011869,23
data\training_data\11870.png,85.0,1.0,csv,csv_000011870,23
data\training_data\11871.png,102.5,0.0,csv,csv_000011871,23
data\training_data\11872.png,102.5,1.0,csv,csv_000011872,23
data\training_data\11873.png,85.0,1.0,csv,csv_000011873,23
data\training_data\11874.png,80.625,1.0,csv,csv_000011874,23
data\training_data\11875.png,98.125,1.0,csv,csv_000011875,23
data\training_data\11876.png,85.0,1.0,csv,csv_000011876,23
data\training_data\11877.png,106.875,0.0,csv,csv_000011877,23
data\training_data\11878.png,85.0,1.0,csv,csv_000011878,23
data\training_data\11879.png,58.75,1.0,csv,csv_000011879,23
data\training_data\11880.png,85.0,1.0,csv,csv_000011880,23
data\training_data\11881.png,106.875,1.0,csv,csv_000011881,23
data\training_data\11882.png,85.0,1.0,csv,csv_000011882,23
data\training_data\11883.png,102.5,1.0,csv,csv_000011883,23
data\training_data\11884.png,80.625,1.0,csv,csv_000011884,23
data\training_data\11885.png,120.0,1.0,csv,csv_000011885,23
data\training_data\11886.png,106.875,1.0,csv,csv_000011886,23
data\training_data\11887.png,93.75,1.0,csv,csv_000011887,23
data\training_data\11888.png,80.625,1.0,csv,csv_000011888,23
data\training_data\11889.png,120.0,1.0,csv,csv_000011889,23
data\training_data\11890.png,85.0,0.0,csv,csv_000011890,23
data\training_data\11891.png,58.75,1.0,csv,csv_000011891,23
data\training_data\11892.png,63.125,1.0,csv,csv_000011892,23
data\training_data\11893.png,54.375,1.0,csv,csv_000011893,23
data\training_data\11894.png,98.125,1.0,csv,csv_000011894,23
data\training_data\11895.png,102.5,0.0,csv,csv_000011895,23
data\training_data\11896.png,102.5,0.0,csv,csv_000011896,23
data\training_data\11897.png,93.75,1.0,csv,csv_000011897,23
data\training_data\11898.png,106.875,1.0,csv,csv_000011898,23
data\training_data\11899.png,85.0,0.0,csv,csv_000011899,23
data\training_data\11900.png,102.5,0.0,csv,csv_000011900,23
data\training_data\11901.png,98.125,1.0,csv,csv_000011901,23
data\training_data\11902.png,85.0,1.0,csv,csv_000011902,23
data\training_data\11903.png,89.375,0.0,csv,csv_000011903,23
data\training_data\11904.png,85.0,0.0,csv,csv_000011904,23
data\training_data\11905.png,102.5,1.0,csv,csv_000011905,23
data\training_data\11906.png,93.75,1.0,csv,csv_000011906,23
data\training_data\11907.png,98.125,1.0,csv,csv_000011907,23
data\training_data\11908.png,80.625,1.0,csv,csv_000011908,23
data\training_data\11909.png,85.0,0.0,csv,csv_000011909,23
data\training_data\11910.png,89.375,1.0,csv,csv_000011910,23
data\training_data\11911.png,93.75,1.0,csv,csv_000011911,23
data\training_data\11912.png,58.75,1.0,csv,csv_000011912,23
data\training_data\11913.png,111.25,1.0,csv,csv_000011913,23
data\training_data\11914.png,85.0,0.0,csv,csv_000011914,23
data\training_data\11915.png,102.5,1.0,csv,csv_000011915,23
data\training_data\11916.png,98.125,0.0,csv,csv_000011916,23
data\training_data\11917.png,98.125,1.0,csv,csv_000011917,23
data\training_data\11918.png,106.875,1.0,csv,csv_000011918,23
data\training_data\11919.png,89.375,0.0,csv,csv_000011919,23
data\training_data\11920.png,106.875,1.0,csv,csv_000011920,23
data\training_data\11921.png,85.0,0.0,csv,csv_000011921,23
data\training_data\11922.png,98.125,1.0,csv,csv_000011922,23
data\training_data\11923.png,85.0,1.0,csv,csv_000011923,23
data\training_data\11924.png,85.0,0.0,csv,csv_000011924,23
data\training_data\11925.png,80.625,1.0,csv,csv_000011925,23
data\training_data\11926.png,63.125,1.0,csv,csv_000011926,23
data\training_data\11927.png,93.75,1.0,csv,csv_000011927,23
data\training_data\11928.png,111.25,1.0,csv,csv_000011928,23
data\training_data\11929.png,93.75,1.0,csv,csv_000011929,23
data\training_data\11930.png,71.875,1.0,csv,csv_000011930,23
data\training_data\11931.png,85.0,1.0,csv,csv_000011931,23
data\training_data\11932.png,85.0,0.0,csv,csv_000011932,23
data\training_data\11933.png,102.5,1.0,csv,csv_000011933,23
data\training_data\11934.png,54.375,1.0,csv,csv_000011934,23
data\training_data\11935.png,85.0,1.0,csv,csv_000011935,23
data\training_data\11936.png,80.625,1.0,csv,csv_000011936,23
data\training_data\11937.png,120.0,1.0,csv,csv_000011937,23
data\training_data\11938.png,102.5,1.0,csv,csv_000011938,23
data\training_data\11939.png,80.625,1.0,csv,csv_000011939,23
data\training_data\11940.png,93.75,1.0,csv,csv_000011940,23
data\training_data\11941.png,85.0,1.0,csv,csv_000011941,23
data\training_data\11942.png,85.0,1.0,csv,csv_000011942,23
data\training_data\11943.png,85.0,1.0,csv,csv_000011943,23
data\training_data\11944.png,85.0,1.0,csv,csv_000011944,23
data\training_data\11945.png,67.5,1.0,csv,csv_000011945,23
data\training_data\11946.png,71.875,1.0,csv,csv_000011946,23
data\training_data\11947.png,98.125,1.0,csv,csv_000011947,23
data\training_data\11948.png,93.75,1.0,csv,csv_000011948,23
data\training_data\11949.png,102.5,1.0,csv,csv_000011949,23
data\training_data\11950.png,85.0,0.0,csv,csv_000011950,23
data\training_data\11951.png,58.75,1.0,csv,csv_000011951,23
data\training_data\11952.png,111.25,0.0,csv,csv_000011952,23
data\training_data\11953.png,85.0,1.0,csv,csv_000011953,23
data\training_data\11954.png,85.0,1.0,csv,csv_000011954,23
data\training_data\11955.png,93.75,1.0,csv,csv_000011955,23
data\training_data\11956.png,80.625,1.0,csv,csv_000011956,23
data\training_data\11957.png,71.875,1.0,csv,csv_000011957,23
data\training_data\11958.png,85.0,0.0,csv,csv_000011958,23
data\training_data\11959.png,58.75,1.0,csv,csv_000011959,23
data\training_data\11960.png,106.875,1.0,csv,csv_000011960,23
data\training_data\11961.png,85.0,1.0,csv,csv_000011961,23
data\training_data\11962.png,85.0,1.0,csv,csv_000011962,23
data\training_data\11963.png,63.125,1.0,csv,csv_000011963,23
data\training_data\11964.png,115.625,1.0,csv,csv_000011964,23
data\training_data\11965.png,85.0,1.0,csv,csv_000011965,23
data\training_data\11966.png,85.0,0.0,csv,csv_000011966,23
data\training_data\11967.png,85.0,1.0,csv,csv_000011967,23
data\training_data\11968.png,58.75,0.0,csv,csv_000011968,23
data\training_data\11969.png,85.0,1.0,csv,csv_000011969,23
data\training_data\11970.png,89.375,1.0,csv,csv_000011970,23
data\training_data\11971.png,85.0,1.0,csv,csv_000011971,23
data\training_data\11972.png,85.0,1.0,csv,csv_000011972,23
data\training_data\11973.png,120.0,0.0,csv,csv_000011973,23
data\training_data\11974.png,89.375,1.0,csv,csv_000011974,23
data\training_data\11975.png,98.125,1.0,csv,csv_000011975,23
data\training_data\11976.png,67.5,1.0,csv,csv_000011976,23
data\training_data\11977.png,89.375,1.0,csv,csv_000011977,23
data\training_data\11978.png,67.5,0.0,csv,csv_000011978,23
data\training_data\11979.png,106.875,1.0,csv,csv_000011979,23
data\training_data\11980.png,85.0,1.0,csv,csv_000011980,23
data\training_data\11981.png,106.875,1.0,csv,csv_000011981,23
data\training_data\11982.png,98.125,1.0,csv,csv_000011982,23
data\training_data\11983.png,85.0,1.0,csv,csv_000011983,23
data\training_data\11984.png,98.125,1.0,csv,csv_000011984,23
data\training_data\11985.png,93.75,1.0,csv,csv_000011985,23
data\training_data\11986.png,93.75,1.0,csv,csv_000011986,23
data\training_data\11987.png,54.375,1.0,csv,csv_000011987,23
data\training_data\11988.png,58.75,0.0,csv,csv_000011988,23
data\training_data\11989.png,85.0,0.0,csv,csv_000011989,23
data\training_data\11990.png,58.75,1.0,csv,csv_000011990,23
data\training_data\11991.png,98.125,1.0,csv,csv_000011991,23
data\training_data\11992.png,102.5,1.0,csv,csv_000011992,23
data\training_data\11993.png,85.0,0.0,csv,csv_000011993,23
data\training_data\11994.png,89.375,1.0,csv,csv_000011994,23
data\training_data\11995.png,85.0,1.0,csv,csv_000011995,23
data\training_data\11996.png,106.875,1.0,csv,csv_000011996,23
data\training_data\11997.png,58.75,1.0,csv,csv_000011997,23
data\training_data\11998.png,85.0,0.0,csv,csv_000011998,23
data\training_data\11999.png,89.375,0.0,csv,csv_000011999,23
data\training_data\12000.png,54.375,1.0,csv,csv_000012000,23
data\training_data\12001.png,85.0,1.0,csv,csv_000012001,23
data\training_data\12002.png,67.5,1.0,csv,csv_000012002,23
data\training_data\12003.png,102.5,1.0,csv,csv_000012003,23
data\training_data\12004.png,67.5,0.0,csv,csv_000012004,23
data\training_data\12005.png,106.875,1.0,csv,csv_000012005,23
data\training_data\12006.png,89.375,1.0,csv,csv_000012006,23
data\training_data\12007.png,54.375,1.0,csv,csv_000012007,23
data\training_data\12008.png,85.0,1.0,csv,csv_000012008,23
data\training_data\12009.png,85.0,1.0,csv,csv_000012009,23
data\training_data\12010.png,80.625,1.0,csv,csv_000012010,23
data\training_data\12011.png,89.375,1.0,csv,csv_000012011,23
data\training_data\12012.png,85.0,1.0,csv,csv_000012012,23
data\training_data\12013.png,102.5,0.0,csv,csv_000012013,23
data\training_data\12014.png,98.125,1.0,csv,csv_000012014,23
data\training_data\12015.png,85.0,1.0,csv,csv_000012015,23
data\training_data\12016.png,85.0,1.0,csv,csv_000012016,23
data\training_data\12017.png,58.75,1.0,csv,csv_000012017,23
data\training_data\12018.png,54.375,1.0,csv,csv_000012018,23
data\training_data\12019.png,85.0,0.0,csv,csv_000012019,23
data\training_data\12020.png,85.0,1.0,csv,csv_000012020,23
data\training_data\12021.png,54.375,1.0,csv,csv_000012021,23
data\training_data\12022.png,106.875,1.0,csv,csv_000012022,23
data\training_data\12023.png,106.875,1.0,csv,csv_000012023,23
data\training_data\12024.png,106.875,1.0,csv,csv_000012024,23
data\training_data\12025.png,85.0,0.0,csv,csv_000012025,23
data\training_data\12026.png,89.375,1.0,csv,csv_000012026,23
data\training_data\12027.png,85.0,0.0,csv,csv_000012027,23
data\training_data\12028.png,85.0,0.0,csv,csv_000012028,23
data\training_data\12029.png,85.0,1.0,csv,csv_000012029,23
data\training_data\12030.png,102.5,1.0,csv,csv_000012030,23
data\training_data\12031.png,106.875,0.0,csv,csv_000012031,23
data\training_data\12532.png,80.625,1.0,csv,csv_000012532,25
data\training_data\12533.png,63.125,1.0,csv,csv_000012533,25
data\training_data\12534.png,85.0,0.0,csv,csv_000012534,25
data\training_data\12535.png,85.0,0.0,csv,csv_000012535,25
data\training_data\12536.png,93.75,1.0,csv,csv_000012536,25
data\training_data\12537.png,106.875,1.0,csv,csv_000012537,25
data\training_data\12538.png,80.625,1.0,csv,csv_000012538,25
data\training_data\12539.png,89.375,1.0,csv,csv_000012539,25
data\training_data\12540.png,54.375,1.0,csv,csv_000012540,25
data\training_data\12541.png,98.125,1.0,csv,csv_000012541,25
data\training_data\12542.png,71.875,1.0,csv,csv_000012542,25
data\training_data\12543.png,111.25,1.0,csv,csv_000012543,25
data\training_data\12544.png,76.25,0.0,csv,csv_000012544,25
data\training_data\12545.png,111.25,1.0,csv,csv_000012545,25
data\training_data\12546.png,50.0,0.0,csv,csv_000012546,25
data\training_data\12547.png,80.625,1.0,csv,csv_000012547,25
data\training_data\12548.png,89.375,1.0,csv,csv_000012548,25
data\training_data\12549.png,80.625,1.0,csv,csv_000012549,25
data\training_data\12550.png,106.875,1.0,csv,csv_000012550,25
data\training_data\12551.png,85.0,1.0,csv,csv_000012551,25
data\training_data\12552.png,89.375,1.0,csv,csv_000012552,25
data\training_data\12553.png,85.0,1.0,csv,csv_000012553,25
data\training_data\12554.png,98.125,1.0,csv,csv_000012554,25
data\training_data\12555.png,54.375,1.0,csv,csv_000012555,25
data\training_data\12556.png,63.125,1.0,csv,csv_000012556,25
data\training_data\12557.png,85.0,1.0,csv,csv_000012557,25
data\training_data\12558.png,93.75,1.0,csv,csv_000012558,25
data\training_data\12559.png,106.875,0.0,csv,csv_000012559,25
data\training_data\12560.png,89.375,1.0,csv,csv_000012560,25
data\training_data\12561.png,85.0,1.0,csv,csv_000012561,25
data\training_data\12562.png,58.75,1.0,csv,csv_000012562,25
data\training_data\12563.png,98.125,0.0,csv,csv_000012563,25
data\training_data\12564.png,80.625,0.0,csv,csv_000012564,25
data\training_data\12565.png,106.875,1.0,csv,csv_000012565,25
data\training_data\12566.png,102.5,1.0,csv,csv_000012566,25
data\training_data\12567.png,85.0,1.0,csv,csv_000012567,25
data\training_data\12568.png,102.5,1.0,csv,csv_000012568,25
data\training_data\12569.png,85.0,1.0,csv,csv_000012569,25
data\training_data\12570.png,67.5,1.0,csv,csv_000012570,25
data\training_data\12571.png,102.5,1.0,csv,csv_000012571,25
data\training_data\12572.png,85.0,1.0,csv,csv_000012572,25
data\training_data\12573.png,102.5,1.0,csv,csv_000012573,25
data\training_data\12574.png,102.5,1.0,csv,csv_000012574,25
data\training_data\12575.png,58.75,1.0,csv,csv_000012575,25
data\training_data\12576.png,93.75,1.0,csv,csv_000012576,25
data\training_data\12577.png,85.0,1.0,csv,csv_000012577,25
data\training_data\12578.png,76.25,0.0,csv,csv_000012578,25
data\training_data\12579.png,98.125,0.0,csv,csv_000012579,25
data\training_data\12580.png,89.375,1.0,csv,csv_000012580,25
data\training_data\12581.png,93.75,1.0,csv,csv_000012581,25
data\training_data\12582.png,111.25,1.0,csv,csv_000012582,25
data\training_data\12583.png,106.875,1.0,csv,csv_000012583,25
data\training_data\12584.png,98.125,1.0,csv,csv_000012584,25
data\training_data\12585.png,85.0,0.0,csv,csv_000012585,25
data\training_data\12586.png,120.0,1.0,csv,csv_000012586,25
data\training_data\12587.png,102.5,1.0,csv,csv_000012587,25
data\training_data\12588.png,85.0,0.0,csv,csv_000012588,25
data\training_data\12589.png,58.75,1.0,csv,csv_000012589,25
data\training_data\12590.png,85.0,0.0,csv,csv_000012590,25
data\training_data\12591.png,106.875,1.0,csv,csv_000012591,25
data\training_data\12592.png,85.0,1.0,csv,csv_000012592,25
data\training_data\12593.png,102.5,1.0,csv,csv_000012593,25
data\training_data\12594.png,85.0,1.0,csv,csv_000012594,25
data\training_data\12595.png,106.875,1.0,csv,csv_000012595,25
data\training_data\12596.png,80.625,1.0,csv,csv_000012596,25
data\training_data\12597.png,54.375,1.0,csv,csv_000012597,25
data\training_data\12598.png,76.25,1.0,csv,csv_000012598,25
data\training_data\12599.png,89.375,1.0,csv,csv_000012599,25
data\training_data\12600.png,80.625,1.0,csv,csv_000012600,25
data\training_data\12601.png,80.625,1.0,csv,csv_000012601,25
data\training_data\12602.png,85.0,1.0,csv,csv_000012602,25
data\training_data\12603.png,67.5,1.0,csv,csv_000012603,25
data\training_data\12604.png,58.75,1.0,csv,csv_000012604,25
data\training_data\12605.png,58.75,1.0,csv,csv_000012605,25
data\training_data\12606.png,89.375,0.0,csv,csv_000012606,25
data\training_data\12607.png,85.0,1.0,csv,csv_000012607,25
data\training_data\12608.png,106.875,1.0,csv,csv_000012608,25
data\training_data\12609.png,58.75,0.0,csv,csv_000012609,25
data\training_data\12610.png,54.375,1.0,csv,csv_000012610,25
data\training_data\12611.png,80.625,0.0,csv,csv_000012611,25
data\training_data\12612.png,98.125,1.0,csv,csv_000012612,25
data\training_data\12613.png,106.875,1.0,csv,csv_000012613,25
data\training_data\12614.png,58.75,1.0,csv,csv_000012614,25
data\training_data\12615.png,102.5,1.0,csv,csv_000012615,25
data\training_data\12616.png,106.875,1.0,csv,csv_000012616,25
data\training_data\12617.png,80.625,1.0,csv,csv_000012617,25
data\training_data\12618.png,85.0,1.0,csv,csv_000012618,25
data\training_data\12619.png,58.75,1.0,csv,csv_000012619,25
data\training_data\12620.png,102.5,1.0,csv,csv_000012620,25
data\training_data\12621.png,85.0,1.0,csv,csv_000012621,25
data\training_data\12622.png,85.0,1.0,csv,csv_000012622,25
data\training_data\12623.png,85.0,1.0,csv,csv_000012623,25
data\training_data\12624.png,102.5,1.0,csv,csv_000012624,25
data\training_data\12625.png,89.375,1.0,csv,csv_000012625,25
data\training_data\12626.png,98.125,1.0,csv,csv_000012626,25
data\training_data\12627.png,85.0,0.0,csv,csv_000012627,25
data\training_data\12628.png,89.375,1.0,csv,csv_000012628,25
data\training_data\12629.png,85.0,1.0,csv,csv_000012629,25
data\training_data\12630.png,67.5,1.0,csv,csv_000012630,25
data\training_data\12631.png,120.0,0.0,csv,csv_000012631,25
data\training_data\12632.png,102.5,1.0,csv,csv_000012632,25
data\training_data\12633.png,111.25,0.0,csv,csv_000012633,25
data\training_data\12634.png,85.0,1.0,csv,csv_000012634,25
data\training_data\12635.png,58.75,1.0,csv,csv_000012635,25
data\training_data\12636.png,85.0,1.0,csv,csv_000012636,25
data\training_data\12637.png,67.5,0.0,csv,csv_000012637,25
data\training_data\12639.png,89.375,1.0,csv,csv_000012639,25
data\training_data\12640.png,54.375,1.0,csv,csv_000012640,25
data\training_data\12641.png,85.0,0.0,csv,csv_000012641,25
data\training_data\12642.png,89.375,1.0,csv,csv_000012642,25
data\training_data\12643.png,80.625,0.0,csv,csv_000012643,25
data\training_data\12644.png,102.5,1.0,csv,csv_000012644,25
data\training_data\12645.png,50.0,0.0,csv,csv_000012645,25
data\training_data\12646.png,50.0,0.0,csv,csv_000012646,25
data\training_data\12647.png,54.375,0.0,csv,csv_000012647,25
data\training_data\12648.png,85.0,1.0,csv,csv_000012648,25
data\training_data\12649.png,85.0,1.0,csv,csv_000012649,25
data\training_data\12650.png,120.0,0.0,csv,csv_000012650,25
data\training_data\12651.png,85.0,0.0,csv,csv_000012651,25
data\training_data\12652.png,93.75,0.0,csv,csv_000012652,25
data\training_data\12653.png,98.125,1.0,csv,csv_000012653,25
data\training_data\12654.png,71.875,1.0,csv,csv_000012654,25
data\training_data\12655.png,98.125,0.0,csv,csv_000012655,25
data\training_data\12656.png,54.375,1.0,csv,csv_000012656,25
data\training_data\12657.png,85.0,1.0,csv,csv_000012657,25
data\training_data\12658.png,93.75,1.0,csv,csv_000012658,25
data\training_data\12659.png,54.375,1.0,csv,csv_000012659,25
data\training_data\12660.png,85.0,1.0,csv,csv_000012660,25
data\training_data\12661.png,80.625,1.0,csv,csv_000012661,25
data\training_data\12662.png,89.375,1.0,csv,csv_000012662,25
data\training_data\12663.png,80.625,1.0,csv,csv_000012663,25
data\training_data\12664.png,85.0,1.0,csv,csv_000012664,25
data\training_data\12665.png,54.375,0.0,csv,csv_000012665,25
data\training_data\12666.png,89.375,1.0,csv,csv_000012666,25
data\training_data\12667.png,85.0,0.0,csv,csv_000012667,25
data\training_data\12668.png,106.875,1.0,csv,csv_000012668,25
data\training_data\12669.png,71.875,1.0,csv,csv_000012669,25
data\training_data\12670.png,115.625,1.0,csv,csv_000012670,25
data\training_data\12671.png,89.375,1.0,csv,csv_000012671,25
data\training_data\12672.png,58.75,1.0,csv,csv_000012672,25
data\training_data\12673.png,102.5,1.0,csv,csv_000012673,25
data\training_data\12674.png,58.75,0.0,csv,csv_000012674,25
data\training_data\12675.png,80.625,1.0,csv,csv_000012675,25
data\training_data\12676.png,58.75,1.0,csv,csv_000012676,25
data\training_data\12677.png,85.0,0.0,csv,csv_000012677,25
data\training_data\12678.png,58.75,1.0,csv,csv_000012678,25
data\training_data\12679.png,98.125,1.0,csv,csv_000012679,25
data\training_data\12680.png,85.0,1.0,csv,csv_000012680,25
data\training_data\12681.png,106.875,1.0,csv,csv_000012681,25
data\training_data\12682.png,54.375,1.0,csv,csv_000012682,25
data\training_data\12683.png,98.125,1.0,csv,csv_000012683,25
data\training_data\12684.png,89.375,0.0,csv,csv_000012684,25
data\training_data\12685.png,80.625,1.0,csv,csv_000012685,25
data\training_data\12686.png,106.875,1.0,csv,csv_000012686,25
data\training_data\12687.png,80.625,1.0,csv,csv_000012687,25
data\training_data\12688.png,106.875,1.0,csv,csv_000012688,25
data\training_data\12689.png,85.0,1.0,csv,csv_000012689,25
data\training_data\12690.png,67.5,1.0,csv,csv_000012690,25
data\training_data\12691.png,102.5,1.0,csv,csv_000012691,25
data\training_data\12692.png,85.0,1.0,csv,csv_000012692,25
data\training_data\12693.png,58.75,1.0,csv,csv_000012693,25
data\training_data\12694.png,76.25,1.0,csv,csv_000012694,25
data\training_data\12695.png,50.0,1.0,csv,csv_000012695,25
data\training_data\12696.png,93.75,1.0,csv,csv_000012696,25
data\training_data\12697.png,106.875,1.0,csv,csv_000012697,25
data\training_data\12698.png,89.375,1.0,csv,csv_000012698,25
data\training_data\12699.png,80.625,1.0,csv,csv_000012699,25
data\training_data\12700.png,67.5,0.0,csv,csv_000012700,25
data\training_data\12701.png,85.0,1.0,csv,csv_000012701,25
data\training_data\12702.png,111.25,0.0,csv,csv_000012702,25
data\training_data\12703.png,98.125,1.0,csv,csv_000012703,25
data\training_data\12704.png,85.0,1.0,csv,csv_000012704,25
data\training_data\12705.png,80.625,1.0,csv,csv_000012705,25
data\training_data\12706.png,106.875,1.0,csv,csv_000012706,25
data\training_data\12707.png,106.875,1.0,csv,csv_000012707,25
data\training_data\12708.png,111.25,1.0,csv,csv_000012708,25
data\training_data\12709.png,102.5,1.0,csv,csv_000012709,25
data\training_data\12711.png,98.125,1.0,csv,csv_000012711,25
data\training_data\12712.png,98.125,1.0,csv,csv_000012712,25
data\training_data\12713.png,115.625,0.0,csv,csv_000012713,25
data\training_data\12714.png,89.375,1.0,csv,csv_000012714,25
data\training_data\12715.png,106.875,1.0,csv,csv_000012715,25
data\training_data\12716.png,54.375,1.0,csv,csv_000012716,25
data\training_data\12717.png,80.625,1.0,csv,csv_000012717,25
data\training_data\12718.png,89.375,1.0,csv,csv_000012718,25
data\training_data\12719.png,106.875,0.0,csv,csv_000012719,25
data\training_data\12720.png,98.125,1.0,csv,csv_000012720,25
data\training_data\12721.png,106.875,0.0,csv,csv_000012721,25
data\training_data\12722.png,98.125,1.0,csv,csv_000012722,25
data\training_data\12723.png,102.5,0.0,csv,csv_000012723,25
data\training_data\12724.png,85.0,1.0,csv,csv_000012724,25
data\training_data\12725.png,89.375,1.0,csv,csv_000012725,25
data\training_data\12726.png,102.5,1.0,csv,csv_000012726,25
data\training_data\12727.png,102.5,0.0,csv,csv_000012727,25
data\training_data\12728.png,89.375,1.0,csv,csv_000012728,25
data\training_data\12729.png,89.375,1.0,csv,csv_000012729,25
data\training_data\12730.png,111.25,1.0,csv,csv_000012730,25
data\training_data\12731.png,106.875,1.0,csv,csv_000012731,25
data\training_data\12732.png,85.0,1.0,csv,csv_000012732,25
data\training_data\12733.png,89.375,1.0,csv,csv_000012733,25
data\training_data\12734.png,85.0,1.0,csv,csv_000012734,25
data\training_data\12735.png,67.5,0.0,csv,csv_000012735,25
data\training_data\12736.png,63.125,1.0,csv,csv_000012736,25
data\training_data\12737.png,80.625,1.0,csv,csv_000012737,25
data\training_data\12738.png,85.0,1.0,csv,csv_000012738,25
data\training_data\12739.png,115.625,0.0,csv,csv_000012739,25
data\training_data\12740.png,58.75,0.0,csv,csv_000012740,25
data\training_data\12741.png,98.125,0.0,csv,csv_000012741,25
data\training_data\12742.png,106.875,1.0,csv,csv_000012742,25
data\training_data\12743.png,93.75,1.0,csv,csv_000012743,25
data\training_data\12744.png,111.25,1.0,csv,csv_000012744,25
data\training_data\12745.png,115.625,1.0,csv,csv_000012745,25
data\training_data\12746.png,106.875,1.0,csv,csv_000012746,25
data\training_data\12747.png,89.375,1.0,csv,csv_000012747,25
data\training_data\12748.png,102.5,0.0,csv,csv_000012748,25
data\training_data\12749.png,111.25,0.0,csv,csv_000012749,25
data\training_data\12750.png,89.375,0.0,csv,csv_000012750,25
data\training_data\12751.png,106.875,1.0,csv,csv_000012751,25
data\training_data\12752.png,63.125,1.0,csv,csv_000012752,25
data\training_data\12753.png,89.375,1.0,csv,csv_000012753,25
data\training_data\12754.png,85.0,1.0,csv,csv_000012754,25
data\training_data\12755.png,93.75,1.0,csv,csv_000012755,25
data\training_data\12756.png,85.0,1.0,csv,csv_000012756,25
data\training_data\12757.png,85.0,1.0,csv,csv_000012757,25
data\training_data\12758.png,54.375,1.0,csv,csv_000012758,25
data\training_data\12759.png,54.375,1.0,csv,csv_000012759,25
data\training_data\12760.png,111.25,1.0,csv,csv_000012760,25
data\training_data\12761.png,102.5,1.0,csv,csv_000012761,25
data\training_data\12762.png,102.5,0.0,csv,csv_000012762,25
data\training_data\12763.png,50.0,0.0,csv,csv_000012763,25
data\training_data\12764.png,85.0,1.0,csv,csv_000012764,25
data\training_data\12765.png,85.0,0.0,csv,csv_000012765,25
data\training_data\12766.png,102.5,1.0,csv,csv_000012766,25
data\training_data\12767.png,111.25,0.0,csv,csv_000012767,25
data\training_data\12768.png,93.75,1.0,csv,csv_000012768,25
data\training_data\12769.png,85.0,0.0,csv,csv_000012769,25
data\training_data\12770.png,63.125,1.0,csv,csv_000012770,25
data\training_data\12771.png,106.875,1.0,csv,csv_000012771,25
data\training_data\12772.png,102.5,1.0,csv,csv_000012772,25
data\training_data\12773.png,89.375,0.0,csv,csv_000012773,25
data\training_data\12774.png,85.0,0.0,csv,csv_000012774,25
data\training_data\12775.png,93.75,1.0,csv,csv_000012775,25
data\training_data\12776.png,89.375,1.0,csv,csv_000012776,25
data\training_data\12777.png,85.0,1.0,csv,csv_000012777,25
data\training_data\12778.png,85.0,1.0,csv,csv_000012778,25
data\training_data\12779.png,98.125,1.0,csv,csv_000012779,25
data\training_data\12780.png,102.5,1.0,csv,csv_000012780,25
data\training_data\12781.png,89.375,1.0,csv,csv_000012781,25
data\training_data\12782.png,85.0,1.0,csv,csv_000012782,25
data\training_data\12783.png,80.625,1.0,csv,csv_000012783,25
data\training_data\12784.png,85.0,0.0,csv,csv_000012784,25
data\training_data\12785.png,67.5,1.0,csv,csv_000012785,25
data\training_data\12786.png,80.625,1.0,csv,csv_000012786,25
data\training_data\12787.png,115.625,1.0,csv,csv_000012787,25
data\training_data\12788.png,85.0,1.0,csv,csv_000012788,25
data\training_data\12789.png,58.75,1.0,csv,csv_000012789,25
data\training_data\12790.png,58.75,1.0,csv,csv_000012790,25
data\training_data\12791.png,98.125,1.0,csv,csv_000012791,25
data\training_data\12792.png,89.375,0.0,csv,csv_000012792,25
data\training_data\12793.png,98.125,1.0,csv,csv_000012793,25
data\training_data\12794.png,89.375,1.0,csv,csv_000012794,25
data\training_data\12795.png,85.0,0.0,csv,csv_000012795,25
data\training_data\12796.png,58.75,1.0,csv,csv_000012796,25
data\training_data\12797.png,80.625,1.0,csv,csv_000012797,25
data\training_data\12798.png,85.0,1.0,csv,csv_000012798,25
data\training_data\12799.png,89.375,1.0,csv,csv_000012799,25
data\training_data\12800.png,80.625,1.0,csv,csv_000012800,25
data\training_data\12801.png,89.375,1.0,csv,csv_000012801,25
data\training_data\12802.png,89.375,1.0,csv,csv_000012802,25
data\training_data\12803.png,106.875,1.0,csv,csv_000012803,25
data\training_data\12804.png,98.125,0.0,csv,csv_000012804,25
data\training_data\12805.png,115.625,1.0,csv,csv_000012805,25
data\training_data\12806.png,89.375,1.0,csv,csv_000012806,25
data\training_data\12807.png,58.75,1.0,csv,csv_000012807,25
data\training_data\12808.png,50.0,0.0,csv,csv_000012808,25
data\training_data\12809.png,89.375,1.0,csv,csv_000012809,25
data\training_data\12810.png,85.0,1.0,csv,csv_000012810,25
data\training_data\12811.png,67.5,1.0,csv,csv_000012811,25
data\training_data\12812.png,98.125,1.0,csv,csv_000012812,25
data\training_data\12813.png,98.125,1.0,csv,csv_000012813,25
data\training_data\12814.png,85.0,1.0,csv,csv_000012814,25
data\training_data\12815.png,85.0,1.0,csv,csv_000012815,25
data\training_data\12816.png,102.5,1.0,csv,csv_000012816,25
data\training_data\12817.png,85.0,0.0,csv,csv_000012817,25
data\training_data\12818.png,58.75,1.0,csv,csv_000012818,25
data\training_data\12819.png,106.875,1.0,csv,csv_000012819,25
data\training_data\12820.png,102.5,1.0,csv,csv_000012820,25
data\training_data\12821.png,93.75,1.0,csv,csv_000012821,25
data\training_data\12822.png,54.375,1.0,csv,csv_000012822,25
data\training_data\12823.png,76.25,1.0,csv,csv_000012823,25
data\training_data\12824.png,102.5,1.0,csv,csv_000012824,25
data\training_data\12825.png,85.0,1.0,csv,csv_000012825,25
data\training_data\12826.png,98.125,1.0,csv,csv_000012826,25
data\training_data\12827.png,102.5,1.0,csv,csv_000012827,25
data\training_data\12828.png,106.875,1.0,csv,csv_000012828,25
data\training_data\12829.png,80.625,1.0,csv,csv_000012829,25
data\training_data\12830.png,89.375,0.0,csv,csv_000012830,25
data\training_data\12831.png,93.75,1.0,csv,csv_000012831,25
data\training_data\12832.png,106.875,1.0,csv,csv_000012832,25
data\training_data\12833.png,93.75,1.0,csv,csv_000012833,25
data\training_data\12834.png,111.25,0.0,csv,csv_000012834,25
data\training_data\12835.png,54.375,1.0,csv,csv_000012835,25
data\training_data\12836.png,85.0,0.0,csv,csv_000012836,25
data\training_data\12837.png,98.125,1.0,csv,csv_000012837,25
data\training_data\12838.png,89.375,0.0,csv,csv_000012838,25
data\training_data\12839.png,89.375,0.0,csv,csv_000012839,25
data\training_data\12840.png,102.5,1.0,csv,csv_000012840,25
data\training_data\12841.png,63.125,1.0,csv,csv_000012841,25
data\training_data\12842.png,80.625,1.0,csv,csv_000012842,25
data\training_data\12843.png,89.375,1.0,csv,csv_000012843,25
data\training_data\12844.png,89.375,1.0,csv,csv_000012844,25
data\training_data\12845.png,102.5,0.0,csv,csv_000012845,25
data\training_data\12846.png,89.375,1.0,csv,csv_000012846,25
data\training_data\12847.png,58.75,1.0,csv,csv_000012847,25
data\training_data\12848.png,98.125,1.0,csv,csv_000012848,25
data\training_data\12849.png,80.625,1.0,csv,csv_000012849,25
data\training_data\12850.png,85.0,1.0,csv,csv_000012850,25
data\training_data\12851.png,58.75,1.0,csv,csv_000012851,25
data\training_data\12852.png,58.75,1.0,csv,csv_000012852,25
data\training_data\12853.png,71.875,1.0,csv,csv_000012853,25
data\training_data\12854.png,98.125,1.0,csv,csv_000012854,25
data\training_data\12855.png,106.875,1.0,csv,csv_000012855,25
data\training_data\12856.png,106.875,1.0,csv,csv_000012856,25
data\training_data\12857.png,98.125,1.0,csv,csv_000012857,25
data\training_data\12858.png,98.125,1.0,csv,csv_000012858,25
data\training_data\12859.png,85.0,0.0,csv,csv_000012859,25
data\training_data\12860.png,89.375,1.0,csv,csv_000012860,25
data\training_data\12861.png,89.375,1.0,csv,csv_000012861,25
data\training_data\12862.png,102.5,1.0,csv,csv_000012862,25
data\training_data\12863.png,58.75,1.0,csv,csv_000012863,25
data\training_data\12864.png,85.0,0.0,csv,csv_000012864,25
data\training_data\12865.png,63.125,1.0,csv,csv_000012865,25
data\training_data\12866.png,85.0,1.0,csv,csv_000012866,25
data\training_data\12867.png,85.0,0.0,csv,csv_000012867,25
data\training_data\12868.png,80.625,1.0,csv,csv_000012868,25
data\training_data\12869.png,89.375,1.0,csv,csv_000012869,25
data\training_data\12870.png,67.5,0.0,csv,csv_000012870,25
data\training_data\12871.png,80.625,1.0,csv,csv_000012871,25
data\training_data\12872.png,93.75,1.0,csv,csv_000012872,25
data\training_data\12873.png,85.0,1.0,csv,csv_000012873,25
data\training_data\12874.png,80.625,1.0,csv,csv_000012874,25
data\training_data\12875.png,89.375,1.0,csv,csv_000012875,25
data\training_data\12876.png,102.5,1.0,csv,csv_000012876,25
data\training_data\12877.png,106.875,1.0,csv,csv_000012877,25
data\training_data\12878.png,85.0,1.0,csv,csv_000012878,25
data\training_data\12879.png,85.0,0.0,csv,csv_000012879,25
data\training_data\12880.png,102.5,1.0,csv,csv_000012880,25
data\training_data\12881.png,93.75,1.0,csv,csv_000012881,25
data\training_data\12882.png,80.625,1.0,csv,csv_000012882,25
data\training_data\12883.png,85.0,1.0,csv,csv_000012883,25
data\training_data\12884.png,102.5,0.0,csv,csv_000012884,25
data\training_data\12885.png,85.0,1.0,csv,csv_000012885,25
data\training_data\12886.png,93.75,1.0,csv,csv_000012886,25
data\training_data\12887.png,63.125,1.0,csv,csv_000012887,25
data\training_data\12888.png,106.875,1.0,csv,csv_000012888,25
data\training_data\12889.png,98.125,1.0,csv,csv_000012889,25
data\training_data\12890.png,58.75,1.0,csv,csv_000012890,25
data\training_data\12891.png,85.0,1.0,csv,csv_000012891,25
data\training_data\12892.png,85.0,1.0,csv,csv_000012892,25
data\training_data\12893.png,106.875,0.0,csv,csv_000012893,25
data\training_data\12894.png,98.125,0.0,csv,csv_000012894,25
data\training_data\12895.png,85.0,0.0,csv,csv_000012895,25
data\training_data\12896.png,80.625,1.0,csv,csv_000012896,25
data\training_data\12897.png,89.375,0.0,csv,csv_000012897,25
data\training_data\12898.png,102.5,1.0,csv,csv_000012898,25
data\training_data\12899.png,63.125,0.0,csv,csv_000012899,25
data\training_data\12900.png,50.0,0.0,csv,csv_000012900,25
data\training_data\12901.png,50.0,1.0,csv,csv_000012901,25
data\training_data\12902.png,58.75,1.0,csv,csv_000012902,25
data\training_data\12903.png,85.0,1.0,csv,csv_000012903,25
data\training_data\12904.png,80.625,1.0,csv,csv_000012904,25
data\training_data\12905.png,106.875,1.0,csv,csv_000012905,25
data\training_data\12906.png,85.0,1.0,csv,csv_000012906,25
data\training_data\12907.png,98.125,1.0,csv,csv_000012907,25
data\training_data\12908.png,80.625,0.0,csv,csv_000012908,25
data\training_data\12909.png,85.0,1.0,csv,csv_000012909,25
data\training_data\12910.png,80.625,1.0,csv,csv_000012910,25
data\training_data\12911.png,85.0,1.0,csv,csv_000012911,25
data\training_data\12912.png,93.75,1.0,csv,csv_000012912,25
data\training_data\12913.png,80.625,1.0,csv,csv_000012913,25
data\training_data\12914.png,120.0,0.0,csv,csv_000012914,25
data\training_data\12915.png,54.375,1.0,csv,csv_000012915,25
data\training_data\12916.png,106.875,1.0,csv,csv_000012916,25
data\training_data\12917.png,85.0,0.0,csv,csv_000012917,25
data\training_data\12918.png,93.75,1.0,csv,csv_000012918,25
data\training_data\12919.png,89.375,1.0,csv,csv_000012919,25
data\training_data\12920.png,106.875,1.0,csv,csv_000012920,25
data\training_data\12921.png,85.0,1.0,csv,csv_000012921,25
data\training_data\12922.png,50.0,0.0,csv,csv_000012922,25
data\training_data\12923.png,85.0,0.0,csv,csv_000012923,25
data\training_data\12924.png,106.875,1.0,csv,csv_000012924,25
data\training_data\12925.png,98.125,1.0,csv,csv_000012925,25
data\training_data\12926.png,115.625,1.0,csv,csv_000012926,25
data\training_data\12927.png,102.5,1.0,csv,csv_000012927,25
data\training_data\12928.png,102.5,1.0,csv,csv_000012928,25
data\training_data\12929.png,111.25,0.0,csv,csv_000012929,25
data\training_data\12930.png,85.0,1.0,csv,csv_000012930,25
data\training_data\12931.png,102.5,1.0,csv,csv_000012931,25
data\training_data\12932.png,85.0,0.0,csv,csv_000012932,25
data\training_data\12933.png,58.75,1.0,csv,csv_000012933,25
data\training_data\12934.png,106.875,1.0,csv,csv_000012934,25
data\training_data\12935.png,102.5,1.0,csv,csv_000012935,25
data\training_data\12936.png,106.875,1.0,csv,csv_000012936,25
data\training_data\12937.png,89.375,1.0,csv,csv_000012937,25
data\training_data\12938.png,93.75,0.0,csv,csv_000012938,25
data\training_data\12939.png,80.625,1.0,csv,csv_000012939,25
data\training_data\12940.png,111.25,0.0,csv,csv_000012940,25
data\training_data\12941.png,54.375,1.0,csv,csv_000012941,25
data\training_data\12942.png,85.0,1.0,csv,csv_000012942,25
data\training_data\12943.png,85.0,0.0,csv,csv_000012943,25
data\training_data\12944.png,115.625,1.0,csv,csv_000012944,25
data\training_data\12945.png,98.125,1.0,csv,csv_000012945,25
data\training_data\12946.png,102.5,1.0,csv,csv_000012946,25
data\training_data\12947.png,98.125,1.0,csv,csv_000012947,25
data\training_data\12948.png,102.5,1.0,csv,csv_000012948,25
data\training_data\12949.png,98.125,0.0,csv,csv_000012949,25
data\training_data\12950.png,93.75,1.0,csv,csv_000012950,25
data\training_data\12951.png,54.375,1.0,csv,csv_000012951,25
data\training_data\12952.png,85.0,0.0,csv,csv_000012952,25
data\training_data\12953.png,80.625,1.0,csv,csv_000012953,25
data\training_data\12954.png,89.375,1.0,csv,csv_000012954,25
data\training_data\12955.png,85.0,0.0,csv,csv_000012955,25
data\training_data\12956.png,106.875,1.0,csv,csv_000012956,25
data\training_data\12957.png,67.5,1.0,csv,csv_000012957,25
data\training_data\12958.png,85.0,1.0,csv,csv_000012958,25
data\training_data\12959.png,54.375,1.0,csv,csv_000012959,25
data\training_data\12960.png,102.5,1.0,csv,csv_000012960,25
data\training_data\12961.png,89.375,0.0,csv,csv_000012961,25
data\training_data\12962.png,76.25,1.0,csv,csv_000012962,25
data\training_data\12963.png,50.0,1.0,csv,csv_000012963,25
data\training_data\12964.png,85.0,0.0,csv,csv_000012964,25
data\training_data\12965.png,85.0,0.0,csv,csv_000012965,25
data\training_data\12966.png,85.0,1.0,csv,csv_000012966,25
data\training_data\12967.png,93.75,1.0,csv,csv_000012967,25
data\training_data\12968.png,102.5,1.0,csv,csv_000012968,25
data\training_data\12969.png,85.0,0.0,csv,csv_000012969,25
data\training_data\12970.png,85.0,0.0,csv,csv_000012970,25
data\training_data\12971.png,58.75,1.0,csv,csv_000012971,25
data\training_data\12972.png,102.5,0.0,csv,csv_000012972,25
data\training_data\12973.png,89.375,1.0,csv,csv_000012973,25
data\training_data\12974.png,102.5,1.0,csv,csv_000012974,25
data\training_data\12975.png,98.125,1.0,csv,csv_000012975,25
data\training_data\12976.png,58.75,1.0,csv,csv_000012976,25
data\training_data\12977.png,63.125,1.0,csv,csv_000012977,25
data\training_data\12978.png,85.0,0.0,csv,csv_000012978,25
data\training_data\12979.png,54.375,1.0,csv,csv_000012979,25
data\training_data\12980.png,85.0,0.0,csv,csv_000012980,25
data\training_data\12981.png,89.375,1.0,csv,csv_000012981,25
data\training_data\12982.png,106.875,1.0,csv,csv_000012982,25
data\training_data\12983.png,89.375,1.0,csv,csv_000012983,25
data\training_data\12984.png,63.125,1.0,csv,csv_000012984,25
data\training_data\12985.png,76.25,1.0,csv,csv_000012985,25
data\training_data\12986.png,89.375,1.0,csv,csv_000012986,25
data\training_data\12987.png,89.375,1.0,csv,csv_000012987,25
data\training_data\12988.png,106.875,1.0,csv,csv_000012988,25
data\training_data\12989.png,71.875,1.0,csv,csv_000012989,25
data\training_data\12990.png,80.625,1.0,csv,csv_000012990,25
data\training_data\12991.png,85.0,1.0,csv,csv_000012991,25
data\training_data\12992.png,93.75,1.0,csv,csv_000012992,25
data\training_data\12993.png,89.375,1.0,csv,csv_000012993,25
data\training_data\12994.png,85.0,1.0,csv,csv_000012994,25
data\training_data\12995.png,102.5,1.0,csv,csv_000012995,25
data\training_data\12996.png,106.875,1.0,csv,csv_000012996,25
data\training_data\12997.png,89.375,1.0,csv,csv_000012997,25
data\training_data\12998.png,58.75,1.0,csv,csv_000012998,25
data\training_data\12999.png,80.625,1.0,csv,csv_000012999,25
data\training_data\13000.png,89.375,1.0,csv,csv_000013000,25
data\training_data\13001.png,106.875,1.0,csv,csv_000013001,25
data\training_data\13002.png,98.125,1.0,csv,csv_000013002,25
data\training_data\13003.png,89.375,1.0,csv,csv_000013003,25
data\training_data\13004.png,63.125,1.0,csv,csv_000013004,25
data\training_data\13005.png,85.0,0.0,csv,csv_000013005,25
data\training_data\13006.png,80.625,1.0,csv,csv_000013006,25
data\training_data\13007.png,85.0,1.0,csv,csv_000013007,25
data\training_data\13008.png,58.75,1.0,csv,csv_000013008,25
data\training_data\13009.png,102.5,1.0,csv,csv_000013009,25
data\training_data\13010.png,58.75,0.0,csv,csv_000013010,25
data\training_data\13011.png,102.5,1.0,csv,csv_000013011,25
data\training_data\13012.png,80.625,1.0,csv,csv_000013012,25
data\training_data\13013.png,93.75,1.0,csv,csv_000013013,25
data\training_data\13014.png,85.0,1.0,csv,csv_000013014,25
data\training_data\13015.png,102.5,1.0,csv,csv_000013015,25
data\training_data\13016.png,98.125,1.0,csv,csv_000013016,25
data\training_data\13017.png,102.5,1.0,csv,csv_000013017,25
data\training_data\13018.png,63.125,1.0,csv,csv_000013018,25
data\training_data\13019.png,80.625,1.0,csv,csv_000013019,25
data\training_data\13020.png,89.375,1.0,csv,csv_000013020,25
data\training_data\13021.png,58.75,1.0,csv,csv_000013021,25
data\training_data\13022.png,85.0,0.0,csv,csv_000013022,25
data\training_data\13023.png,85.0,0.0,csv,csv_000013023,25
data\training_data\13024.png,63.125,1.0,csv,csv_000013024,25
data\training_data\13025.png,89.375,1.0,csv,csv_000013025,25
data\training_data\13026.png,85.0,1.0,csv,csv_000013026,25
data\training_data\13027.png,71.875,1.0,csv,csv_000013027,25
data\training_data\13028.png,111.25,1.0,csv,csv_000013028,25
data\training_data\13029.png,106.875,1.0,csv,csv_000013029,25
data\training_data\13030.png,102.5,1.0,csv,csv_000013030,25
data\training_data\13031.png,115.625,0.0,csv,csv_000013031,25
data\training_data\13032.png,85.0,0.0,csv,csv_000013032,25
data\training_data\13033.png,58.75,1.0,csv,csv_000013033,25
data\training_data\13034.png,85.0,0.0,csv,csv_000013034,26
data\training_data\13035.png,89.375,1.0,csv,csv_000013035,26
data\training_data\13036.png,93.75,1.0,csv,csv_000013036,26
data\training_data\13037.png,80.625,1.0,csv,csv_000013037,26
data\training_data\13038.png,85.0,0.0,csv,csv_000013038,26
data\training_data\13039.png,76.25,1.0,csv,csv_000013039,26
data\training_data\13040.png,89.375,1.0,csv,csv_000013040,26
data\training_data\13041.png,85.0,1.0,csv,csv_000013041,26
data\training_data\13042.png,63.125,1.0,csv,csv_000013042,26
data\training_data\13043.png,89.375,1.0,csv,csv_000013043,26
data\training_data\13044.png,106.875,1.0,csv,csv_000013044,26
data\training_data\13045.png,102.5,1.0,csv,csv_000013045,26
data\training_data\13046.png,89.375,1.0,csv,csv_000013046,26
data\training_data\13047.png,106.875,1.0,csv,csv_000013047,26
data\training_data\13048.png,85.0,1.0,csv,csv_000013048,26
data\training_data\13049.png,71.875,1.0,csv,csv_000013049,26
data\training_data\13050.png,89.375,1.0,csv,csv_000013050,26
data\training_data\13051.png,102.5,1.0,csv,csv_000013051,26
data\training_data\13052.png,80.625,1.0,csv,csv_000013052,26
data\training_data\13053.png,106.875,1.0,csv,csv_000013053,26
data\training_data\13054.png,89.375,1.0,csv,csv_000013054,26
data\training_data\13055.png,93.75,1.0,csv,csv_000013055,26
data\training_data\13056.png,63.125,0.0,csv,csv_000013056,26
data\training_data\13057.png,85.0,0.0,csv,csv_000013057,26
data\training_data\13058.png,58.75,1.0,csv,csv_000013058,26
data\training_data\13059.png,58.75,1.0,csv,csv_000013059,26
data\training_data\13060.png,85.0,1.0,csv,csv_000013060,26
data\training_data\13061.png,102.5,1.0,csv,csv_000013061,26
data\training_data\13062.png,80.625,1.0,csv,csv_000013062,26
data\training_data\13063.png,93.75,1.0,csv,csv_000013063,26
data\training_data\13064.png,85.0,0.0,csv,csv_000013064,26
data\training_data\13065.png,106.875,1.0,csv,csv_000013065,26
data\training_data\13066.png,85.0,0.0,csv,csv_000013066,26
data\training_data\13067.png,58.75,1.0,csv,csv_000013067,26
data\training_data\13068.png,93.75,0.0,csv,csv_000013068,26
data\training_data\13069.png,67.5,1.0,csv,csv_000013069,26
data\training_data\13070.png,106.875,1.0,csv,csv_000013070,26
data\training_data\13071.png,89.375,1.0,csv,csv_000013071,26
data\training_data\13072.png,85.0,1.0,csv,csv_000013072,26
data\training_data\13073.png,85.0,0.0,csv,csv_000013073,26
data\training_data\13074.png,63.125,1.0,csv,csv_000013074,26
data\training_data\13075.png,58.75,1.0,csv,csv_000013075,26
data\training_data\13076.png,106.875,1.0,csv,csv_000013076,26
data\training_data\13077.png,63.125,1.0,csv,csv_000013077,26
data\training_data\13078.png,80.625,1.0,csv,csv_000013078,26
data\training_data\13079.png,98.125,1.0,csv,csv_000013079,26
data\training_data\13080.png,98.125,1.0,csv,csv_000013080,26
data\training_data\13081.png,85.0,0.0,csv,csv_000013081,26
data\training_data\13082.png,54.375,1.0,csv,csv_000013082,26
data\training_data\13083.png,106.875,1.0,csv,csv_000013083,26
data\training_data\13084.png,85.0,1.0,csv,csv_000013084,26
data\training_data\13085.png,106.875,1.0,csv,csv_000013085,26
data\training_data\13086.png,93.75,1.0,csv,csv_000013086,26
data\training_data\13087.png,93.75,1.0,csv,csv_000013087,26
data\training_data\13088.png,89.375,1.0,csv,csv_000013088,26
data\training_data\13089.png,85.0,0.0,csv,csv_000013089,26
data\training_data\13090.png,85.0,1.0,csv,csv_000013090,26
data\training_data\13091.png,102.5,0.0,csv,csv_000013091,26
data\training_data\13092.png,58.75,1.0,csv,csv_000013092,26
data\training_data\13093.png,102.5,1.0,csv,csv_000013093,26
data\training_data\13094.png,80.625,1.0,csv,csv_000013094,26
data\training_data\13095.png,76.25,1.0,csv,csv_000013095,26
data\training_data\13096.png,102.5,1.0,csv,csv_000013096,26
data\training_data\13097.png,102.5,1.0,csv,csv_000013097,26
data\training_data\13098.png,85.0,1.0,csv,csv_000013098,26
data\training_data\13099.png,93.75,1.0,csv,csv_000013099,26
data\training_data\13100.png,106.875,1.0,csv,csv_000013100,26
data\training_data\13101.png,89.375,0.0,csv,csv_000013101,26
data\training_data\13102.png,111.25,0.0,csv,csv_000013102,26
data\training_data\13103.png,89.375,1.0,csv,csv_000013103,26
data\training_data\13104.png,58.75,1.0,csv,csv_000013104,26
data\training_data\13105.png,93.75,0.0,csv,csv_000013105,26
data\training_data\13106.png,85.0,1.0,csv,csv_000013106,26
data\training_data\13107.png,98.125,1.0,csv,csv_000013107,26
data\training_data\13108.png,80.625,1.0,csv,csv_000013108,26
data\training_data\13109.png,85.0,0.0,csv,csv_000013109,26
data\training_data\13110.png,115.625,0.0,csv,csv_000013110,26
data\training_data\13111.png,106.875,1.0,csv,csv_000013111,26
data\training_data\13112.png,89.375,1.0,csv,csv_000013112,26
data\training_data\13113.png,111.25,1.0,csv,csv_000013113,26
data\training_data\13114.png,89.375,1.0,csv,csv_000013114,26
data\training_data\13115.png,111.25,1.0,csv,csv_000013115,26
data\training_data\13116.png,102.5,1.0,csv,csv_000013116,26
data\training_data\13117.png,89.375,0.0,csv,csv_000013117,26
data\training_data\13118.png,85.0,1.0,csv,csv_000013118,26
data\training_data\13119.png,58.75,1.0,csv,csv_000013119,26
data\training_data\13120.png,106.875,1.0,csv,csv_000013120,26
data\training_data\13121.png,93.75,1.0,csv,csv_000013121,26
data\training_data\13122.png,106.875,1.0,csv,csv_000013122,26
data\training_data\13123.png,98.125,0.0,csv,csv_000013123,26
data\training_data\13124.png,54.375,1.0,csv,csv_000013124,26
data\training_data\13125.png,85.0,1.0,csv,csv_000013125,26
data\training_data\13126.png,111.25,1.0,csv,csv_000013126,26
data\training_data\13127.png,85.0,0.0,csv,csv_000013127,26
data\training_data\13128.png,89.375,1.0,csv,csv_000013128,26
data\training_data\13129.png,89.375,0.0,csv,csv_000013129,26
data\training_data\13130.png,76.25,0.0,csv,csv_000013130,26
data\training_data\13131.png,80.625,1.0,csv,csv_000013131,26
data\training_data\13132.png,71.875,1.0,csv,csv_000013132,26
data\training_data\13133.png,85.0,1.0,csv,csv_000013133,26
data\training_data\13134.png,85.0,0.0,csv,csv_000013134,26
data\training_data\13135.png,102.5,1.0,csv,csv_000013135,26
data\training_data\13136.png,111.25,1.0,csv,csv_000013136,26
data\training_data\13137.png,106.875,1.0,csv,csv_000013137,26
data\training_data\13138.png,89.375,1.0,csv,csv_000013138,26
data\training_data\13139.png,85.0,1.0,csv,csv_000013139,26
data\training_data\13140.png,93.75,1.0,csv,csv_000013140,26
data\training_data\13141.png,120.0,0.0,csv,csv_000013141,26
data\training_data\13142.png,120.0,1.0,csv,csv_000013142,26
data\training_data\13143.png,98.125,1.0,csv,csv_000013143,26
data\training_data\13144.png,102.5,1.0,csv,csv_000013144,26
data\training_data\13145.png,102.5,1.0,csv,csv_000013145,26
data\training_data\13146.png,93.75,1.0,csv,csv_000013146,26
data\training_data\13147.png,98.125,1.0,csv,csv_000013147,26
data\training_data\13148.png,85.0,1.0,csv,csv_000013148,26
data\training_data\13149.png,89.375,1.0,csv,csv_000013149,26
data\training_data\13150.png,98.125,1.0,csv,csv_000013150,26
data\training_data\13151.png,93.75,1.0,csv,csv_000013151,26
data\training_data\13152.png,98.125,0.0,csv,csv_000013152,26
data\training_data\13153.png,85.0,0.0,csv,csv_000013153,26
data\training_data\13154.png,102.5,1.0,csv,csv_000013154,26
data\training_data\13155.png,89.375,1.0,csv,csv_000013155,26
data\training_data\13156.png,89.375,1.0,csv,csv_000013156,26
data\training_data\13157.png,80.625,1.0,csv,csv_000013157,26
data\training_data\13158.png,85.0,0.0,csv,csv_000013158,26
data\training_data\13159.png,102.5,1.0,csv,csv_000013159,26
data\training_data\13160.png,54.375,0.0,csv,csv_000013160,26
data\training_data\13161.png,102.5,1.0,csv,csv_000013161,26
data\training_data\13162.png,58.75,1.0,csv,csv_000013162,26
data\training_data\13163.png,106.875,1.0,csv,csv_000013163,26
data\training_data\13164.png,98.125,0.0,csv,csv_000013164,26
data\training_data\13165.png,111.25,0.0,csv,csv_000013165,26
data\training_data\13166.png,63.125,1.0,csv,csv_000013166,26
data\training_data\13167.png,111.25,1.0,csv,csv_000013167,26
data\training_data\13168.png,102.5,1.0,csv,csv_000013168,26
data\training_data\13169.png,93.75,0.0,csv,csv_000013169,26
data\training_data\13170.png,106.875,1.0,csv,csv_000013170,26
data\training_data\13171.png,98.125,1.0,csv,csv_000013171,26
data\training_data\13172.png,71.875,1.0,csv,csv_000013172,26
data\training_data\13173.png,106.875,1.0,csv,csv_000013173,26
data\training_data\13174.png,106.875,0.0,csv,csv_000013174,26
data\training_data\13175.png,98.125,0.0,csv,csv_000013175,26
data\training_data\13176.png,102.5,1.0,csv,csv_000013176,26
data\training_data\13177.png,102.5,0.0,csv,csv_000013177,26
data\training_data\13178.png,98.125,1.0,csv,csv_000013178,26
data\training_data\13179.png,85.0,0.0,csv,csv_000013179,26
data\training_data\13180.png,54.375,1.0,csv,csv_000013180,26
data\training_data\13181.png,89.375,1.0,csv,csv_000013181,26
data\training_data\13182.png,85.0,1.0,csv,csv_000013182,26
data\training_data\13183.png,58.75,1.0,csv,csv_000013183,26
data\training_data\13184.png,85.0,1.0,csv,csv_000013184,26
data\training_data\13185.png,89.375,1.0,csv,csv_000013185,26
data\training_data\13186.png,85.0,1.0,csv,csv_000013186,26
data\training_data\13187.png,80.625,1.0,csv,csv_000013187,26
data\training_data\13188.png,80.625,1.0,csv,csv_000013188,26
data\training_data\13189.png,63.125,1.0,csv,csv_000013189,26
data\training_data\13190.png,93.75,1.0,csv,csv_000013190,26
data\training_data\13191.png,71.875,0.0,csv,csv_000013191,26
data\training_data\13192.png,54.375,0.0,csv,csv_000013192,26
data\training_data\13193.png,106.875,1.0,csv,csv_000013193,26
data\training_data\13194.png,93.75,1.0,csv,csv_000013194,26
data\training_data\13195.png,111.25,1.0,csv,csv_000013195,26
data\training_data\13196.png,85.0,0.0,csv,csv_000013196,26
data\training_data\13197.png,58.75,1.0,csv,csv_000013197,26
data\training_data\13198.png,85.0,1.0,csv,csv_000013198,26
data\training_data\13199.png,89.375,1.0,csv,csv_000013199,26
data\training_data\13200.png,85.0,0.0,csv,csv_000013200,26
data\training_data\13201.png,115.625,1.0,csv,csv_000013201,26
data\training_data\13202.png,71.875,1.0,csv,csv_000013202,26
data\training_data\13203.png,67.5,1.0,csv,csv_000013203,26
data\training_data\13204.png,93.75,0.0,csv,csv_000013204,26
data\training_data\13205.png,93.75,1.0,csv,csv_000013205,26
data\training_data\13206.png,111.25,0.0,csv,csv_000013206,26
data\training_data\13207.png,80.625,1.0,csv,csv_000013207,26
data\training_data\13208.png,98.125,1.0,csv,csv_000013208,26
data\training_data\13209.png,106.875,1.0,csv,csv_000013209,26
data\training_data\13210.png,106.875,0.0,csv,csv_000013210,26
data\training_data\13211.png,93.75,1.0,csv,csv_000013211,26
data\training_data\13212.png,80.625,1.0,csv,csv_000013212,26
data\training_data\13213.png,80.625,1.0,csv,csv_000013213,26
data\training_data\13214.png,85.0,0.0,csv,csv_000013214,26
data\training_data\13215.png,85.0,1.0,csv,csv_000013215,26
data\training_data\13216.png,80.625,1.0,csv,csv_000013216,26
data\training_data\13217.png,89.375,1.0,csv,csv_000013217,26
data\training_data\13218.png,102.5,1.0,csv,csv_000013218,26
data\training_data\13219.png,85.0,0.0,csv,csv_000013219,26
data\training_data\13220.png,85.0,1.0,csv,csv_000013220,26
data\training_data\13221.png,85.0,0.0,csv,csv_000013221,26
data\training_data\13222.png,98.125,1.0,csv,csv_000013222,26
data\training_data\13223.png,111.25,1.0,csv,csv_000013223,26
data\training_data\13224.png,76.25,0.0,csv,csv_000013224,26
data\training_data\13225.png,85.0,1.0,csv,csv_000013225,26
data\training_data\13226.png,85.0,1.0,csv,csv_000013226,26
data\training_data\13227.png,85.0,0.0,csv,csv_000013227,26
data\training_data\13228.png,58.75,1.0,csv,csv_000013228,26
data\training_data\13229.png,102.5,1.0,csv,csv_000013229,26
data\training_data\13230.png,58.75,1.0,csv,csv_000013230,26
data\training_data\13231.png,98.125,1.0,csv,csv_000013231,26
data\training_data\13232.png,102.5,1.0,csv,csv_000013232,26
data\training_data\13233.png,58.75,1.0,csv,csv_000013233,26
data\training_data\13234.png,89.375,1.0,csv,csv_000013234,26
data\training_data\13235.png,106.875,1.0,csv,csv_000013235,26
data\training_data\13236.png,85.0,1.0,csv,csv_000013236,26
data\training_data\13237.png,63.125,1.0,csv,csv_000013237,26
data\training_data\13238.png,63.125,1.0,csv,csv_000013238,26
data\training_data\13239.png,98.125,0.0,csv,csv_000013239,26
data\training_data\13240.png,85.0,0.0,csv,csv_000013240,26
data\training_data\13241.png,93.75,1.0,csv,csv_000013241,26
data\training_data\13242.png,85.0,1.0,csv,csv_000013242,26
data\training_data\13243.png,106.875,1.0,csv,csv_000013243,26
data\training_data\13244.png,89.375,1.0,csv,csv_000013244,26
data\training_data\13246.png,85.0,0.0,csv,csv_000013246,26
data\training_data\13247.png,111.25,1.0,csv,csv_000013247,26
data\training_data\13248.png,67.5,0.0,csv,csv_000013248,26
data\training_data\13249.png,89.375,1.0,csv,csv_000013249,26
data\training_data\13250.png,93.75,0.0,csv,csv_000013250,26
data\training_data\13251.png,85.0,0.0,csv,csv_000013251,26
data\training_data\13252.png,102.5,1.0,csv,csv_000013252,26
data\training_data\13253.png,89.375,1.0,csv,csv_000013253,26
data\training_data\13254.png,106.875,1.0,csv,csv_000013254,26
data\training_data\13255.png,120.0,0.0,csv,csv_000013255,26
data\training_data\13256.png,106.875,1.0,csv,csv_000013256,26
data\training_data\13257.png,85.0,1.0,csv,csv_000013257,26
data\training_data\13258.png,76.25,1.0,csv,csv_000013258,26
data\training_data\13259.png,85.0,1.0,csv,csv_000013259,26
data\training_data\13260.png,89.375,1.0,csv,csv_000013260,26
data\training_data\13261.png,85.0,1.0,csv,csv_000013261,26
data\training_data\13262.png,85.0,1.0,csv,csv_000013262,26
data\training_data\13263.png,67.5,1.0,csv,csv_000013263,26
data\training_data\13264.png,63.125,1.0,csv,csv_000013264,26
data\training_data\13265.png,102.5,1.0,csv,csv_000013265,26
data\training_data\13266.png,89.375,1.0,csv,csv_000013266,26
data\training_data\13267.png,98.125,0.0,csv,csv_000013267,26
data\training_data\13268.png,106.875,1.0,csv,csv_000013268,26
data\training_data\13269.png,85.0,0.0,csv,csv_000013269,26
data\training_data\13270.png,98.125,1.0,csv,csv_000013270,26
data\training_data\13271.png,85.0,1.0,csv,csv_000013271,26
data\training_data\13272.png,80.625,1.0,csv,csv_000013272,26
data\training_data\13273.png,85.0,1.0,csv,csv_000013273,26
data\training_data\13274.png,58.75,1.0,csv,csv_000013274,26
data\training_data\13275.png,85.0,1.0,csv,csv_000013275,26
data\training_data\13276.png,85.0,0.0,csv,csv_000013276,26
data\training_data\13277.png,106.875,1.0,csv,csv_000013277,26
data\training_data\13278.png,85.0,1.0,csv,csv_000013278,26
data\training_data\13279.png,89.375,1.0,csv,csv_000013279,26
data\training_data\13280.png,89.375,0.0,csv,csv_000013280,26
data\training_data\13281.png,85.0,1.0,csv,csv_000013281,26
data\training_data\13282.png,93.75,1.0,csv,csv_000013282,26
data\training_data\13283.png,98.125,1.0,csv,csv_000013283,26
data\training_data\13284.png,102.5,1.0,csv,csv_000013284,26
data\training_data\13285.png,106.875,0.0,csv,csv_000013285,26
data\training_data\13286.png,54.375,1.0,csv,csv_000013286,26
data\training_data\13287.png,85.0,0.0,csv,csv_000013287,26
data\training_data\13288.png,85.0,1.0,csv,csv_000013288,26
data\training_data\13289.png,98.125,1.0,csv,csv_000013289,26
data\training_data\13290.png,76.25,1.0,csv,csv_000013290,26
data\training_data\13291.png,89.375,1.0,csv,csv_000013291,26
data\training_data\13292.png,102.5,1.0,csv,csv_000013292,26
data\training_data\13293.png,85.0,1.0,csv,csv_000013293,26
data\training_data\13294.png,106.875,1.0,csv,csv_000013294,26
data\training_data\13295.png,58.75,1.0,csv,csv_000013295,26
data\training_data\13296.png,85.0,1.0,csv,csv_000013296,26
data\training_data\13297.png,93.75,1.0,csv,csv_000013297,26
data\training_data\13298.png,71.875,1.0,csv,csv_000013298,26
data\training_data\13299.png,93.75,1.0,csv,csv_000013299,26
data\training_data\13300.png,93.75,0.0,csv,csv_000013300,26
data\training_data\13301.png,106.875,1.0,csv,csv_000013301,26
data\training_data\13302.png,85.0,1.0,csv,csv_000013302,26
data\training_data\13303.png,54.375,1.0,csv,csv_000013303,26
data\training_data\13304.png,80.625,1.0,csv,csv_000013304,26
data\training_data\13305.png,89.375,1.0,csv,csv_000013305,26
data\training_data\13306.png,89.375,1.0,csv,csv_000013306,26
data\training_data\13307.png,115.625,1.0,csv,csv_000013307,26
data\training_data\13308.png,54.375,1.0,csv,csv_000013308,26
data\training_data\13309.png,106.875,1.0,csv,csv_000013309,26
data\training_data\13310.png,111.25,1.0,csv,csv_000013310,26
data\training_data\13311.png,98.125,1.0,csv,csv_000013311,26
data\training_data\13312.png,58.75,1.0,csv,csv_000013312,26
data\training_data\13313.png,85.0,1.0,csv,csv_000013313,26
data\training_data\13314.png,89.375,1.0,csv,csv_000013314,26
data\training_data\13315.png,89.375,0.0,csv,csv_000013315,26
data\training_data\13316.png,106.875,1.0,csv,csv_000013316,26
data\training_data\13317.png,106.875,0.0,csv,csv_000013317,26
data\training_data\13318.png,98.125,0.0,csv,csv_000013318,26
data\training_data\13319.png,106.875,1.0,csv,csv_000013319,26
data\training_data\13320.png,102.5,1.0,csv,csv_000013320,26
data\training_data\13321.png,106.875,1.0,csv,csv_000013321,26
data\training_data\13322.png,85.0,1.0,csv,csv_000013322,26
data\training_data\13323.png,85.0,1.0,csv,csv_000013323,26
data\training_data\13324.png,89.375,1.0,csv,csv_000013324,26
data\training_data\13325.png,89.375,1.0,csv,csv_000013325,26
data\training_data\13326.png,102.5,1.0,csv,csv_000013326,26
data\training_data\13327.png,111.25,1.0,csv,csv_000013327,26
data\training_data\13328.png,98.125,1.0,csv,csv_000013328,26
data\training_data\13329.png,89.375,1.0,csv,csv_000013329,26
data\training_data\13330.png,85.0,1.0,csv,csv_000013330,26
data\training_data\13331.png,85.0,1.0,csv,csv_000013331,26
data\training_data\13332.png,106.875,0.0,csv,csv_000013332,26
data\training_data\13333.png,93.75,1.0,csv,csv_000013333,26
data\training_data\13334.png,71.875,1.0,csv,csv_000013334,26
data\training_data\13335.png,89.375,1.0,csv,csv_000013335,26
data\training_data\13336.png,89.375,0.0,csv,csv_000013336,26
data\training_data\13337.png,85.0,1.0,csv,csv_000013337,26
data\training_data\13338.png,115.625,1.0,csv,csv_000013338,26
data\training_data\13339.png,89.375,1.0,csv,csv_000013339,26
data\training_data\13340.png,67.5,1.0,csv,csv_000013340,26
data\training_data\13341.png,85.0,0.0,csv,csv_000013341,26
data\training_data\13342.png,115.625,1.0,csv,csv_000013342,26
data\training_data\13343.png,120.0,1.0,csv,csv_000013343,26
data\training_data\13344.png,85.0,0.0,csv,csv_000013344,26
data\training_data\13345.png,89.375,1.0,csv,csv_000013345,26
data\training_data\13346.png,106.875,1.0,csv,csv_000013346,26
data\training_data\13347.png,85.0,1.0,csv,csv_000013347,26
data\training_data\13348.png,63.125,1.0,csv,csv_000013348,26
data\training_data\13349.png,85.0,0.0,csv,csv_000013349,26
data\training_data\13350.png,102.5,1.0,csv,csv_000013350,26
data\training_data\13351.png,89.375,1.0,csv,csv_000013351,26
data\training_data\13352.png,102.5,1.0,csv,csv_000013352,26
data\training_data\13353.png,89.375,1.0,csv,csv_000013353,26
data\training_data\13354.png,93.75,1.0,csv,csv_000013354,26
data\training_data\13355.png,85.0,1.0,csv,csv_000013355,26
data\training_data\13356.png,102.5,1.0,csv,csv_000013356,26
data\training_data\13357.png,89.375,1.0,csv,csv_000013357,26
data\training_data\13358.png,106.875,1.0,csv,csv_000013358,26
data\training_data\13359.png,71.875,1.0,csv,csv_000013359,26
data\training_data\13360.png,85.0,1.0,csv,csv_000013360,26
data\training_data\13361.png,102.5,1.0,csv,csv_000013361,26
data\training_data\13362.png,102.5,1.0,csv,csv_000013362,26
data\training_data\13363.png,58.75,1.0,csv,csv_000013363,26
data\training_data\13364.png,80.625,1.0,csv,csv_000013364,26
data\training_data\13365.png,85.0,1.0,csv,csv_000013365,26
data\training_data\13366.png,67.5,1.0,csv,csv_000013366,26
data\training_data\13367.png,89.375,1.0,csv,csv_000013367,26
data\training_data\13368.png,102.5,1.0,csv,csv_000013368,26
data\training_data\13369.png,85.0,1.0,csv,csv_000013369,26
data\training_data\13370.png,98.125,1.0,csv,csv_000013370,26
data\training_data\13371.png,85.0,1.0,csv,csv_000013371,26
data\training_data\13372.png,58.75,1.0,csv,csv_000013372,26
data\training_data\13373.png,111.25,1.0,csv,csv_000013373,26
data\training_data\13374.png,85.0,1.0,csv,csv_000013374,26
data\training_data\13375.png,111.25,1.0,csv,csv_000013375,26
data\training_data\13376.png,85.0,1.0,csv,csv_000013376,26
data\training_data\13377.png,58.75,1.0,csv,csv_000013377,26
data\training_data\13378.png,80.625,1.0,csv,csv_000013378,26
data\training_data\13379.png,106.875,1.0,csv,csv_000013379,26
data\training_data\13380.png,85.0,0.0,csv,csv_000013380,26
data\training_data\13381.png,54.375,1.0,csv,csv_000013381,26
data\training_data\13382.png,85.0,1.0,csv,csv_000013382,26
data\training_data\13383.png,80.625,1.0,csv,csv_000013383,26
data\training_data\13384.png,111.25,0.0,csv,csv_000013384,26
data\training_data\13385.png,85.0,0.0,csv,csv_000013385,26
data\training_data\13386.png,85.0,1.0,csv,csv_000013386,26
data\training_data\13387.png,102.5,1.0,csv,csv_000013387,26
data\training_data\13388.png,63.125,1.0,csv,csv_000013388,26
data\training_data\13389.png,63.125,1.0,csv,csv_000013389,26
data\training_data\13390.png,80.625,1.0,csv,csv_000013390,26
data\training_data\13391.png,98.125,0.0,csv,csv_000013391,26
data\training_data\13392.png,67.5,0.0,csv,csv_000013392,26
data\training_data\13393.png,80.625,0.0,csv,csv_000013393,26
data\training_data\13394.png,58.75,1.0,csv,csv_000013394,26
data\training_data\13395.png,80.625,1.0,csv,csv_000013395,26
data\training_data\13396.png,115.625,1.0,csv,csv_000013396,26
data\training_data\13397.png,106.875,1.0,csv,csv_000013397,26
data\training_data\13398.png,80.625,1.0,csv,csv_000013398,26
data\training_data\13399.png,80.625,1.0,csv,csv_000013399,26
data\training_data\13400.png,89.375,0.0,csv,csv_000013400,26
data\training_data\13401.png,106.875,1.0,csv,csv_000013401,26
data\training_data\13402.png,111.25,1.0,csv,csv_000013402,26
data\training_data\13403.png,67.5,0.0,csv,csv_000013403,26
data\training_data\13404.png,85.0,1.0,csv,csv_000013404,26
data\training_data\13405.png,58.75,1.0,csv,csv_000013405,26
data\training_data\13406.png,76.25,1.0,csv,csv_000013406,26
data\training_data\13407.png,67.5,1.0,csv,csv_000013407,26
data\training_data\13408.png,89.375,1.0,csv,csv_000013408,26
data\training_data\13409.png,85.0,1.0,csv,csv_000013409,26
data\training_data\13410.png,63.125,1.0,csv,csv_000013410,26
data\training_data\13411.png,98.125,1.0,csv,csv_000013411,26
data\training_data\13412.png,102.5,1.0,csv,csv_000013412,26
data\training_data\13413.png,102.5,1.0,csv,csv_000013413,26
data\training_data\13414.png,89.375,0.0,csv,csv_000013414,26
data\training_data\13415.png,89.375,1.0,csv,csv_000013415,26
data\training_data\13416.png,93.75,1.0,csv,csv_000013416,26
data\training_data\13417.png,85.0,0.0,csv,csv_000013417,26
data\training_data\13418.png,85.0,1.0,csv,csv_000013418,26
data\training_data\13419.png,80.625,1.0,csv,csv_000013419,26
data\training_data\13420.png,85.0,0.0,csv,csv_000013420,26
data\training_data\13421.png,89.375,1.0,csv,csv_000013421,26
data\training_data\13422.png,111.25,1.0,csv,csv_000013422,26
data\training_data\13423.png,63.125,1.0,csv,csv_000013423,26
data\training_data\13424.png,111.25,1.0,csv,csv_000013424,26
data\training_data\13425.png,102.5,1.0,csv,csv_000013425,26
data\training_data\13426.png,89.375,1.0,csv,csv_000013426,26
data\training_data\13427.png,102.5,0.0,csv,csv_000013427,26
data\training_data\13428.png,102.5,1.0,csv,csv_000013428,26
data\training_data\13429.png,71.875,0.0,csv,csv_000013429,26
data\training_data\13430.png,85.0,1.0,csv,csv_000013430,26
data\training_data\13431.png,106.875,1.0,csv,csv_000013431,26
data\training_data\13432.png,85.0,1.0,csv,csv_000013432,26
data\training_data\13433.png,85.0,1.0,csv,csv_000013433,26
data\training_data\13434.png,85.0,1.0,csv,csv_000013434,26
data\training_data\13435.png,89.375,1.0,csv,csv_000013435,26
data\training_data\13436.png,106.875,1.0,csv,csv_000013436,26
data\training_data\13437.png,106.875,1.0,csv,csv_000013437,26
data\training_data\13438.png,58.75,1.0,csv,csv_000013438,26
data\training_data\13439.png,89.375,1.0,csv,csv_000013439,26
data\training_data\13440.png,54.375,1.0,csv,csv_000013440,26
data\training_data\13441.png,106.875,0.0,csv,csv_000013441,26
data\training_data\13442.png,111.25,1.0,csv,csv_000013442,26
data\training_data\13443.png,102.5,1.0,csv,csv_000013443,26
data\training_data\13444.png,120.0,0.0,csv,csv_000013444,26
data\training_data\13445.png,102.5,1.0,csv,csv_000013445,26
data\training_data\13446.png,80.625,1.0,csv,csv_000013446,26
data\training_data\13447.png,89.375,1.0,csv,csv_000013447,26
data\training_data\13448.png,67.5,0.0,csv,csv_000013448,26
data\training_data\13449.png,85.0,0.0,csv,csv_000013449,26
data\training_data\13450.png,80.625,1.0,csv,csv_000013450,26
data\training_data\13451.png,111.25,1.0,csv,csv_000013451,26
data\training_data\13452.png,89.375,1.0,csv,csv_000013452,26
data\training_data\13453.png,58.75,1.0,csv,csv_000013453,26
data\training_data\13454.png,85.0,1.0,csv,csv_000013454,26
data\training_data\13456.png,85.0,0.0,csv,csv_000013456,26
data\training_data\13457.png,98.125,0.0,csv,csv_000013457,26
data\training_data\13458.png,106.875,1.0,csv,csv_000013458,26
data\training_data\13459.png,80.625,1.0,csv,csv_000013459,26
data\training_data\13460.png,93.75,1.0,csv,csv_000013460,26
data\training_data\13461.png,67.5,1.0,csv,csv_000013461,26
data\training_data\13462.png,93.75,1.0,csv,csv_000013462,26
data\training_data\13463.png,85.0,1.0,csv,csv_000013463,26
data\training_data\13464.png,106.875,1.0,csv,csv_000013464,26
data\training_data\13465.png,106.875,1.0,csv,csv_000013465,26
data\training_data\13466.png,76.25,1.0,csv,csv_000013466,26
data\training_data\13467.png,89.375,1.0,csv,csv_000013467,26
data\training_data\13468.png,102.5,1.0,csv,csv_000013468,26
data\training_data\13469.png,106.875,1.0,csv,csv_000013469,26
data\training_data\13470.png,85.0,0.0,csv,csv_000013470,26
data\training_data\13471.png,106.875,1.0,csv,csv_000013471,26
data\training_data\13472.png,63.125,1.0,csv,csv_000013472,26
data\training_data\13473.png,102.5,1.0,csv,csv_000013473,26
data\training_data\13474.png,98.125,1.0,csv,csv_000013474,26
data\training_data\13475.png,80.625,1.0,csv,csv_000013475,26
data\training_data\13476.png,85.0,1.0,csv,csv_000013476,26
data\training_data\13477.png,85.0,1.0,csv,csv_000013477,26
data\training_data\13478.png,85.0,1.0,csv,csv_000013478,26
data\training_data\13479.png,80.625,1.0,csv,csv_000013479,26
data\training_data\13480.png,80.625,1.0,csv,csv_000013480,26
data\training_data\13481.png,106.875,0.0,csv,csv_000013481,26
data\training_data\13482.png,98.125,1.0,csv,csv_000013482,26
data\training_data\13483.png,85.0,0.0,csv,csv_000013483,26
data\training_data\13484.png,89.375,1.0,csv,csv_000013484,26
data\training_data\13485.png,120.0,0.0,csv,csv_000013485,26
data\training_data\13486.png,98.125,1.0,csv,csv_000013486,26
data\training_data\13487.png,102.5,1.0,csv,csv_000013487,26
data\training_data\13488.png,85.0,1.0,csv,csv_000013488,26
data\training_data\13489.png,54.375,1.0,csv,csv_000013489,26
data\training_data\13490.png,85.0,1.0,csv,csv_000013490,26
data\training_data\13491.png,89.375,1.0,csv,csv_000013491,26
data\training_data\13492.png,58.75,1.0,csv,csv_000013492,26
data\training_data\13493.png,80.625,1.0,csv,csv_000013493,26
data\training_data\13494.png,85.0,1.0,csv,csv_000013494,26
data\training_data\13495.png,98.125,0.0,csv,csv_000013495,26
data\training_data\13496.png,89.375,1.0,csv,csv_000013496,26
data\training_data\13497.png,80.625,1.0,csv,csv_000013497,26
data\training_data\13498.png,85.0,1.0,csv,csv_000013498,26
data\training_data\13499.png,93.75,1.0,csv,csv_000013499,26
data\training_data\13500.png,85.0,0.0,csv,csv_000013500,26
data\training_data\13501.png,102.5,1.0,csv,csv_000013501,26
data\training_data\13502.png,71.875,1.0,csv,csv_000013502,26
data\training_data\13503.png,89.375,1.0,csv,csv_000013503,26
data\training_data\13504.png,80.625,1.0,csv,csv_000013504,26
data\training_data\13505.png,93.75,1.0,csv,csv_000013505,26
data\training_data\13506.png,106.875,1.0,csv,csv_000013506,26
data\training_data\13507.png,93.75,1.0,csv,csv_000013507,26
data\training_data\13508.png,85.0,0.0,csv,csv_000013508,26
data\training_data\13509.png,93.75,1.0,csv,csv_000013509,26
data\training_data\13510.png,85.0,0.0,csv,csv_000013510,26
data\training_data\13511.png,54.375,1.0,csv,csv_000013511,26
data\training_data\13512.png,102.5,1.0,csv,csv_000013512,26
data\training_data\13513.png,85.0,0.0,csv,csv_000013513,26
data\training_data\13514.png,85.0,1.0,csv,csv_000013514,26
data\training_data\13515.png,71.875,1.0,csv,csv_000013515,26
data\training_data\13516.png,85.0,1.0,csv,csv_000013516,26
data\training_data\13517.png,58.75,1.0,csv,csv_000013517,26
data\training_data\13518.png,106.875,1.0,csv,csv_000013518,26
data\training_data\13519.png,93.75,1.0,csv,csv_000013519,26
data\training_data\13520.png,93.75,1.0,csv,csv_000013520,26
data\training_data\13521.png,85.0,1.0,csv,csv_000013521,26
data\training_data\13522.png,76.25,1.0,csv,csv_000013522,26
data\training_data\13523.png,89.375,1.0,csv,csv_000013523,26
data\training_data\13524.png,89.375,1.0,csv,csv_000013524,26
data\training_data\13525.png,89.375,1.0,csv,csv_000013525,26
data\training_data\13526.png,85.0,1.0,csv,csv_000013526,26
data\training_data\13527.png,111.25,1.0,csv,csv_000013527,26
data\training_data\13528.png,58.75,1.0,csv,csv_000013528,26
data\training_data\13529.png,58.75,1.0,csv,csv_000013529,26
data\training_data\13530.png,111.25,0.0,csv,csv_000013530,26
data\training_data\13531.png,58.75,1.0,csv,csv_000013531,26
data\training_data\13532.png,85.0,0.0,csv,csv_000013532,26
data\training_data\13533.png,93.75,1.0,csv,csv_000013533,26
data\training_data\13534.png,67.5,0.0,csv,csv_000013534,26
data\training_data\13535.png,111.25,1.0,csv,csv_000013535,26
data\training_data\14036.png,85.0,1.0,csv,csv_000014036,28
data\training_data\14037.png,106.875,1.0,csv,csv_000014037,28
data\training_data\14038.png,85.0,1.0,csv,csv_000014038,28
data\training_data\14039.png,93.75,1.0,csv,csv_000014039,28
data\training_data\14040.png,98.125,0.0,csv,csv_000014040,28
data\training_data\14041.png,89.375,1.0,csv,csv_000014041,28
data\training_data\14042.png,93.75,1.0,csv,csv_000014042,28
data\training_data\14043.png,85.0,1.0,csv,csv_000014043,28
data\training_data\14044.png,98.125,0.0,csv,csv_000014044,28
data\training_data\14045.png,85.0,0.0,csv,csv_000014045,28
data\training_data\14046.png,93.75,1.0,csv,csv_000014046,28
data\training_data\14047.png,93.75,1.0,csv,csv_000014047,28
data\training_data\14048.png,67.5,0.0,csv,csv_000014048,28
data\training_data\14049.png,71.875,0.0,csv,csv_000014049,28
data\training_data\14050.png,85.0,0.0,csv,csv_000014050,28
data\training_data\14051.png,102.5,1.0,csv,csv_000014051,28
data\training_data\14052.png,89.375,1.0,csv,csv_000014052,28
data\training_data\14053.png,98.125,0.0,csv,csv_000014053,28
data\training_data\14054.png,89.375,1.0,csv,csv_000014054,28
data\training_data\14055.png,54.375,1.0,csv,csv_000014055,28
data\training_data\14056.png,89.375,0.0,csv,csv_000014056,28
data\training_data\14057.png,58.75,0.0,csv,csv_000014057,28
data\training_data\14058.png,85.0,1.0,csv,csv_000014058,28
data\training_data\14059.png,80.625,1.0,csv,csv_000014059,28
data\training_data\14060.png,85.0,0.0,csv,csv_000014060,28
data\training_data\14061.png,85.0,0.0,csv,csv_000014061,28
data\training_data\14062.png,85.0,1.0,csv,csv_000014062,28
data\training_data\14063.png,85.0,0.0,csv,csv_000014063,28
data\training_data\14064.png,89.375,0.0,csv,csv_000014064,28
data\training_data\14065.png,80.625,1.0,csv,csv_000014065,28
data\training_data\14066.png,85.0,0.0,csv,csv_000014066,28
data\training_data\14067.png,93.75,1.0,csv,csv_000014067,28
data\training_data\14068.png,67.5,1.0,csv,csv_000014068,28
data\training_data\14069.png,102.5,1.0,csv,csv_000014069,28
data\training_data\14070.png,54.375,1.0,csv,csv_000014070,28
data\training_data\14071.png,85.0,1.0,csv,csv_000014071,28
data\training_data\14072.png,102.5,1.0,csv,csv_000014072,28
data\training_data\14073.png,80.625,1.0,csv,csv_000014073,28
data\training_data\14074.png,106.875,0.0,csv,csv_000014074,28
data\training_data\14075.png,67.5,1.0,csv,csv_000014075,28
data\training_data\14076.png,120.0,0.0,csv,csv_000014076,28
data\training_data\14077.png,85.0,1.0,csv,csv_000014077,28
data\training_data\14078.png,102.5,1.0,csv,csv_000014078,28
data\training_data\14079.png,85.0,1.0,csv,csv_000014079,28
data\training_data\14080.png,102.5,1.0,csv,csv_000014080,28
data\training_data\14081.png,85.0,1.0,csv,csv_000014081,28
data\training_data\14082.png,93.75,1.0,csv,csv_000014082,28
data\training_data\14083.png,89.375,1.0,csv,csv_000014083,28
data\training_data\14084.png,58.75,1.0,csv,csv_000014084,28
data\training_data\14085.png,58.75,0.0,csv,csv_000014085,28
data\training_data\14086.png,85.0,1.0,csv,csv_000014086,28
data\training_data\14087.png,63.125,1.0,csv,csv_000014087,28
data\training_data\14088.png,93.75,1.0,csv,csv_000014088,28
data\training_data\14089.png,85.0,1.0,csv,csv_000014089,28
data\training_data\14090.png,76.25,1.0,csv,csv_000014090,28
data\training_data\14091.png,80.625,1.0,csv,csv_000014091,28
data\training_data\14092.png,102.5,1.0,csv,csv_000014092,28
data\training_data\14093.png,85.0,0.0,csv,csv_000014093,28
data\training_data\14094.png,63.125,1.0,csv,csv_000014094,28
data\training_data\14095.png,85.0,0.0,csv,csv_000014095,28
data\training_data\14096.png,85.0,1.0,csv,csv_000014096,28
data\training_data\14097.png,106.875,1.0,csv,csv_000014097,28
data\training_data\14098.png,50.0,0.0,csv,csv_000014098,28
data\training_data\14099.png,115.625,0.0,csv,csv_000014099,28
data\training_data\14100.png,93.75,1.0,csv,csv_000014100,28
data\training_data\14101.png,98.125,1.0,csv,csv_000014101,28
data\training_data\14102.png,54.375,1.0,csv,csv_000014102,28
data\training_data\14103.png,58.75,1.0,csv,csv_000014103,28
data\training_data\14104.png,80.625,0.0,csv,csv_000014104,28
data\training_data\14105.png,102.5,1.0,csv,csv_000014105,28
data\training_data\14106.png,85.0,1.0,csv,csv_000014106,28
data\training_data\14107.png,85.0,1.0,csv,csv_000014107,28
data\training_data\14108.png,93.75,0.0,csv,csv_000014108,28
data\training_data\14109.png,98.125,0.0,csv,csv_000014109,28
data\training_data\14110.png,63.125,1.0,csv,csv_000014110,28
data\training_data\14111.png,85.0,1.0,csv,csv_000014111,28
data\training_data\14112.png,85.0,0.0,csv,csv_000014112,28
data\training_data\14113.png,85.0,1.0,csv,csv_000014113,28
data\training_data\14114.png,111.25,1.0,csv,csv_000014114,28
data\training_data\14115.png,85.0,0.0,csv,csv_000014115,28
data\training_data\14116.png,85.0,0.0,csv,csv_000014116,28
data\training_data\14117.png,85.0,1.0,csv,csv_000014117,28
data\training_data\14118.png,80.625,1.0,csv,csv_000014118,28
data\training_data\14119.png,102.5,1.0,csv,csv_000014119,28
data\training_data\14120.png,98.125,1.0,csv,csv_000014120,28
data\training_data\14121.png,80.625,1.0,csv,csv_000014121,28
data\training_data\14122.png,111.25,0.0,csv,csv_000014122,28
data\training_data\14123.png,85.0,1.0,csv,csv_000014123,28
data\training_data\14124.png,85.0,1.0,csv,csv_000014124,28
data\training_data\14125.png,89.375,1.0,csv,csv_000014125,28
data\training_data\14126.png,85.0,1.0,csv,csv_000014126,28
data\training_data\14127.png,85.0,1.0,csv,csv_000014127,28
data\training_data\14128.png,89.375,1.0,csv,csv_000014128,28
data\training_data\14129.png,85.0,1.0,csv,csv_000014129,28
data\training_data\14130.png,89.375,1.0,csv,csv_000014130,28
data\training_data\14131.png,93.75,1.0,csv,csv_000014131,28
data\training_data\14132.png,80.625,0.0,csv,csv_000014132,28
data\training_data\14133.png,102.5,0.0,csv,csv_000014133,28
data\training_data\14134.png,120.0,0.0,csv,csv_000014134,28
data\training_data\14135.png,54.375,1.0,csv,csv_000014135,28
data\training_data\14136.png,89.375,1.0,csv,csv_000014136,28
data\training_data\14137.png,98.125,1.0,csv,csv_000014137,28
data\training_data\14138.png,120.0,1.0,csv,csv_000014138,28
data\training_data\14139.png,106.875,0.0,csv,csv_000014139,28
data\training_data\14140.png,106.875,1.0,csv,csv_000014140,28
data\training_data\14141.png,106.875,1.0,csv,csv_000014141,28
data\training_data\14142.png,102.5,1.0,csv,csv_000014142,28
data\training_data\14143.png,85.0,1.0,csv,csv_000014143,28
data\training_data\14144.png,93.75,1.0,csv,csv_000014144,28
data\training_data\14145.png,85.0,0.0,csv,csv_000014145,28
data\training_data\14146.png,85.0,1.0,csv,csv_000014146,28
data\training_data\14147.png,102.5,1.0,csv,csv_000014147,28
data\training_data\14148.png,63.125,1.0,csv,csv_000014148,28
data\training_data\14149.png,106.875,1.0,csv,csv_000014149,28
data\training_data\14150.png,102.5,1.0,csv,csv_000014150,28
data\training_data\14151.png,89.375,1.0,csv,csv_000014151,28
data\training_data\14152.png,85.0,1.0,csv,csv_000014152,28
data\training_data\14153.png,67.5,1.0,csv,csv_000014153,28
data\training_data\14154.png,58.75,1.0,csv,csv_000014154,28
data\training_data\14155.png,50.0,1.0,csv,csv_000014155,28
data\training_data\14156.png,58.75,1.0,csv,csv_000014156,28
data\training_data\14157.png,71.875,1.0,csv,csv_000014157,28
data\training_data\14158.png,93.75,1.0,csv,csv_000014158,28
data\training_data\14159.png,93.75,1.0,csv,csv_000014159,28
data\training_data\14160.png,67.5,1.0,csv,csv_000014160,28
data\training_data\14161.png,85.0,1.0,csv,csv_000014161,28
data\training_data\14162.png,111.25,1.0,csv,csv_000014162,28
data\training_data\14163.png,58.75,1.0,csv,csv_000014163,28
data\training_data\14164.png,85.0,1.0,csv,csv_000014164,28
data\training_data\14165.png,93.75,1.0,csv,csv_000014165,28
data\training_data\14166.png,93.75,1.0,csv,csv_000014166,28
data\training_data\14167.png,76.25,1.0,csv,csv_000014167,28
data\training_data\14168.png,85.0,0.0,csv,csv_000014168,28
data\training_data\14169.png,106.875,1.0,csv,csv_000014169,28
data\training_data\14170.png,93.75,1.0,csv,csv_000014170,28
data\training_data\14171.png,120.0,0.0,csv,csv_000014171,28
data\training_data\14172.png,85.0,0.0,csv,csv_000014172,28
data\training_data\14173.png,89.375,1.0,csv,csv_000014173,28
data\training_data\14174.png,111.25,1.0,csv,csv_000014174,28
data\training_data\14175.png,67.5,0.0,csv,csv_000014175,28
data\training_data\14176.png,85.0,1.0,csv,csv_000014176,28
data\training_data\14177.png,85.0,1.0,csv,csv_000014177,28
data\training_data\14178.png,85.0,1.0,csv,csv_000014178,28
data\training_data\14179.png,63.125,1.0,csv,csv_000014179,28
data\training_data\14180.png,106.875,1.0,csv,csv_000014180,28
data\training_data\14181.png,102.5,1.0,csv,csv_000014181,28
data\training_data\14182.png,102.5,0.0,csv,csv_000014182,28
data\training_data\14183.png,58.75,1.0,csv,csv_000014183,28
data\training_data\14184.png,102.5,1.0,csv,csv_000014184,28
data\training_data\14185.png,102.5,1.0,csv,csv_000014185,28
data\training_data\14186.png,85.0,0.0,csv,csv_000014186,28
data\training_data\14187.png,58.75,0.0,csv,csv_000014187,28
data\training_data\14188.png,111.25,1.0,csv,csv_000014188,28
data\training_data\14189.png,89.375,1.0,csv,csv_000014189,28
data\training_data\14190.png,89.375,1.0,csv,csv_000014190,28
data\training_data\14191.png,102.5,1.0,csv,csv_000014191,28
data\training_data\14192.png,76.25,1.0,csv,csv_000014192,28
data\training_data\14193.png,93.75,1.0,csv,csv_000014193,28
data\training_data\14194.png,98.125,1.0,csv,csv_000014194,28
data\training_data\14195.png,106.875,1.0,csv,csv_000014195,28
data\training_data\14196.png,85.0,1.0,csv,csv_000014196,28
data\training_data\14197.png,85.0,1.0,csv,csv_000014197,28
data\training_data\14198.png,106.875,1.0,csv,csv_000014198,28
data\training_data\14199.png,111.25,0.0,csv,csv_000014199,28
data\training_data\14200.png,85.0,1.0,csv,csv_000014200,28
data\training_data\14201.png,85.0,1.0,csv,csv_000014201,28
data\training_data\14202.png,98.125,1.0,csv,csv_000014202,28
data\training_data\14203.png,85.0,1.0,csv,csv_000014203,28
data\training_data\14204.png,102.5,0.0,csv,csv_000014204,28
data\training_data\14205.png,58.75,1.0,csv,csv_000014205,28
data\training_data\14206.png,106.875,1.0,csv,csv_000014206,28
data\training_data\14207.png,58.75,1.0,csv,csv_000014207,28
data\training_data\14208.png,85.0,0.0,csv,csv_000014208,28
data\training_data\14209.png,58.75,1.0,csv,csv_000014209,28
data\training_data\14210.png,85.0,1.0,csv,csv_000014210,28
data\training_data\14211.png,85.0,1.0,csv,csv_000014211,28
data\training_data\14212.png,89.375,1.0,csv,csv_000014212,28
data\training_data\14213.png,54.375,1.0,csv,csv_000014213,28
data\training_data\14214.png,89.375,1.0,csv,csv_000014214,28
data\training_data\14215.png,106.875,1.0,csv,csv_000014215,28
data\training_data\14216.png,85.0,1.0,csv,csv_000014216,28
data\training_data\14217.png,98.125,1.0,csv,csv_000014217,28
data\training_data\14218.png,89.375,1.0,csv,csv_000014218,28
data\training_data\14219.png,85.0,0.0,csv,csv_000014219,28
data\training_data\14220.png,85.0,1.0,csv,csv_000014220,28
data\training_data\14221.png,85.0,1.0,csv,csv_000014221,28
data\training_data\14222.png,93.75,1.0,csv,csv_000014222,28
data\training_data\14223.png,71.875,1.0,csv,csv_000014223,28
data\training_data\14224.png,89.375,1.0,csv,csv_000014224,28
data\training_data\14225.png,85.0,1.0,csv,csv_000014225,28
data\training_data\14226.png,63.125,1.0,csv,csv_000014226,28
data\training_data\14227.png,85.0,1.0,csv,csv_000014227,28
data\training_data\14228.png,85.0,0.0,csv,csv_000014228,28
data\training_data\14229.png,102.5,0.0,csv,csv_000014229,28
data\training_data\14230.png,111.25,1.0,csv,csv_000014230,28
data\training_data\14231.png,102.5,1.0,csv,csv_000014231,28
data\training_data\14232.png,85.0,0.0,csv,csv_000014232,28
data\training_data\14233.png,98.125,1.0,csv,csv_000014233,28
data\training_data\14234.png,63.125,1.0,csv,csv_000014234,28
data\training_data\14235.png,85.0,0.0,csv,csv_000014235,28
data\training_data\14236.png,85.0,0.0,csv,csv_000014236,28
data\training_data\14237.png,102.5,0.0,csv,csv_000014237,28
data\training_data\14238.png,85.0,1.0,csv,csv_000014238,28
data\training_data\14239.png,85.0,1.0,csv,csv_000014239,28
data\training_data\14240.png,58.75,1.0,csv,csv_000014240,28
data\training_data\14241.png,85.0,1.0,csv,csv_000014241,28
data\training_data\14242.png,80.625,1.0,csv,csv_000014242,28
data\training_data\14243.png,58.75,1.0,csv,csv_000014243,28
data\training_data\14244.png,120.0,1.0,csv,csv_000014244,28
data\training_data\14245.png,89.375,1.0,csv,csv_000014245,28
data\training_data\14246.png,89.375,1.0,csv,csv_000014246,28
data\training_data\14247.png,85.0,1.0,csv,csv_000014247,28
data\training_data\14248.png,85.0,1.0,csv,csv_000014248,28
data\training_data\14249.png,85.0,0.0,csv,csv_000014249,28
data\training_data\14250.png,85.0,1.0,csv,csv_000014250,28
data\training_data\14251.png,89.375,1.0,csv,csv_000014251,28
data\training_data\14252.png,89.375,1.0,csv,csv_000014252,28
data\training_data\14253.png,85.0,1.0,csv,csv_000014253,28
data\training_data\14254.png,89.375,1.0,csv,csv_000014254,28
data\training_data\14255.png,102.5,1.0,csv,csv_000014255,28
data\training_data\14256.png,102.5,1.0,csv,csv_000014256,28
data\training_data\14257.png,115.625,0.0,csv,csv_000014257,28
data\training_data\14258.png,89.375,1.0,csv,csv_000014258,28
data\training_data\14259.png,63.125,1.0,csv,csv_000014259,28
data\training_data\14260.png,85.0,1.0,csv,csv_000014260,28
data\training_data\14261.png,67.5,1.0,csv,csv_000014261,28
data\training_data\14262.png,98.125,1.0,csv,csv_000014262,28
data\training_data\14263.png,106.875,1.0,csv,csv_000014263,28
data\training_data\14264.png,89.375,1.0,csv,csv_000014264,28
data\training_data\14265.png,63.125,1.0,csv,csv_000014265,28
data\training_data\14266.png,98.125,1.0,csv,csv_000014266,28
data\training_data\14267.png,106.875,1.0,csv,csv_000014267,28
data\training_data\14268.png,63.125,1.0,csv,csv_000014268,28
data\training_data\14269.png,76.25,1.0,csv,csv_000014269,28
data\training_data\14270.png,85.0,1.0,csv,csv_000014270,28
data\training_data\14271.png,89.375,1.0,csv,csv_000014271,28
data\training_data\14272.png,80.625,1.0,csv,csv_000014272,28
data\training_data\14273.png,102.5,1.0,csv,csv_000014273,28
data\training_data\14274.png,102.5,1.0,csv,csv_000014274,28
data\training_data\14275.png,85.0,1.0,csv,csv_000014275,28
data\training_data\14276.png,85.0,1.0,csv,csv_000014276,28
data\training_data\14277.png,85.0,1.0,csv,csv_000014277,28
data\training_data\14278.png,102.5,0.0,csv,csv_000014278,28
data\training_data\14279.png,80.625,1.0,csv,csv_000014279,28
data\training_data\14280.png,63.125,1.0,csv,csv_000014280,28
data\training_data\14281.png,76.25,1.0,csv,csv_000014281,28
data\training_data\14282.png,85.0,1.0,csv,csv_000014282,28
data\training_data\14283.png,102.5,1.0,csv,csv_000014283,28
data\training_data\14284.png,102.5,1.0,csv,csv_000014284,28
data\training_data\14285.png,98.125,1.0,csv,csv_000014285,28
data\training_data\14286.png,89.375,1.0,csv,csv_000014286,28
data\training_data\14287.png,89.375,1.0,csv,csv_000014287,28
data\training_data\14288.png,85.0,0.0,csv,csv_000014288,28
data\training_data\14289.png,102.5,1.0,csv,csv_000014289,28
data\training_data\14290.png,85.0,0.0,csv,csv_000014290,28
data\training_data\14291.png,106.875,1.0,csv,csv_000014291,28
data\training_data\14292.png,85.0,1.0,csv,csv_000014292,28
data\training_data\14293.png,76.25,1.0,csv,csv_000014293,28
data\training_data\14294.png,76.25,0.0,csv,csv_000014294,28
data\training_data\14295.png,98.125,1.0,csv,csv_000014295,28
data\training_data\14296.png,85.0,1.0,csv,csv_000014296,28
data\training_data\14297.png,120.0,1.0,csv,csv_000014297,28
data\training_data\14298.png,102.5,1.0,csv,csv_000014298,28
data\training_data\14299.png,67.5,1.0,csv,csv_000014299,28
data\training_data\14300.png,93.75,1.0,csv,csv_000014300,28
data\training_data\14301.png,80.625,1.0,csv,csv_000014301,28
data\training_data\14302.png,63.125,1.0,csv,csv_000014302,28
data\training_data\14303.png,80.625,1.0,csv,csv_000014303,28
data\training_data\14304.png,71.875,1.0,csv,csv_000014304,28
data\training_data\14305.png,89.375,1.0,csv,csv_000014305,28
data\training_data\14306.png,89.375,1.0,csv,csv_000014306,28
data\training_data\14307.png,85.0,1.0,csv,csv_000014307,28
data\training_data\14308.png,67.5,1.0,csv,csv_000014308,28
data\training_data\14309.png,111.25,0.0,csv,csv_000014309,28
data\training_data\14310.png,76.25,1.0,csv,csv_000014310,28
data\training_data\14311.png,85.0,0.0,csv,csv_000014311,28
data\training_data\14312.png,58.75,1.0,csv,csv_000014312,28
data\training_data\14313.png,89.375,1.0,csv,csv_000014313,28
data\training_data\14314.png,93.75,1.0,csv,csv_000014314,28
data\training_data\14315.png,106.875,1.0,csv,csv_000014315,28
data\training_data\14316.png,80.625,1.0,csv,csv_000014316,28
data\training_data\14317.png,85.0,1.0,csv,csv_000014317,28
data\training_data\14318.png,54.375,1.0,csv,csv_000014318,28
data\training_data\14319.png,85.0,1.0,csv,csv_000014319,28
data\training_data\14320.png,85.0,1.0,csv,csv_000014320,28
data\training_data\14321.png,89.375,1.0,csv,csv_000014321,28
data\training_data\14322.png,115.625,1.0,csv,csv_000014322,28
data\training_data\14323.png,106.875,1.0,csv,csv_000014323,28
data\training_data\14324.png,76.25,0.0,csv,csv_000014324,28
data\training_data\14325.png,85.0,1.0,csv,csv_000014325,28
data\training_data\14326.png,93.75,1.0,csv,csv_000014326,28
data\training_data\14327.png,102.5,1.0,csv,csv_000014327,28
data\training_data\14328.png,102.5,1.0,csv,csv_000014328,28
data\training_data\14329.png,85.0,1.0,csv,csv_000014329,28
data\training_data\14330.png,85.0,0.0,csv,csv_000014330,28
data\training_data\14331.png,58.75,1.0,csv,csv_000014331,28
data\training_data\14332.png,93.75,1.0,csv,csv_000014332,28
data\training_data\14333.png,85.0,0.0,csv,csv_000014333,28
data\training_data\14334.png,93.75,1.0,csv,csv_000014334,28
data\training_data\14335.png,85.0,1.0,csv,csv_000014335,28
data\training_data\14336.png,89.375,1.0,csv,csv_000014336,28
data\training_data\14337.png,80.625,1.0,csv,csv_000014337,28
data\training_data\14338.png,111.25,1.0,csv,csv_000014338,28
data\training_data\14339.png,85.0,1.0,csv,csv_000014339,28
data\training_data\14340.png,102.5,1.0,csv,csv_000014340,28
data\training_data\14341.png,89.375,1.0,csv,csv_000014341,28
data\training_data\14342.png,89.375,1.0,csv,csv_000014342,28
data\training_data\14343.png,63.125,1.0,csv,csv_000014343,28
data\training_data\14344.png,98.125,1.0,csv,csv_000014344,28
data\training_data\14345.png,102.5,1.0,csv,csv_000014345,28
data\training_data\14346.png,63.125,1.0,csv,csv_000014346,28
data\training_data\14347.png,102.5,1.0,csv,csv_000014347,28
data\training_data\14348.png,106.875,1.0,csv,csv_000014348,28
data\training_data\14349.png,93.75,1.0,csv,csv_000014349,28
data\training_data\14350.png,63.125,1.0,csv,csv_000014350,28
data\training_data\14351.png,85.0,1.0,csv,csv_000014351,28
data\training_data\14352.png,85.0,0.0,csv,csv_000014352,28
data\training_data\14353.png,93.75,1.0,csv,csv_000014353,28
data\training_data\14354.png,85.0,0.0,csv,csv_000014354,28
data\training_data\14355.png,89.375,1.0,csv,csv_000014355,28
data\training_data\14356.png,85.0,0.0,csv,csv_000014356,28
data\training_data\14357.png,89.375,1.0,csv,csv_000014357,28
data\training_data\14358.png,89.375,0.0,csv,csv_000014358,28
data\training_data\14359.png,85.0,1.0,csv,csv_000014359,28
data\training_data\14360.png,58.75,1.0,csv,csv_000014360,28
data\training_data\14361.png,89.375,1.0,csv,csv_000014361,28
data\training_data\14362.png,98.125,1.0,csv,csv_000014362,28
data\training_data\14363.png,93.75,0.0,csv,csv_000014363,28
data\training_data\14364.png,98.125,1.0,csv,csv_000014364,28
data\training_data\14365.png,85.0,0.0,csv,csv_000014365,28
data\training_data\14366.png,80.625,0.0,csv,csv_000014366,28
data\training_data\14367.png,89.375,1.0,csv,csv_000014367,28
data\training_data\14368.png,80.625,1.0,csv,csv_000014368,28
data\training_data\14369.png,58.75,1.0,csv,csv_000014369,28
data\training_data\14370.png,76.25,1.0,csv,csv_000014370,28
data\training_data\14371.png,85.0,0.0,csv,csv_000014371,28
data\training_data\14372.png,58.75,1.0,csv,csv_000014372,28
data\training_data\14373.png,106.875,1.0,csv,csv_000014373,28
data\training_data\14374.png,89.375,1.0,csv,csv_000014374,28
data\training_data\14375.png,98.125,1.0,csv,csv_000014375,28
data\training_data\14376.png,98.125,1.0,csv,csv_000014376,28
data\training_data\14377.png,98.125,1.0,csv,csv_000014377,28
data\training_data\14378.png,98.125,1.0,csv,csv_000014378,28
data\training_data\14379.png,111.25,1.0,csv,csv_000014379,28
data\training_data\14380.png,102.5,1.0,csv,csv_000014380,28
data\training_data\14381.png,80.625,1.0,csv,csv_000014381,28
data\training_data\14382.png,85.0,1.0,csv,csv_000014382,28
data\training_data\14383.png,54.375,1.0,csv,csv_000014383,28
data\training_data\14384.png,111.25,1.0,csv,csv_000014384,28
data\training_data\14385.png,102.5,1.0,csv,csv_000014385,28
data\training_data\14386.png,102.5,1.0,csv,csv_000014386,28
data\training_data\14387.png,80.625,1.0,csv,csv_000014387,28
data\training_data\14388.png,85.0,1.0,csv,csv_000014388,28
data\training_data\14389.png,89.375,1.0,csv,csv_000014389,28
data\training_data\14390.png,71.875,1.0,csv,csv_000014390,28
data\training_data\14391.png,85.0,1.0,csv,csv_000014391,28
data\training_data\14392.png,54.375,1.0,csv,csv_000014392,28
data\training_data\14393.png,98.125,1.0,csv,csv_000014393,28
data\training_data\14394.png,85.0,1.0,csv,csv_000014394,28
data\training_data\14395.png,76.25,0.0,csv,csv_000014395,28
data\training_data\14396.png,63.125,1.0,csv,csv_000014396,28
data\training_data\14397.png,80.625,1.0,csv,csv_000014397,28
data\training_data\14398.png,93.75,1.0,csv,csv_000014398,28
data\training_data\14399.png,85.0,1.0,csv,csv_000014399,28
data\training_data\14400.png,102.5,1.0,csv,csv_000014400,28
data\training_data\14401.png,58.75,1.0,csv,csv_000014401,28
data\training_data\14402.png,85.0,0.0,csv,csv_000014402,28
data\training_data\14403.png,111.25,1.0,csv,csv_000014403,28
data\training_data\14404.png,58.75,1.0,csv,csv_000014404,28
data\training_data\14405.png,85.0,0.0,csv,csv_000014405,28
data\training_data\14406.png,106.875,1.0,csv,csv_000014406,28
data\training_data\14407.png,54.375,1.0,csv,csv_000014407,28
data\training_data\14408.png,93.75,1.0,csv,csv_000014408,28
data\training_data\14409.png,76.25,1.0,csv,csv_000014409,28
data\training_data\14410.png,111.25,1.0,csv,csv_000014410,28
data\training_data\14411.png,85.0,0.0,csv,csv_000014411,28
data\training_data\14412.png,85.0,0.0,csv,csv_000014412,28
data\training_data\14413.png,111.25,1.0,csv,csv_000014413,28
data\training_data\14414.png,102.5,1.0,csv,csv_000014414,28
data\training_data\14415.png,80.625,1.0,csv,csv_000014415,28
data\training_data\14416.png,102.5,1.0,csv,csv_000014416,28
data\training_data\14417.png,93.75,1.0,csv,csv_000014417,28
data\training_data\14418.png,58.75,1.0,csv,csv_000014418,28
car\data\drive_frames\1772205714119_90_0.png,90.0,0.0,drive_frames,drive_1772205714119,28
car\data\drive_frames\1772205715150_90_0.png,90.0,0.0,drive_frames,drive_1772205715150,28
car\data\drive_frames\1772205716186_90_35.png,90.0,35.0,drive_frames,drive_1772205716186,28
car\data\drive_frames\1772205717217_85_35.png,85.0,35.0,drive_frames,drive_1772205717217,28
car\data\drive_frames\1772205718253_60_35.png,60.0,35.0,drive_frames,drive_1772205718253,28
car\data\drive_frames\1772205719285_70_35.png,70.0,35.0,drive_frames,drive_1772205719285,28
car\data\drive_frames\1772205720320_55_35.png,55.0,35.0,drive_frames,drive_1772205720320,28
car\data\drive_frames\1772205721352_65_35.png,65.0,35.0,drive_frames,drive_1772205721352,28
car\data\drive_frames\1772205722388_85_35.png,85.0,35.0,drive_frames,drive_1772205722388,28
car\data\drive_frames\1772205723419_95_35.png,95.0,35.0,drive_frames,drive_1772205723419,28
car\data\drive_frames\1772205724457_105_35.png,105.0,35.0,drive_frames,drive_1772205724457,28
car\data\drive_frames\1772205725487_85_35.png,85.0,35.0,drive_frames,drive_1772205725487,28
car\data\drive_frames\1772205726519_90_35.png,90.0,35.0,drive_frames,drive_1772205726519,28
car\data\drive_frames\1772205727554_75_35.png,75.0,35.0,drive_frames,drive_1772205727554,28
car\data\drive_frames\1772205728586_50_35.png,50.0,35.0,drive_frames,drive_1772205728586,28
car\data\drive_frames\1772205729622_55_35.png,55.0,35.0,drive_frames,drive_1772205729622,28
car\data\drive_frames\1772205730654_75_35.png,75.0,35.0,drive_frames,drive_1772205730654,28
car\data\drive_frames\1772205731690_70_35.png,70.0,35.0,drive_frames,drive_1772205731690,28
car\data\drive_frames\1772205732721_85_35.png,85.0,35.0,drive_frames,drive_1772205732721,28
car\data\drive_frames\1772205733757_95_35.png,95.0,35.0,drive_frames,drive_1772205733757,28
car\data\drive_frames\1772205734789_85_35.png,85.0,35.0,drive_frames,drive_1772205734789,28
car\data\drive_frames\1772205735825_90_35.png,90.0,35.0,drive_frames,drive_1772205735825,28
car\data\drive_frames\1772205736856_90_35.png,90.0,35.0,drive_frames,drive_1772205736856,28
car\data\drive_frames\1772205737888_70_35.png,70.0,35.0,drive_frames,drive_1772205737888,28
car\data\drive_frames\1772205738924_60_35.png,60.0,35.0,drive_frames,drive_1772205738924,28
car\data\drive_frames\1772205739956_65_35.png,65.0,35.0,drive_frames,drive_1772205739956,28
car\data\drive_frames\1772205740996_55_35.png,55.0,35.0,drive_frames,drive_1772205740996,28
car\data\drive_frames\1772205742024_65_35.png,65.0,35.0,drive_frames,drive_1772205742024,28
car\data\drive_frames\1772205743060_95_35.png,95.0,35.0,drive_frames,drive_1772205743060,28
car\data\drive_frames\1772205744091_100_35.png,100.0,35.0,drive_frames,drive_1772205744091,28
car\data\drive_frames\1772205745128_85_35.png,85.0,35.0,drive_frames,drive_1772205745128,28
car\data\drive_frames\1772205746159_95_35.png,95.0,35.0,drive_frames,drive_1772205746159,28
car\data\drive_frames\1772205747195_75_35.png,75.0,35.0,drive_frames,drive_1772205747195,28
car\data\drive_frames\1772205748227_55_35.png,55.0,35.0,drive_frames,drive_1772205748227,28
car\data\drive_frames\1772205749259_55_35.png,55.0,35.0,drive_frames,drive_1772205749259,28
car\data\drive_frames\1772205750295_60_35.png,60.0,35.0,drive_frames,drive_1772205750295,28
car\data\drive_frames\1772205751327_60_35.png,60.0,35.0,drive_frames,drive_1772205751327,28
car\data\drive_frames\1772205752362_85_35.png,85.0,35.0,drive_frames,drive_1772205752362,28
car\data\drive_frames\1772205753394_90_35.png,90.0,35.0,drive_frames,drive_1772205753394,28
car\data\drive_frames\1772205754430_95_0.png,95.0,0.0,drive_frames,drive_1772205754430,28
car\data\drive_frames\1772205755462_95_0.png,95.0,0.0,drive_frames,drive_1772205755462,28
car\data\drive_frames\1772205756498_95_0.png,95.0,0.0,drive_frames,drive_1772205756498,28
car\data\drive_frames\1772205757530_95_0.png,95.0,0.0,drive_frames,drive_1772205757530,28
car\data\drive_frames\1772205758566_95_0.png,95.0,0.0,drive_frames,drive_1772205758566,28
car\data\drive_frames\1772205759598_95_0.png,95.0,0.0,drive_frames,drive_1772205759598,28
car\data\drive_frames\1772209929449_90_0.png,90.0,0.0,drive_frames,drive_1772209929449,28
car\data\drive_frames\1772209930477_90_0.png,90.0,0.0,drive_frames,drive_1772209930477,28
car\data\drive_frames\1772209931509_90_0.png,90.0,0.0,drive_frames,drive_1772209931509,28
car\data\drive_frames\1772209932545_90_0.png,90.0,0.0,drive_frames,drive_1772209932545,28
car\data\drive_frames\1772209933577_90_35.png,90.0,35.0,drive_frames,drive_1772209933577,28
car\data\drive_frames\1772209934613_90_35.png,90.0,35.0,drive_frames,drive_1772209934613,28
car\data\drive_frames\1772209935645_85_35.png,85.0,35.0,drive_frames,drive_1772209935645,28
car\data\drive_frames\1772209936682_90_35.png,90.0,35.0,drive_frames,drive_1772209936682,28
car\data\drive_frames\1772209937718_95_35.png,95.0,35.0,drive_frames,drive_1772209937718,28
car\data\drive_frames\1772209938750_110_35.png,110.0,35.0,drive_frames,drive_1772209938750,28
car\data\drive_frames\1772209939782_125_35.png,120.0,35.0,drive_frames,drive_1772209939782,28
car\data\drive_frames\1772209940818_115_35.png,115.0,35.0,drive_frames,drive_1772209940818,28
car\data\drive_frames\1772209941850_125_35.png,120.0,35.0,drive_frames,drive_1772209941850,28
car\data\drive_frames\1772209942887_115_35.png,115.0,35.0,drive_frames,drive_1772209942887,28
car\data\drive_frames\1772209943919_100_35.png,100.0,35.0,drive_frames,drive_1772209943919,28
car\data\drive_frames\1772209944951_95_35.png,95.0,35.0,drive_frames,drive_1772209944951,28
car\data\drive_frames\1772209945987_90_35.png,90.0,35.0,drive_frames,drive_1772209945987,28
car\data\drive_frames\1772209947019_90_35.png,90.0,35.0,drive_frames,drive_1772209947019,28
car\data\drive_frames\1772209948056_95_35.png,95.0,35.0,drive_frames,drive_1772209948056,28
car\data\drive_frames\1772209949088_100_35.png,100.0,35.0,drive_frames,drive_1772209949088,28
car\data\drive_frames\1772209950124_115_35.png,115.0,35.0,drive_frames,drive_1772209950124,28
car\data\drive_frames\1772209951156_120_35.png,120.0,35.0,drive_frames,drive_1772209951156,28
car\data\drive_frames\1772209952192_120_35.png,120.0,35.0,drive_frames,drive_1772209952192,28
car\data\drive_frames\1772209953226_120_35.png,120.0,35.0,drive_frames,drive_1772209953226,28
car\data\drive_frames\1772209954260_120_35.png,120.0,35.0,drive_frames,drive_1772209954260,28
car\data\drive_frames\1772209955293_100_35.png,100.0,35.0,drive_frames,drive_1772209955293,28
car\data\drive_frames\1772209956326_80_35.png,80.0,35.0,drive_frames,drive_1772209956326,28
car\data\drive_frames\1772209957361_90_35.png,90.0,35.0,drive_frames,drive_1772209957361,28
car\data\drive_frames\1772209958393_90_35.png,90.0,35.0,drive_frames,drive_1772209958393,28
car\data\drive_frames\1772209959430_90_35.png,90.0,35.0,drive_frames,drive_1772209959430,28
car\data\drive_frames\1772209960462_105_35.png,105.0,35.0,drive_frames,drive_1772209960462,28
car\data\drive_frames\1772209961498_130_35.png,120.0,35.0,drive_frames,drive_1772209961498,28
car\data\drive_frames\1772209962530_125_35.png,120.0,35.0,drive_frames,drive_1772209962530,28
car\data\drive_frames\1772209963566_125_35.png,120.0,35.0,drive_frames,drive_1772209963566,28
car\data\drive_frames\1772209964598_125_35.png,120.0,35.0,drive_frames,drive_1772209964598,28
car\data\drive_frames\1772209965634_110_35.png,110.0,35.0,drive_frames,drive_1772209965634,28
car\data\drive_frames\1772209966667_80_35.png,80.0,35.0,drive_frames,drive_1772209966667,28
car\data\drive_frames\1772209967699_95_35.png,95.0,35.0,drive_frames,drive_1772209967699,28
car\data\drive_frames\1772209968735_85_35.png,85.0,35.0,drive_frames,drive_1772209968735,28
car\data\drive_frames\1772209969767_85_35.png,85.0,35.0,drive_frames,drive_1772209969767,28
car\data\drive_frames\1772209970803_95_35.png,95.0,35.0,drive_frames,drive_1772209970803,28
car\data\drive_frames\1772209971836_115_35.png,115.0,35.0,drive_frames,drive_1772209971836,28
car\data\drive_frames\1772209972872_120_35.png,120.0,35.0,drive_frames,drive_1772209972872,28
car\data\drive_frames\1772209973904_120_35.png,120.0,35.0,drive_frames,drive_1772209973904,28
car\data\drive_frames\1772209974940_120_35.png,120.0,35.0,drive_frames,drive_1772209974940,28
car\data\drive_frames\1772209975972_120_35.png,120.0,35.0,drive_frames,drive_1772209975972,28
car\data\drive_frames\1772209977008_105_35.png,105.0,35.0,drive_frames,drive_1772209977008,28
car\data\drive_frames\1772209978041_85_35.png,85.0,35.0,drive_frames,drive_1772209978041,28
car\data\drive_frames\1772209979073_85_35.png,85.0,35.0,drive_frames,drive_1772209979073,28
car\data\drive_frames\1772209980221_90_35.png,90.0,35.0,drive_frames,drive_1772209980221,28
car\data\drive_frames\1772209981277_85_35.png,85.0,35.0,drive_frames,drive_1772209981277,28
car\data\drive_frames\1772209982310_105_35.png,105.0,35.0,drive_frames,drive_1772209982310,28
car\data\drive_frames\1772209983346_130_35.png,120.0,35.0,drive_frames,drive_1772209983346,28
car\data\drive_frames\1772209984380_110_35.png,110.0,35.0,drive_frames,drive_1772209984380,28
car\data\drive_frames\1772209985414_120_35.png,120.0,35.0,drive_frames,drive_1772209985414,28
car\data\drive_frames\1772209986446_120_35.png,120.0,35.0,drive_frames,drive_1772209986446,28
car\data\drive_frames\1772209987479_95_35.png,95.0,35.0,drive_frames,drive_1772209987479,28
car\data\drive_frames\1772209988515_90_35.png,90.0,35.0,drive_frames,drive_1772209988515,28
car\data\drive_frames\1772209989547_90_35.png,90.0,35.0,drive_frames,drive_1772209989547,28
car\data\drive_frames\1772209990584_95_35.png,95.0,35.0,drive_frames,drive_1772209990584,28
car\data\drive_frames\1772209991615_85_35.png,85.0,35.0,drive_frames,drive_1772209991615,28
car\data\drive_frames\1772209992652_105_35.png,105.0,35.0,drive_frames,drive_1772209992652,28
car\data\drive_frames\1772209993684_120_35.png,120.0,35.0,drive_frames,drive_1772209993684,28
car\data\drive_frames\1772209994698_120_35.png,120.0,35.0,drive_frames,drive_1772209994698,28
car\data\drive_frames\1772209995720_120_35.png,120.0,35.0,drive_frames,drive_1772209995720,28
car\data\drive_frames\1772209996752_120_35.png,120.0,35.0,drive_frames,drive_1772209996752,28
car\data\drive_frames\1772209997789_120_35.png,120.0,35.0,drive_frames,drive_1772209997789,28
car\data\drive_frames\1772209998821_95_35.png,95.0,35.0,drive_frames,drive_1772209998821,28
car\data\drive_frames\1772209999857_80_35.png,80.0,35.0,drive_frames,drive_1772209999857,28
car\data\drive_frames\1772210000889_90_35.png,90.0,35.0,drive_frames,drive_1772210000889,28
car\data\drive_frames\1772210001921_95_35.png,95.0,35.0,drive_frames,drive_1772210001921,28
car\data\drive_frames\1772210002958_90_35.png,90.0,35.0,drive_frames,drive_1772210002958,28
car\data\drive_frames\1772210003990_110_35.png,110.0,35.0,drive_frames,drive_1772210003990,29
car\data\drive_frames\1772210005026_125_35.png,120.0,35.0,drive_frames,drive_1772210005026,29
car\data\drive_frames\1772210006058_115_35.png,115.0,35.0,drive_frames,drive_1772210006058,29
car\data\drive_frames\1772210007094_120_35.png,120.0,35.0,drive_frames,drive_1772210007094,29
car\data\drive_frames\1772210008130_125_35.png,120.0,35.0,drive_frames,drive_1772210008130,29
car\data\drive_frames\1772210009163_115_35.png,115.0,35.0,drive_frames,drive_1772210009163,29
car\data\drive_frames\1772210010195_80_35.png,80.0,35.0,drive_frames,drive_1772210010195,29
car\data\drive_frames\1772210011231_85_35.png,85.0,35.0,drive_frames,drive_1772210011231,29
car\data\drive_frames\1772210012263_90_35.png,90.0,35.0,drive_frames,drive_1772210012263,29
car\data\drive_frames\1772210013296_90_35.png,90.0,35.0,drive_frames,drive_1772210013296,29
car\data\drive_frames\1772210014332_95_35.png,95.0,35.0,drive_frames,drive_1772210014332,29
car\data\drive_frames\1772210015368_115_35.png,115.0,35.0,drive_frames,drive_1772210015368,29
car\data\drive_frames\1772210016401_125_35.png,120.0,35.0,drive_frames,drive_1772210016401,29
car\data\drive_frames\1772210017432_115_35.png,115.0,35.0,drive_frames,drive_1772210017432,29
car\data\drive_frames\1772210018468_125_35.png,120.0,35.0,drive_frames,drive_1772210018468,29
car\data\drive_frames\1772210019501_120_35.png,120.0,35.0,drive_frames,drive_1772210019501,29
car\data\drive_frames\1772210020537_100_35.png,100.0,35.0,drive_frames,drive_1772210020537,29
car\data\drive_frames\1772210021569_85_35.png,85.0,35.0,drive_frames,drive_1772210021569,29
car\data\drive_frames\1772210022605_90_35.png,90.0,35.0,drive_frames,drive_1772210022605,29
car\data\drive_frames\1772210023637_90_35.png,90.0,35.0,drive_frames,drive_1772210023637,29
car\data\drive_frames\1772210024670_90_35.png,90.0,35.0,drive_frames,drive_1772210024670,29
car\data\drive_frames\1772210025706_110_35.png,110.0,35.0,drive_frames,drive_1772210025706,29
car\data\drive_frames\1772210026738_125_35.png,120.0,35.0,drive_frames,drive_1772210026738,29
car\data\drive_frames\1772210027774_125_35.png,120.0,35.0,drive_frames,drive_1772210027774,29
car\data\drive_frames\1772210028806_125_35.png,120.0,35.0,drive_frames,drive_1772210028806,29
car\data\drive_frames\1772210029848_115_35.png,115.0,35.0,drive_frames,drive_1772210029848,29
car\data\drive_frames\1772210030875_100_35.png,100.0,35.0,drive_frames,drive_1772210030875,29
car\data\drive_frames\1772210031911_90_35.png,90.0,35.0,drive_frames,drive_1772210031911,29
car\data\drive_frames\1772210032943_85_35.png,85.0,35.0,drive_frames,drive_1772210032943,29
car\data\drive_frames\1772210033980_100_35.png,100.0,35.0,drive_frames,drive_1772210033980,29
car\data\drive_frames\1772210035012_90_35.png,90.0,35.0,drive_frames,drive_1772210035012,29
car\data\drive_frames\1772210036044_105_35.png,105.0,35.0,drive_frames,drive_1772210036044,29
car\data\drive_frames\1772210037080_120_35.png,120.0,35.0,drive_frames,drive_1772210037080,29
car\data\drive_frames\1772210038112_120_35.png,120.0,35.0,drive_frames,drive_1772210038112,29
car\data\drive_frames\1772210039148_120_35.png,120.0,35.0,drive_frames,drive_1772210039148,29
car\data\drive_frames\1772210040181_120_35.png,120.0,35.0,drive_frames,drive_1772210040181,29
car\data\drive_frames\1772210041217_120_35.png,120.0,35.0,drive_frames,drive_1772210041217,29
car\data\drive_frames\1772210042250_85_35.png,85.0,35.0,drive_frames,drive_1772210042250,29
car\data\drive_frames\1772210043285_90_35.png,90.0,35.0,drive_frames,drive_1772210043285,29
car\data\drive_frames\1772210044318_90_35.png,90.0,35.0,drive_frames,drive_1772210044318,29
car\data\drive_frames\1772210045354_85_35.png,85.0,35.0,drive_frames,drive_1772210045354,29
car\data\drive_frames\1772210046386_95_35.png,95.0,35.0,drive_frames,drive_1772210046386,29
car\data\drive_frames\1772210047418_120_35.png,120.0,35.0,drive_frames,drive_1772210047418,29
car\data\drive_frames\1772210048455_125_35.png,120.0,35.0,drive_frames,drive_1772210048455,29
car\data\drive_frames\1772210049487_115_35.png,115.0,35.0,drive_frames,drive_1772210049487,29
car\data\drive_frames\1772210050523_115_35.png,115.0,35.0,drive_frames,drive_1772210050523,29
car\data\drive_frames\1772210051555_110_35.png,110.0,35.0,drive_frames,drive_1772210051555,29
car\data\drive_frames\1772210052591_95_35.png,95.0,35.0,drive_frames,drive_1772210052591,29
car\data\drive_frames\1772210053659_90_35.png,90.0,35.0,drive_frames,drive_1772210053659,29
car\data\drive_frames\1772210054692_90_35.png,90.0,35.0,drive_frames,drive_1772210054692,29
car\data\drive_frames\1772210055724_85_35.png,85.0,35.0,drive_frames,drive_1772210055724,29
car\data\drive_frames\1772210056760_95_35.png,95.0,35.0,drive_frames,drive_1772210056760,29
car\data\drive_frames\1772210057793_120_35.png,120.0,35.0,drive_frames,drive_1772210057793,29
car\data\drive_frames\1772210058829_120_35.png,120.0,35.0,drive_frames,drive_1772210058829,29
car\data\drive_frames\1772210059861_120_35.png,120.0,35.0,drive_frames,drive_1772210059861,29
car\data\drive_frames\1772210060897_120_35.png,120.0,35.0,drive_frames,drive_1772210060897,29
car\data\drive_frames\1772210061929_120_35.png,120.0,35.0,drive_frames,drive_1772210061929,29
car\data\drive_frames\1772210062965_100_35.png,100.0,35.0,drive_frames,drive_1772210062965,29
car\data\drive_frames\1772210063998_85_35.png,85.0,35.0,drive_frames,drive_1772210063998,29
car\data\drive_frames\1772210065034_85_35.png,85.0,35.0,drive_frames,drive_1772210065034,29
car\data\drive_frames\1772210066066_90_35.png,90.0,35.0,drive_frames,drive_1772210066066,29
car\data\drive_frames\1772210067098_95_35.png,95.0,35.0,drive_frames,drive_1772210067098,29
car\data\drive_frames\1772210068135_105_35.png,105.0,35.0,drive_frames,drive_1772210068135,29
car\data\drive_frames\1772210069167_120_35.png,120.0,35.0,drive_frames,drive_1772210069167,29
car\data\drive_frames\1772210070204_125_35.png,120.0,35.0,drive_frames,drive_1772210070204,29
car\data\drive_frames\1772210071235_125_35.png,120.0,35.0,drive_frames,drive_1772210071235,29
car\data\drive_frames\1772210072271_125_35.png,120.0,35.0,drive_frames,drive_1772210072271,29
car\data\drive_frames\1772210073303_95_35.png,95.0,35.0,drive_frames,drive_1772210073303,29
car\data\drive_frames\1772210074340_95_35.png,95.0,35.0,drive_frames,drive_1772210074340,29
car\data\drive_frames\1772210075372_85_35.png,85.0,35.0,drive_frames,drive_1772210075372,29
car\data\drive_frames\1772210076408_100_35.png,100.0,35.0,drive_frames,drive_1772210076408,29
car\data\drive_frames\1772210077440_80_35.png,80.0,35.0,drive_frames,drive_1772210077440,29
car\data\drive_frames\1772210078473_100_35.png,100.0,35.0,drive_frames,drive_1772210078473,29
car\data\drive_frames\1772210079513_115_35.png,115.0,35.0,drive_frames,drive_1772210079513,29
car\data\drive_frames\1772210080541_120_35.png,120.0,35.0,drive_frames,drive_1772210080541,29
car\data\drive_frames\1772210081577_120_35.png,120.0,35.0,drive_frames,drive_1772210081577,29
car\data\drive_frames\1772210082610_120_35.png,120.0,35.0,drive_frames,drive_1772210082610,29
car\data\drive_frames\1772210083646_120_35.png,120.0,35.0,drive_frames,drive_1772210083646,29
car\data\drive_frames\1772210084678_90_35.png,90.0,35.0,drive_frames,drive_1772210084678,29
car\data\drive_frames\1772210085714_90_35.png,90.0,35.0,drive_frames,drive_1772210085714,29
car\data\drive_frames\1772210086746_90_35.png,90.0,35.0,drive_frames,drive_1772210086746,29
car\data\drive_frames\1772210087783_90_35.png,90.0,35.0,drive_frames,drive_1772210087783,29
car\data\drive_frames\1772210088815_90_0.png,90.0,0.0,drive_frames,drive_1772210088815,29
car\data\drive_frames\1773065676554_90_0.png,90.0,0.0,drive_frames,drive_1773065676554,29
car\data\drive_frames\1773065677590_90_35.png,90.0,35.0,drive_frames,drive_1773065677590,29
car\data\drive_frames\1773065678625_90_35.png,90.0,35.0,drive_frames,drive_1773065678625,29
car\data\drive_frames\1773065679652_90_35.png,90.0,35.0,drive_frames,drive_1773065679652,29
car\data\drive_frames\1773065680688_90_35.png,90.0,35.0,drive_frames,drive_1773065680688,29
car\data\drive_frames\1773065681720_90_35.png,90.0,35.0,drive_frames,drive_1773065681720,29
car\data\drive_frames\1773065682756_70_35.png,70.0,35.0,drive_frames,drive_1773065682756,29
car\data\drive_frames\1773065683788_65_35.png,65.0,35.0,drive_frames,drive_1773065683788,29
car\data\drive_frames\1773065684824_60_35.png,60.0,35.0,drive_frames,drive_1773065684824,29
car\data\drive_frames\1773065685855_70_35.png,70.0,35.0,drive_frames,drive_1773065685855,29
car\data\drive_frames\1773065686891_60_35.png,60.0,35.0,drive_frames,drive_1773065686891,29
car\data\drive_frames\1773065687927_90_35.png,90.0,35.0,drive_frames,drive_1773065687927,29
car\data\drive_frames\1773065688955_90_35.png,90.0,35.0,drive_frames,drive_1773065688955,29
car\data\drive_frames\1773065689991_90_35.png,90.0,35.0,drive_frames,drive_1773065689991,29
car\data\drive_frames\1773065691023_80_35.png,80.0,35.0,drive_frames,drive_1773065691023,29
car\data\drive_frames\1773065692059_85_35.png,85.0,35.0,drive_frames,drive_1773065692059,29
car\data\drive_frames\1773065693091_50_35.png,50.0,35.0,drive_frames,drive_1773065693091,29
car\data\drive_frames\1773065694127_60_35.png,60.0,35.0,drive_frames,drive_1773065694127,29
car\data\drive_frames\1773065695159_60_35.png,60.0,35.0,drive_frames,drive_1773065695159,29
car\data\drive_frames\1773065696195_60_35.png,60.0,35.0,drive_frames,drive_1773065696195,29
car\data\drive_frames\1773065697227_90_35.png,90.0,35.0,drive_frames,drive_1773065697227,29
car\data\drive_frames\1773065698263_90_35.png,90.0,35.0,drive_frames,drive_1773065698263,29
car\data\drive_frames\1773065699295_90_35.png,90.0,35.0,drive_frames,drive_1773065699295,29
car\data\drive_frames\1773065700327_95_35.png,95.0,35.0,drive_frames,drive_1773065700327,29
car\data\drive_frames\1773065701366_85_35.png,85.0,35.0,drive_frames,drive_1773065701366,29
car\data\drive_frames\1773065702400_70_35.png,70.0,35.0,drive_frames,drive_1773065702400,29
car\data\drive_frames\1773065703432_60_35.png,60.0,35.0,drive_frames,drive_1773065703432,29
car\data\drive_frames\1773065704463_55_35.png,55.0,35.0,drive_frames,drive_1773065704463,29
car\data\drive_frames\1773065705499_75_35.png,75.0,35.0,drive_frames,drive_1773065705499,29
car\data\drive_frames\1773065706531_55_35.png,55.0,35.0,drive_frames,drive_1773065706531,29
car\data\drive_frames\1773065707568_90_35.png,90.0,35.0,drive_frames,drive_1773065707568,29
car\data\drive_frames\1773065708599_90_35.png,90.0,35.0,drive_frames,drive_1773065708599,29
car\data\drive_frames\1773065709635_85_35.png,85.0,35.0,drive_frames,drive_1773065709635,29
car\data\drive_frames\1773065710668_95_35.png,95.0,35.0,drive_frames,drive_1773065710668,29
car\data\drive_frames\1773065711700_85_35.png,85.0,35.0,drive_frames,drive_1773065711700,29
car\data\drive_frames\1773065712736_55_35.png,55.0,35.0,drive_frames,drive_1773065712736,29
car\data\drive_frames\1773065713768_55_35.png,55.0,35.0,drive_frames,drive_1773065713768,29
car\data\drive_frames\1773065714804_70_35.png,70.0,35.0,drive_frames,drive_1773065714804,29
car\data\drive_frames\1773065715845_55_35.png,55.0,35.0,drive_frames,drive_1773065715845,29
car\data\drive_frames\1773065716872_85_35.png,85.0,35.0,drive_frames,drive_1773065716872,29
car\data\drive_frames\1773065717904_95_35.png,95.0,35.0,drive_frames,drive_1773065717904,29
car\data\drive_frames\1773065718940_85_35.png,85.0,35.0,drive_frames,drive_1773065718940,29
car\data\drive_frames\1773065719972_90_35.png,90.0,35.0,drive_frames,drive_1773065719972,29
car\data\drive_frames\1773065721009_95_35.png,95.0,35.0,drive_frames,drive_1773065721009,29
car\data\drive_frames\1773065722041_60_35.png,60.0,35.0,drive_frames,drive_1773065722041,29
car\data\drive_frames\1773065723077_70_35.png,70.0,35.0,drive_frames,drive_1773065723077,29
car\data\drive_frames\1773065724109_55_35.png,55.0,35.0,drive_frames,drive_1773065724109,29
car\data\drive_frames\1773065725141_60_35.png,60.0,35.0,drive_frames,drive_1773065725141,29
car\data\drive_frames\1773065726177_65_35.png,65.0,35.0,drive_frames,drive_1773065726177,29
car\data\drive_frames\1773065727209_90_35.png,90.0,35.0,drive_frames,drive_1773065727209,29
car\data\drive_frames\1773065728245_90_35.png,90.0,35.0,drive_frames,drive_1773065728245,29
car\data\drive_frames\1773065729278_90_35.png,90.0,35.0,drive_frames,drive_1773065729278,29
car\data\drive_frames\1773065730314_90_35.png,90.0,35.0,drive_frames,drive_1773065730314,29
car\data\drive_frames\1773065731346_80_35.png,80.0,35.0,drive_frames,drive_1773065731346,29
car\data\drive_frames\1773065732382_55_35.png,55.0,35.0,drive_frames,drive_1773065732382,29
car\data\drive_frames\1773065733414_60_35.png,60.0,35.0,drive_frames,drive_1773065733414,29
car\data\drive_frames\1773065734446_60_35.png,60.0,35.0,drive_frames,drive_1773065734446,29
car\data\drive_frames\1773065735483_60_35.png,60.0,35.0,drive_frames,drive_1773065735483,29
car\data\drive_frames\1773065736514_85_35.png,85.0,35.0,drive_frames,drive_1773065736514,29
car\data\drive_frames\1773065737550_90_35.png,90.0,35.0,drive_frames,drive_1773065737550,29
car\data\drive_frames\1773065738582_95_35.png,95.0,35.0,drive_frames,drive_1773065738582,29
car\data\drive_frames\1773065739618_85_35.png,85.0,35.0,drive_frames,drive_1773065739618,29
car\data\drive_frames\1773065740651_90_35.png,90.0,35.0,drive_frames,drive_1773065740651,29
car\data\drive_frames\1773065741686_65_35.png,65.0,35.0,drive_frames,drive_1773065741686,29
car\data\drive_frames\1773065742719_60_35.png,60.0,35.0,drive_frames,drive_1773065742719,29
car\data\drive_frames\1773065743755_55_35.png,55.0,35.0,drive_frames,drive_1773065743755,29
car\data\drive_frames\1773065744787_80_35.png,80.0,35.0,drive_frames,drive_1773065744787,29
car\data\drive_frames\1773065745819_55_35.png,55.0,35.0,drive_frames,drive_1773065745819,29
car\data\drive_frames\1773065746855_100_35.png,100.0,35.0,drive_frames,drive_1773065746855,29
car\data\drive_frames\1773065747887_85_35.png,85.0,35.0,drive_frames,drive_1773065747887,29
car\data\drive_frames\1773065748923_80_35.png,80.0,35.0,drive_frames,drive_1773065748923,29
car\data\drive_frames\1773065750323_90_35.png,90.0,35.0,drive_frames,drive_1773065750323,29
car\data\drive_frames\1773065751356_65_35.png,65.0,35.0,drive_frames,drive_1773065751356,29
car\data\drive_frames\1773065752392_60_35.png,60.0,35.0,drive_frames,drive_1773065752392,29
car\data\drive_frames\1773065753424_60_35.png,60.0,35.0,drive_frames,drive_1773065753424,29
car\data\drive_frames\1773065754465_60_35.png,60.0,35.0,drive_frames,drive_1773065754465,29
car\data\drive_frames\1773065755492_65_35.png,65.0,35.0,drive_frames,drive_1773065755492,29
car\data\drive_frames\1773065756528_95_35.png,95.0,35.0,drive_frames,drive_1773065756528,29
car\data\drive_frames\1773065757560_85_35.png,85.0,35.0,drive_frames,drive_1773065757560,29
car\data\drive_frames\1773065758597_95_35.png,95.0,35.0,drive_frames,drive_1773065758597,29
car\data\drive_frames\1773065759629_80_35.png,80.0,35.0,drive_frames,drive_1773065759629,29
car\data\drive_frames\1773065760665_70_35.png,70.0,35.0,drive_frames,drive_1773065760665,29
car\data\drive_frames\1773065761697_60_35.png,60.0,35.0,drive_frames,drive_1773065761697,29
car\data\drive_frames\1773065762729_55_35.png,55.0,35.0,drive_frames,drive_1773065762729,29
car\data\drive_frames\1773065763765_60_35.png,60.0,35.0,drive_frames,drive_1773065763765,29
car\data\drive_frames\1773065764797_55_35.png,55.0,35.0,drive_frames,drive_1773065764797,29
car\data\drive_frames\1773065765835_100_35.png,100.0,35.0,drive_frames,drive_1773065765835,29
car\data\drive_frames\1773065766866_95_35.png,95.0,35.0,drive_frames,drive_1773065766866,29
car\data\drive_frames\1773065767902_85_35.png,85.0,35.0,drive_frames,drive_1773065767902,29
car\data\drive_frames\1773065768934_85_35.png,85.0,35.0,drive_frames,drive_1773065768934,29
car\data\drive_frames\1773065769970_75_35.png,75.0,35.0,drive_frames,drive_1773065769970,29
car\data\drive_frames\1773065771002_70_35.png,70.0,35.0,drive_frames,drive_1773065771002,29
car\data\drive_frames\1773065772038_55_35.png,55.0,35.0,drive_frames,drive_1773065772038,29
car\data\drive_frames\1773065773071_55_35.png,55.0,35.0,drive_frames,drive_1773065773071,29
car\data\drive_frames\1773065774102_60_35.png,60.0,35.0,drive_frames,drive_1773065774102,29
car\data\drive_frames\1773065775138_85_35.png,85.0,35.0,drive_frames,drive_1773065775138,29
car\data\drive_frames\1773065776171_85_35.png,85.0,35.0,drive_frames,drive_1773065776171,29
car\data\drive_frames\1773065777207_95_35.png,95.0,35.0,drive_frames,drive_1773065777207,29
car\data\drive_frames\1773065778239_85_35.png,85.0,35.0,drive_frames,drive_1773065778239,29
car\data\drive_frames\1773065779275_75_35.png,75.0,35.0,drive_frames,drive_1773065779275,29
car\data\drive_frames\1773065780313_60_35.png,60.0,35.0,drive_frames,drive_1773065780313,29
car\data\drive_frames\1773065781343_60_35.png,60.0,35.0,drive_frames,drive_1773065781343,29
car\data\drive_frames\1773065782375_75_35.png,75.0,35.0,drive_frames,drive_1773065782375,29
car\data\drive_frames\1773065783412_55_35.png,55.0,35.0,drive_frames,drive_1773065783412,29
car\data\drive_frames\1773065784444_85_35.png,85.0,35.0,drive_frames,drive_1773065784444,29
car\data\drive_frames\1773065785476_95_35.png,95.0,35.0,drive_frames,drive_1773065785476,29
car\data\drive_frames\1773065786512_90_35.png,90.0,35.0,drive_frames,drive_1773065786512,29
car\data\drive_frames\1773065787544_85_35.png,85.0,35.0,drive_frames,drive_1773065787544,29
car\data\drive_frames\1773065788580_90_35.png,90.0,35.0,drive_frames,drive_1773065788580,29
car\data\drive_frames\1773065789612_55_35.png,55.0,35.0,drive_frames,drive_1773065789612,29
car\data\drive_frames\1773065790648_55_35.png,55.0,35.0,drive_frames,drive_1773065790648,29
car\data\drive_frames\1773065791681_60_35.png,60.0,35.0,drive_frames,drive_1773065791681,29
car\data\drive_frames\1773065792717_60_35.png,60.0,35.0,drive_frames,drive_1773065792717,29
car\data\drive_frames\1773065793751_95_35.png,95.0,35.0,drive_frames,drive_1773065793751,29
car\data\drive_frames\1773065794785_85_35.png,85.0,35.0,drive_frames,drive_1773065794785,29
car\data\drive_frames\1773065795817_90_35.png,90.0,35.0,drive_frames,drive_1773065795817,29
car\data\drive_frames\1773065796849_90_35.png,90.0,35.0,drive_frames,drive_1773065796849,29
car\data\drive_frames\1773065797886_80_35.png,80.0,35.0,drive_frames,drive_1773065797886,29
car\data\drive_frames\1773065798918_65_35.png,65.0,35.0,drive_frames,drive_1773065798918,29
car\data\drive_frames\1773065799954_55_35.png,55.0,35.0,drive_frames,drive_1773065799954,29
car\data\drive_frames\1773065800986_70_35.png,70.0,35.0,drive_frames,drive_1773065800986,29
car\data\drive_frames\1773065802022_55_35.png,55.0,35.0,drive_frames,drive_1773065802022,29
car\data\drive_frames\1773065803054_80_35.png,80.0,35.0,drive_frames,drive_1773065803054,29
car\data\drive_frames\1773065804090_90_35.png,90.0,35.0,drive_frames,drive_1773065804090,29
car\data\drive_frames\1773065805123_90_35.png,90.0,35.0,drive_frames,drive_1773065805123,29
car\data\drive_frames\1773065806159_85_35.png,85.0,35.0,drive_frames,drive_1773065806159,29
car\data\drive_frames\1773065807191_90_35.png,90.0,35.0,drive_frames,drive_1773065807191,29
car\data\drive_frames\1773065808230_60_35.png,60.0,35.0,drive_frames,drive_1773065808230,29
car\data\drive_frames\1773065809259_70_35.png,70.0,35.0,drive_frames,drive_1773065809259,29
car\data\drive_frames\1773065810291_55_35.png,55.0,35.0,drive_frames,drive_1773065810291,29
car\data\drive_frames\1773065811327_65_35.png,65.0,35.0,drive_frames,drive_1773065811327,29
car\data\drive_frames\1773065812359_65_35.png,65.0,35.0,drive_frames,drive_1773065812359,29
car\data\drive_frames\1773065813396_95_35.png,95.0,35.0,drive_frames,drive_1773065813396,29
car\data\drive_frames\1773065814428_90_35.png,90.0,35.0,drive_frames,drive_1773065814428,29
car\data\drive_frames\1773065815464_85_35.png,85.0,35.0,drive_frames,drive_1773065815464,29
car\data\drive_frames\1773065816496_90_35.png,90.0,35.0,drive_frames,drive_1773065816496,29
car\data\drive_frames\1773065817532_70_35.png,70.0,35.0,drive_frames,drive_1773065817532,29
car\data\drive_frames\1773065818564_60_35.png,60.0,35.0,drive_frames,drive_1773065818564,29
car\data\drive_frames\1773065819600_55_35.png,55.0,35.0,drive_frames,drive_1773065819600,29
car\data\drive_frames\1773065820633_75_35.png,75.0,35.0,drive_frames,drive_1773065820633,29
car\data\drive_frames\1773065821665_60_35.png,60.0,35.0,drive_frames,drive_1773065821665,29
car\data\drive_frames\1773065822701_90_35.png,90.0,35.0,drive_frames,drive_1773065822701,29
car\data\drive_frames\1773065823733_90_35.png,90.0,35.0,drive_frames,drive_1773065823733,29
car\data\drive_frames\1773065824769_85_35.png,85.0,35.0,drive_frames,drive_1773065824769,29
car\data\drive_frames\1773065825801_90_35.png,90.0,35.0,drive_frames,drive_1773065825801,29
car\data\drive_frames\1773065826838_75_35.png,75.0,35.0,drive_frames,drive_1773065826838,29
car\data\drive_frames\1773065827870_55_35.png,55.0,35.0,drive_frames,drive_1773065827870,29
car\data\drive_frames\1773065828906_70_35.png,70.0,35.0,drive_frames,drive_1773065828906,29
car\data\drive_frames\1773065829938_55_35.png,55.0,35.0,drive_frames,drive_1773065829938,29
car\data\drive_frames\1773065830974_70_35.png,70.0,35.0,drive_frames,drive_1773065830974,29
car\data\drive_frames\1773065832006_90_35.png,90.0,35.0,drive_frames,drive_1773065832006,29
car\data\drive_frames\1773065833038_90_35.png,90.0,35.0,drive_frames,drive_1773065833038,29
car\data\drive_frames\1773065834075_90_35.png,90.0,35.0,drive_frames,drive_1773065834075,29
car\data\drive_frames\1773065835107_80_35.png,80.0,35.0,drive_frames,drive_1773065835107,29
car\data\drive_frames\1773065836143_75_35.png,75.0,35.0,drive_frames,drive_1773065836143,29
car\data\drive_frames\1773065837175_60_35.png,60.0,35.0,drive_frames,drive_1773065837175,29
car\data\drive_frames\1773065838211_60_35.png,60.0,35.0,drive_frames,drive_1773065838211,29
car\data\drive_frames\1773065839243_60_35.png,60.0,35.0,drive_frames,drive_1773065839243,29
car\data\drive_frames\1773065840280_60_35.png,60.0,35.0,drive_frames,drive_1773065840280,29
car\data\drive_frames\1773065841311_80_35.png,80.0,35.0,drive_frames,drive_1773065841311,29
car\data\drive_frames\1773065842348_95_35.png,95.0,35.0,drive_frames,drive_1773065842348,29
car\data\drive_frames\1773065843382_90_35.png,90.0,35.0,drive_frames,drive_1773065843382,29
car\data\drive_frames\1773065844412_85_35.png,85.0,35.0,drive_frames,drive_1773065844412,29
car\data\drive_frames\1773065845448_80_35.png,80.0,35.0,drive_frames,drive_1773065845448,29
car\data\drive_frames\1773065846480_55_35.png,55.0,35.0,drive_frames,drive_1773065846480,29
car\data\drive_frames\1773065847516_60_35.png,60.0,35.0,drive_frames,drive_1773065847516,29
car\data\drive_frames\1773065848548_60_35.png,60.0,35.0,drive_frames,drive_1773065848548,29
car\data\drive_frames\1773065849585_60_35.png,60.0,35.0,drive_frames,drive_1773065849585,29
car\data\drive_frames\1773065850624_90_35.png,90.0,35.0,drive_frames,drive_1773065850624,29
car\data\drive_frames\1773065851653_95_35.png,95.0,35.0,drive_frames,drive_1773065851653,29
car\data\drive_frames\1773065852917_85_35.png,85.0,35.0,drive_frames,drive_1773065852917,29
car\data\drive_frames\1773065853953_95_35.png,95.0,35.0,drive_frames,drive_1773065853953,29
car\data\drive_frames\1773065854985_75_35.png,75.0,35.0,drive_frames,drive_1773065854985,29
car\data\drive_frames\1773065856021_55_35.png,55.0,35.0,drive_frames,drive_1773065856021,29
car\data\drive_frames\1773065860034_50_35.png,50.0,35.0,drive_frames,drive_1773065860034,29
car\data\drive_frames\1773065862098_50_0.png,50.0,0.0,drive_frames,drive_1773065862098,29
car\data\drive_frames\1773065863135_50_0.png,50.0,0.0,drive_frames,drive_1773065863135,29
car\data\drive_frames\1773065986987_90_0.png,90.0,0.0,drive_frames,drive_1773065986987,29
car\data\drive_frames\1773065988033_90_0.png,90.0,0.0,drive_frames,drive_1773065988033,29
car\data\drive_frames\1773065989069_90_35.png,90.0,35.0,drive_frames,drive_1773065989069,29
car\data\drive_frames\1773065990101_75_35.png,75.0,35.0,drive_frames,drive_1773065990101,29
car\data\drive_frames\1773065991137_85_35.png,85.0,35.0,drive_frames,drive_1773065991137,29
car\data\drive_frames\1773065992169_60_35.png,60.0,35.0,drive_frames,drive_1773065992169,29
car\data\drive_frames\1773065993205_50_35.png,50.0,35.0,drive_frames,drive_1773065993205,29
car\data\drive_frames\1773065994241_50_35.png,50.0,35.0,drive_frames,drive_1773065994241,29
car\data\drive_frames\1773065995274_50_35.png,50.0,35.0,drive_frames,drive_1773065995274,29
car\data\drive_frames\1773065996306_70_35.png,70.0,35.0,drive_frames,drive_1773065996306,29
car\data\drive_frames\1773065997342_60_35.png,60.0,35.0,drive_frames,drive_1773065997342,29
car\data\drive_frames\1773065998374_100_35.png,100.0,35.0,drive_frames,drive_1773065998374,29
car\data\drive_frames\1773065999406_95_35.png,95.0,35.0,drive_frames,drive_1773065999406,29
car\data\drive_frames\1773066000442_90_35.png,90.0,35.0,drive_frames,drive_1773066000442,29
car\data\drive_frames\1773066001474_90_35.png,90.0,35.0,drive_frames,drive_1773066001474,29
car\data\drive_frames\1773066002511_75_35.png,75.0,35.0,drive_frames,drive_1773066002511,29
car\data\drive_frames\1773066003543_55_35.png,55.0,35.0,drive_frames,drive_1773066003543,29
car\data\drive_frames\1773066004579_65_35.png,65.0,35.0,drive_frames,drive_1773066004579,29
car\data\drive_frames\1773066005611_60_35.png,60.0,35.0,drive_frames,drive_1773066005611,29
car\data\drive_frames\1773066006647_50_35.png,50.0,35.0,drive_frames,drive_1773066006647,29
car\data\drive_frames\1773066007687_50_35.png,50.0,35.0,drive_frames,drive_1773066007687,29
car\data\drive_frames\1773066008723_65_35.png,65.0,35.0,drive_frames,drive_1773066008723,29
car\data\drive_frames\1773066009755_105_35.png,105.0,35.0,drive_frames,drive_1773066009755,29
car\data\drive_frames\1773066010792_85_35.png,85.0,35.0,drive_frames,drive_1773066010792,29
car\data\drive_frames\1773066011824_80_35.png,80.0,35.0,drive_frames,drive_1773066011824,29
car\data\drive_frames\1773066012860_80_0.png,80.0,0.0,drive_frames,drive_1773066012860,29
car\data\drive_frames\1773066013892_80_0.png,80.0,0.0,drive_frames,drive_1773066013892,29
car\data\drive_frames\1773066014928_80_0.png,80.0,0.0,drive_frames,drive_1773066014928,29
car\data\drive_frames\1773066015960_80_0.png,80.0,0.0,drive_frames,drive_1773066015960,29
car\data\drive_frames\1773066016992_80_0.png,80.0,0.0,drive_frames,drive_1773066016992,29
car\data\drive_frames\1773066018029_80_0.png,80.0,0.0,drive_frames,drive_1773066018029,29
car\data\drive_frames\1773066019061_80_0.png,80.0,0.0,drive_frames,drive_1773066019061,29
car\data\drive_frames\1773066020097_80_0.png,80.0,0.0,drive_frames,drive_1773066020097,29
car\data\drive_frames\1773066021130_80_0.png,80.0,0.0,drive_frames,drive_1773066021130,29
car\data\drive_frames\1773066022165_90_0.png,90.0,0.0,drive_frames,drive_1773066022165,29
car\data\drive_frames\1773066023202_90_0.png,90.0,0.0,drive_frames,drive_1773066023202,29
car\data\drive_frames\1773066024233_90_35.png,90.0,35.0,drive_frames,drive_1773066024233,29
car\data\drive_frames\1773066025265_65_35.png,65.0,35.0,drive_frames,drive_1773066025265,29
car\data\drive_frames\1773066026302_50_35.png,50.0,35.0,drive_frames,drive_1773066026302,29
car\data\drive_frames\1773066027334_70_35.png,70.0,35.0,drive_frames,drive_1773066027334,29
car\data\drive_frames\1773066028366_55_35.png,55.0,35.0,drive_frames,drive_1773066028366,29
car\data\drive_frames\1773066029406_55_35.png,55.0,35.0,drive_frames,drive_1773066029406,29
car\data\drive_frames\1773066030445_50_35.png,50.0,35.0,drive_frames,drive_1773066030445,29
car\data\drive_frames\1773066031470_90_35.png,90.0,35.0,drive_frames,drive_1773066031470,29
car\data\drive_frames\1773066032503_75_35.png,75.0,35.0,drive_frames,drive_1773066032503,29
car\data\drive_frames\1773066033539_105_35.png,105.0,35.0,drive_frames,drive_1773066033539,29
car\data\drive_frames\1773066034571_85_35.png,85.0,35.0,drive_frames,drive_1773066034571,29
car\data\drive_frames\1773066035607_85_35.png,85.0,35.0,drive_frames,drive_1773066035607,29
car\data\drive_frames\1773066036639_65_35.png,65.0,35.0,drive_frames,drive_1773066036639,29
car\data\drive_frames\1773066037675_55_35.png,55.0,35.0,drive_frames,drive_1773066037675,29
car\data\drive_frames\1773066038709_70_35.png,70.0,35.0,drive_frames,drive_1773066038709,29
car\data\drive_frames\1773066039740_50_35.png,50.0,35.0,drive_frames,drive_1773066039740,29
car\data\drive_frames\1773066040784_70_35.png,70.0,35.0,drive_frames,drive_1773066040784,29
car\data\drive_frames\1773066041820_70_35.png,70.0,35.0,drive_frames,drive_1773066041820,29
car\data\drive_frames\1773066042852_95_35.png,95.0,35.0,drive_frames,drive_1773066042852,29
car\data\drive_frames\1773066043888_90_35.png,90.0,35.0,drive_frames,drive_1773066043888,29
car\data\drive_frames\1773066044920_100_35.png,100.0,35.0,drive_frames,drive_1773066044920,29
car\data\drive_frames\1773066045953_85_35.png,85.0,35.0,drive_frames,drive_1773066045953,29
car\data\drive_frames\1773066046989_70_35.png,70.0,35.0,drive_frames,drive_1773066046989,29
car\data\drive_frames\1773066048021_60_35.png,60.0,35.0,drive_frames,drive_1773066048021,29
car\data\drive_frames\1773066049057_60_35.png,60.0,35.0,drive_frames,drive_1773066049057,29
car\data\drive_frames\1773066050089_60_35.png,60.0,35.0,drive_frames,drive_1773066050089,29
car\data\drive_frames\1773066051125_75_35.png,75.0,35.0,drive_frames,drive_1773066051125,29
car\data\drive_frames\1773066052157_50_35.png,50.0,35.0,drive_frames,drive_1773066052157,29
car\data\drive_frames\1773066053193_70_35.png,70.0,35.0,drive_frames,drive_1773066053193,29
car\data\drive_frames\1773066054226_90_35.png,90.0,35.0,drive_frames,drive_1773066054226,29
car\data\drive_frames\1773066055262_75_35.png,75.0,35.0,drive_frames,drive_1773066055262,29
car\data\drive_frames\1773066056294_90_35.png,90.0,35.0,drive_frames,drive_1773066056294,29
car\data\drive_frames\1773066057326_85_35.png,85.0,35.0,drive_frames,drive_1773066057326,29
car\data\drive_frames\1773066058362_85_35.png,85.0,35.0,drive_frames,drive_1773066058362,29
car\data\drive_frames\1773066059395_50_35.png,50.0,35.0,drive_frames,drive_1773066059395,29
car\data\drive_frames\1773066060430_50_35.png,50.0,35.0,drive_frames,drive_1773066060430,29
car\data\drive_frames\1773066061463_65_35.png,65.0,35.0,drive_frames,drive_1773066061463,29
car\data\drive_frames\1773066062499_55_35.png,55.0,35.0,drive_frames,drive_1773066062499,29
car\data\drive_frames\1773066063539_50_35.png,50.0,35.0,drive_frames,drive_1773066063539,29
car\data\drive_frames\1773066064575_75_35.png,75.0,35.0,drive_frames,drive_1773066064575,29
car\data\drive_frames\1773066065607_85_35.png,85.0,35.0,drive_frames,drive_1773066065607,29
car\data\drive_frames\1773066066675_105_35.png,105.0,35.0,drive_frames,drive_1773066066675,29
car\data\drive_frames\1773066067712_75_35.png,75.0,35.0,drive_frames,drive_1773066067712,29
car\data\drive_frames\1773066068744_90_35.png,90.0,35.0,drive_frames,drive_1773066068744,29
car\data\drive_frames\1773066069776_65_35.png,65.0,35.0,drive_frames,drive_1773066069776,29
car\data\drive_frames\1773066070812_50_35.png,50.0,35.0,drive_frames,drive_1773066070812,29
car\data\drive_frames\1773066071844_50_35.png,50.0,35.0,drive_frames,drive_1773066071844,29
car\data\drive_frames\1773066072880_50_35.png,50.0,35.0,drive_frames,drive_1773066072880,29
car\data\drive_frames\1773066073912_60_35.png,60.0,35.0,drive_frames,drive_1773066073912,29
car\data\drive_frames\1773066074949_50_35.png,50.0,35.0,drive_frames,drive_1773066074949,29
car\data\drive_frames\1773066075981_65_35.png,65.0,35.0,drive_frames,drive_1773066075981,29
car\data\drive_frames\1773066077017_100_35.png,100.0,35.0,drive_frames,drive_1773066077017,29
car\data\drive_frames\1773066078050_95_35.png,95.0,35.0,drive_frames,drive_1773066078050,29
car\data\drive_frames\1773066079085_90_35.png,90.0,35.0,drive_frames,drive_1773066079085,29
car\data\drive_frames\1773066080118_105_35.png,105.0,35.0,drive_frames,drive_1773066080118,29
car\data\drive_frames\1773066081149_65_35.png,65.0,35.0,drive_frames,drive_1773066081149,29
car\data\drive_frames\1773066082186_50_35.png,50.0,35.0,drive_frames,drive_1773066082186,29
car\data\drive_frames\1773066083218_50_35.png,50.0,35.0,drive_frames,drive_1773066083218,29
car\data\drive_frames\1773066084254_80_35.png,80.0,35.0,drive_frames,drive_1773066084254,29
car\data\drive_frames\1773066085302_50_35.png,50.0,35.0,drive_frames,drive_1773066085302,29
car\data\drive_frames\1773066086341_50_35.png,50.0,35.0,drive_frames,drive_1773066086341,29
car\data\drive_frames\1773066087365_80_35.png,80.0,35.0,drive_frames,drive_1773066087365,29
car\data\drive_frames\1773066088399_75_35.png,75.0,35.0,drive_frames,drive_1773066088399,29
car\data\drive_frames\1773066089431_100_35.png,100.0,35.0,drive_frames,drive_1773066089431,29
car\data\drive_frames\1773066090467_85_35.png,85.0,35.0,drive_frames,drive_1773066090467,29
car\data\drive_frames\1773066091499_75_35.png,75.0,35.0,drive_frames,drive_1773066091499,29
car\data\drive_frames\1773066092535_90_35.png,90.0,35.0,drive_frames,drive_1773066092535,29
car\data\drive_frames\1773066093567_50_35.png,50.0,35.0,drive_frames,drive_1773066093567,29
car\data\drive_frames\1773066094603_50_35.png,50.0,35.0,drive_frames,drive_1773066094603,29
car\data\drive_frames\1773066095636_60_35.png,60.0,35.0,drive_frames,drive_1773066095636,29
car\data\drive_frames\1773066096672_55_35.png,55.0,35.0,drive_frames,drive_1773066096672,29
car\data\drive_frames\1773066097704_50_35.png,50.0,35.0,drive_frames,drive_1773066097704,29
car\data\drive_frames\1773066098736_85_35.png,85.0,35.0,drive_frames,drive_1773066098736,29
car\data\drive_frames\1773066099772_85_35.png,85.0,35.0,drive_frames,drive_1773066099772,29
car\data\drive_frames\1773066100804_90_35.png,90.0,35.0,drive_frames,drive_1773066100804,29
car\data\drive_frames\1773066101840_80_35.png,80.0,35.0,drive_frames,drive_1773066101840,29
car\data\drive_frames\1773066102873_100_35.png,100.0,35.0,drive_frames,drive_1773066102873,29
car\data\drive_frames\1773066103909_75_35.png,75.0,35.0,drive_frames,drive_1773066103909,29
car\data\drive_frames\1773066104941_50_35.png,50.0,35.0,drive_frames,drive_1773066104941,29
car\data\drive_frames\1773066105981_70_35.png,70.0,35.0,drive_frames,drive_1773066105981,29
car\data\drive_frames\1773066107009_50_35.png,50.0,35.0,drive_frames,drive_1773066107009,29
car\data\drive_frames\1773066108045_70_35.png,70.0,35.0,drive_frames,drive_1773066108045,29
car\data\drive_frames\1773066109077_50_35.png,50.0,35.0,drive_frames,drive_1773066109077,29
car\data\drive_frames\1773066110110_90_35.png,90.0,35.0,drive_frames,drive_1773066110110,29
car\data\drive_frames\1773066111146_90_35.png,90.0,35.0,drive_frames,drive_1773066111146,29
car\data\drive_frames\1773066112178_90_35.png,90.0,35.0,drive_frames,drive_1773066112178,29
car\data\drive_frames\1773066113214_75_35.png,75.0,35.0,drive_frames,drive_1773066113214,29
car\data\drive_frames\1773066114246_100_35.png,100.0,35.0,drive_frames,drive_1773066114246,29
car\data\drive_frames\1773066115282_60_35.png,60.0,35.0,drive_frames,drive_1773066115282,29
car\data\drive_frames\1773066116314_65_35.png,65.0,35.0,drive_frames,drive_1773066116314,29
car\data\drive_frames\1773066117351_50_35.png,50.0,35.0,drive_frames,drive_1773066117351,29
car\data\drive_frames\1773066118383_50_35.png,50.0,35.0,drive_frames,drive_1773066118383,29
car\data\drive_frames\1773066119419_60_35.png,60.0,35.0,drive_frames,drive_1773066119419,29
car\data\drive_frames\1773066120455_60_35.png,60.0,35.0,drive_frames,drive_1773066120455,29
car\data\drive_frames\1773066121483_75_35.png,75.0,35.0,drive_frames,drive_1773066121483,29
car\data\drive_frames\1773066122519_95_35.png,95.0,35.0,drive_frames,drive_1773066122519,29
car\data\drive_frames\1773066123552_65_35.png,65.0,35.0,drive_frames,drive_1773066123552,29
car\data\drive_frames\1773066124588_100_35.png,100.0,35.0,drive_frames,drive_1773066124588,29
car\data\drive_frames\1773066125620_100_35.png,100.0,35.0,drive_frames,drive_1773066125620,29
car\data\drive_frames\1773066126656_70_35.png,70.0,35.0,drive_frames,drive_1773066126656,29
car\data\drive_frames\1773066127688_55_35.png,55.0,35.0,drive_frames,drive_1773066127688,29
car\data\drive_frames\1773066128724_50_35.png,50.0,35.0,drive_frames,drive_1773066128724,29
car\data\drive_frames\1773066129756_50_35.png,50.0,35.0,drive_frames,drive_1773066129756,29
car\data\drive_frames\1773066130792_55_35.png,55.0,35.0,drive_frames,drive_1773066130792,29
car\data\drive_frames\1773066131824_50_35.png,50.0,35.0,drive_frames,drive_1773066131824,29
car\data\drive_frames\1773066132857_90_35.png,90.0,35.0,drive_frames,drive_1773066132857,29
car\data\drive_frames\1773066133893_90_35.png,90.0,35.0,drive_frames,drive_1773066133893,29
car\data\drive_frames\1773066134925_95_35.png,95.0,35.0,drive_frames,drive_1773066134925,29
car\data\drive_frames\1773066135961_70_35.png,70.0,35.0,drive_frames,drive_1773066135961,29
car\data\drive_frames\1773066136993_80_35.png,80.0,35.0,drive_frames,drive_1773066136993,29
car\data\drive_frames\1773066138029_100_35.png,100.0,35.0,drive_frames,drive_1773066138029,29
car\data\drive_frames\1773066139062_55_35.png,55.0,35.0,drive_frames,drive_1773066139062,29
car\data\drive_frames\1773066140100_55_35.png,55.0,35.0,drive_frames,drive_1773066140100,29
car\data\drive_frames\1773066141130_50_35.png,50.0,35.0,drive_frames,drive_1773066141130,29
car\data\drive_frames\1773066142166_60_35.png,60.0,35.0,drive_frames,drive_1773066142166,29
car\data\drive_frames\1773066143198_70_35.png,70.0,35.0,drive_frames,drive_1773066143198,29
car\data\drive_frames\1773066144230_50_35.png,50.0,35.0,drive_frames,drive_1773066144230,29
car\data\drive_frames\1773066145266_80_35.png,80.0,35.0,drive_frames,drive_1773066145266,29
car\data\drive_frames\1773066146298_90_35.png,90.0,35.0,drive_frames,drive_1773066146298,29
car\data\drive_frames\1773066147338_70_35.png,70.0,35.0,drive_frames,drive_1773066147338,29
car\data\drive_frames\1773066148367_105_35.png,105.0,35.0,drive_frames,drive_1773066148367,29
car\data\drive_frames\1773066149403_85_35.png,85.0,35.0,drive_frames,drive_1773066149403,29
car\data\drive_frames\1773066150435_65_35.png,65.0,35.0,drive_frames,drive_1773066150435,29
car\data\drive_frames\1773066151471_50_35.png,50.0,35.0,drive_frames,drive_1773066151471,29
car\data\drive_frames\1773066152503_70_35.png,70.0,35.0,drive_frames,drive_1773066152503,29
car\data\drive_frames\1773066153540_50_35.png,50.0,35.0,drive_frames,drive_1773066153540,29
car\data\drive_frames\1773066154571_50_35.png,50.0,35.0,drive_frames,drive_1773066154571,29
car\data\drive_frames\1773066155616_50_35.png,50.0,35.0,drive_frames,drive_1773066155616,29
car\data\drive_frames\1773066156648_50_35.png,50.0,35.0,drive_frames,drive_1773066156648,29
car\data\drive_frames\1773066157684_95_35.png,95.0,35.0,drive_frames,drive_1773066157684,29
car\data\drive_frames\1773066158716_90_35.png,90.0,35.0,drive_frames,drive_1773066158716,29
car\data\drive_frames\1773066159752_100_35.png,100.0,35.0,drive_frames,drive_1773066159752,29
car\data\drive_frames\1773066160790_75_35.png,75.0,35.0,drive_frames,drive_1773066160790,29
car\data\drive_frames\1773066161817_95_35.png,95.0,35.0,drive_frames,drive_1773066161817,29
car\data\drive_frames\1773066162853_60_35.png,60.0,35.0,drive_frames,drive_1773066162853,29
car\data\drive_frames\1773066163885_50_35.png,50.0,35.0,drive_frames,drive_1773066163885,29
car\data\drive_frames\1773066164921_60_35.png,60.0,35.0,drive_frames,drive_1773066164921,29
car\data\drive_frames\1773066165953_60_35.png,60.0,35.0,drive_frames,drive_1773066165953,29
car\data\drive_frames\1773066166989_50_35.png,50.0,35.0,drive_frames,drive_1773066166989,29
car\data\drive_frames\1773066168021_50_35.png,50.0,35.0,drive_frames,drive_1773066168021,29
car\data\drive_frames\1773066169057_90_35.png,90.0,35.0,drive_frames,drive_1773066169057,29
car\data\drive_frames\1773066170090_60_35.png,60.0,35.0,drive_frames,drive_1773066170090,29
car\data\drive_frames\1773066171126_95_35.png,95.0,35.0,drive_frames,drive_1773066171126,29
car\data\drive_frames\1773066172158_95_35.png,95.0,35.0,drive_frames,drive_1773066172158,29
car\data\drive_frames\1773066173190_80_35.png,80.0,35.0,drive_frames,drive_1773066173190,29
car\data\drive_frames\1773066174226_80_35.png,80.0,35.0,drive_frames,drive_1773066174226,29
car\data\drive_frames\1773066175258_65_35.png,65.0,35.0,drive_frames,drive_1773066175258,29
car\data\drive_frames\1773066176294_50_35.png,50.0,35.0,drive_frames,drive_1773066176294,29
car\data\drive_frames\1773066177327_50_35.png,50.0,35.0,drive_frames,drive_1773066177327,29
car\data\drive_frames\1773066178363_80_35.png,80.0,35.0,drive_frames,drive_1773066178363,29
car\data\drive_frames\1773066179395_50_35.png,50.0,35.0,drive_frames,drive_1773066179395,29
car\data\drive_frames\1773066180431_50_35.png,50.0,35.0,drive_frames,drive_1773066180431,29
car\data\drive_frames\1773066181464_75_35.png,75.0,35.0,drive_frames,drive_1773066181464,29
car\data\drive_frames\1773066182499_95_35.png,95.0,35.0,drive_frames,drive_1773066182499,29
car\data\drive_frames\1773066183532_75_35.png,75.0,35.0,drive_frames,drive_1773066183532,29
car\data\drive_frames\1773066184564_75_0.png,75.0,0.0,drive_frames,drive_1773066184564,29
car\data\drive_frames\1773066185600_75_0.png,75.0,0.0,drive_frames,drive_1773066185600,29
car\data\drive_frames\1773066186632_75_0.png,75.0,0.0,drive_frames,drive_1773066186632,29
car\data\drive_frames\1773066187668_75_0.png,75.0,0.0,drive_frames,drive_1773066187668,29
car\data\drive_frames\1773066188701_75_0.png,75.0,0.0,drive_frames,drive_1773066188701,29
car\data\drive_frames\1773066189736_75_0.png,75.0,0.0,drive_frames,drive_1773066189736,29
car\data\drive_frames\1773066190769_75_0.png,75.0,0.0,drive_frames,drive_1773066190769,29
car\data\drive_frames\1773145021557_90_0.png,90.0,0.0,drive_frames,drive_1773145021557,29
car\data\drive_frames\1773145022589_90_0.png,90.0,0.0,drive_frames,drive_1773145022589,29
car\data\drive_frames\1773145023621_90_0.png,90.0,0.0,drive_frames,drive_1773145023621,29
car\data\drive_frames\1773145024657_90_0.png,90.0,0.0,drive_frames,drive_1773145024657,29
car\data\drive_frames\1773145025690_90_0.png,90.0,0.0,drive_frames,drive_1773145025690,29
car\data\drive_frames\1773145026726_90_0.png,90.0,0.0,drive_frames,drive_1773145026726,29
car\data\drive_frames\1773145027758_90_0.png,90.0,0.0,drive_frames,drive_1773145027758,29
car\data\drive_frames\1773145028794_90_0.png,90.0,0.0,drive_frames,drive_1773145028794,29
car\data\drive_frames\1773145029826_90_0.png,90.0,0.0,drive_frames,drive_1773145029826,29
car\data\drive_frames\1773145030862_90_0.png,90.0,0.0,drive_frames,drive_1773145030862,29
car\data\drive_frames\1773145031894_90_0.png,90.0,0.0,drive_frames,drive_1773145031894,29
car\data\drive_frames\1773145032931_90_0.png,90.0,0.0,drive_frames,drive_1773145032931,29
car\data\drive_frames\1773145033963_90_0.png,90.0,0.0,drive_frames,drive_1773145033963,29
car\data\drive_frames\1773145034995_90_0.png,90.0,0.0,drive_frames,drive_1773145034995,29
car\data\drive_frames\1773145036031_90_0.png,90.0,0.0,drive_frames,drive_1773145036031,29
car\data\drive_frames\1773145037063_90_0.png,90.0,0.0,drive_frames,drive_1773145037063,29
car\data\drive_frames\1773145038099_90_0.png,90.0,0.0,drive_frames,drive_1773145038099,29
car\data\drive_frames\1773145039131_90_0.png,90.0,0.0,drive_frames,drive_1773145039131,29
car\data\drive_frames\1773145040168_90_0.png,90.0,0.0,drive_frames,drive_1773145040168,29
car\data\drive_frames\1773145041200_90_0.png,90.0,0.0,drive_frames,drive_1773145041200,29
car\data\drive_frames\1773145042236_90_0.png,90.0,0.0,drive_frames,drive_1773145042236,29
car\data\drive_frames\1773145043268_90_0.png,90.0,0.0,drive_frames,drive_1773145043268,29
car\data\drive_frames\1773145044304_90_0.png,90.0,0.0,drive_frames,drive_1773145044304,29
car\data\drive_frames\1773145045336_90_0.png,90.0,0.0,drive_frames,drive_1773145045336,29
car\data\drive_frames\1773145046369_90_0.png,90.0,0.0,drive_frames,drive_1773145046369,29
car\data\drive_frames\1773145047405_90_0.png,90.0,0.0,drive_frames,drive_1773145047405,29
car\data\drive_frames\1773145048437_90_0.png,90.0,0.0,drive_frames,drive_1773145048437,29
car\data\drive_frames\1773145049473_90_0.png,90.0,0.0,drive_frames,drive_1773145049473,29
car\data\drive_frames\1773145050505_90_0.png,90.0,0.0,drive_frames,drive_1773145050505,29
car\data\drive_frames\1773145051541_90_0.png,90.0,0.0,drive_frames,drive_1773145051541,29
car\data\drive_frames\1773145052574_90_0.png,90.0,0.0,drive_frames,drive_1773145052574,29
car\data\drive_frames\1773145053609_90_0.png,90.0,0.0,drive_frames,drive_1773145053609,29
car\data\drive_frames\1773145054642_90_0.png,90.0,0.0,drive_frames,drive_1773145054642,29
car\data\drive_frames\1773145055678_90_0.png,90.0,0.0,drive_frames,drive_1773145055678,29
car\data\drive_frames\1773145056710_90_0.png,90.0,0.0,drive_frames,drive_1773145056710,29
car\data\drive_frames\1773145057742_90_0.png,90.0,0.0,drive_frames,drive_1773145057742,29
car\data\drive_frames\1773145058778_90_0.png,90.0,0.0,drive_frames,drive_1773145058778,29
car\data\drive_frames\1773145059810_90_0.png,90.0,0.0,drive_frames,drive_1773145059810,29
car\data\drive_frames\1773145060846_90_0.png,90.0,0.0,drive_frames,drive_1773145060846,29
car\data\drive_frames\1773145061878_90_0.png,90.0,0.0,drive_frames,drive_1773145061878,29
car\data\drive_frames\1773145062915_90_0.png,90.0,0.0,drive_frames,drive_1773145062915,29
car\data\drive_frames\1773145063947_90_0.png,90.0,0.0,drive_frames,drive_1773145063947,29
car\data\drive_frames\1773147742327_90_35.png,90.0,35.0,drive_frames,drive_1773147742327,31
car\data\drive_frames\1773147743359_125_35.png,120.0,35.0,drive_frames,drive_1773147743359,31
car\data\drive_frames\1773147744392_125_35.png,120.0,35.0,drive_frames,drive_1773147744392,31
car\data\drive_frames\1773147745428_105_35.png,105.0,35.0,drive_frames,drive_1773147745428,31
car\data\drive_frames\1773147746460_120_35.png,120.0,35.0,drive_frames,drive_1773147746460,31
car\data\drive_frames\1773147747496_115_35.png,115.0,35.0,drive_frames,drive_1773147747496,31
car\data\drive_frames\1773147748528_90_35.png,90.0,35.0,drive_frames,drive_1773147748528,31
car\data\drive_frames\1773147749564_80_35.png,80.0,35.0,drive_frames,drive_1773147749564,31
car\data\drive_frames\1773147750597_90_35.png,90.0,35.0,drive_frames,drive_1773147750597,31
car\data\drive_frames\1773147751633_80_35.png,80.0,35.0,drive_frames,drive_1773147751633,31
car\data\drive_frames\1773147752665_90_35.png,90.0,35.0,drive_frames,drive_1773147752665,31
car\data\drive_frames\1773147753701_95_35.png,95.0,35.0,drive_frames,drive_1773147753701,31
car\data\drive_frames\1773147754733_115_35.png,115.0,35.0,drive_frames,drive_1773147754733,31
car\data\drive_frames\1773147755765_120_35.png,120.0,35.0,drive_frames,drive_1773147755765,31
car\data\drive_frames\1773147756801_125_35.png,120.0,35.0,drive_frames,drive_1773147756801,31
car\data\drive_frames\1773147757833_105_35.png,105.0,35.0,drive_frames,drive_1773147757833,31
car\data\drive_frames\1773147758869_120_35.png,120.0,35.0,drive_frames,drive_1773147758869,31
car\data\drive_frames\1773147759901_85_35.png,85.0,35.0,drive_frames,drive_1773147759901,31
car\data\drive_frames\1773147760937_85_35.png,85.0,35.0,drive_frames,drive_1773147760937,31
car\data\drive_frames\1773147761969_90_35.png,90.0,35.0,drive_frames,drive_1773147761969,31
car\data\drive_frames\1773147763005_85_35.png,85.0,35.0,drive_frames,drive_1773147763005,31
car\data\drive_frames\1773147764037_85_35.png,85.0,35.0,drive_frames,drive_1773147764037,31
car\data\drive_frames\1773147765073_85_35.png,85.0,35.0,drive_frames,drive_1773147765073,31
car\data\drive_frames\1773147766105_120_35.png,120.0,35.0,drive_frames,drive_1773147766105,31
car\data\drive_frames\1773147767138_105_35.png,105.0,35.0,drive_frames,drive_1773147767138,31
car\data\drive_frames\1773147768173_125_35.png,120.0,35.0,drive_frames,drive_1773147768173,31
car\data\drive_frames\1773147769205_130_35.png,120.0,35.0,drive_frames,drive_1773147769205,31
car\data\drive_frames\1773147770242_105_35.png,105.0,35.0,drive_frames,drive_1773147770242,31
car\data\drive_frames\1773147771274_100_35.png,100.0,35.0,drive_frames,drive_1773147771274,31
car\data\drive_frames\1773147772310_85_35.png,85.0,35.0,drive_frames,drive_1773147772310,31
car\data\drive_frames\1773147773346_80_35.png,80.0,35.0,drive_frames,drive_1773147773346,31
car\data\drive_frames\1773147774378_95_35.png,95.0,35.0,drive_frames,drive_1773147774378,31
car\data\drive_frames\1773147775410_80_35.png,80.0,35.0,drive_frames,drive_1773147775410,31
car\data\drive_frames\1773147776446_90_35.png,90.0,35.0,drive_frames,drive_1773147776446,31
car\data\drive_frames\1773147777478_110_35.png,110.0,35.0,drive_frames,drive_1773147777478,31
car\data\drive_frames\1773147778510_115_35.png,115.0,35.0,drive_frames,drive_1773147778510,31
car\data\drive_frames\1773147779546_120_35.png,120.0,35.0,drive_frames,drive_1773147779546,31
car\data\drive_frames\1773147780579_125_35.png,120.0,35.0,drive_frames,drive_1773147780579,31
car\data\drive_frames\1773147781614_125_35.png,120.0,35.0,drive_frames,drive_1773147781614,31
car\data\drive_frames\1773147782647_100_35.png,100.0,35.0,drive_frames,drive_1773147782647,31
car\data\drive_frames\1773147783683_85_35.png,85.0,35.0,drive_frames,drive_1773147783683,31
car\data\drive_frames\1773147784715_95_35.png,95.0,35.0,drive_frames,drive_1773147784715,31
car\data\drive_frames\1773147785751_80_35.png,80.0,35.0,drive_frames,drive_1773147785751,31
car\data\drive_frames\1773147786783_90_35.png,90.0,35.0,drive_frames,drive_1773147786783,31
car\data\drive_frames\1773147787819_85_35.png,85.0,35.0,drive_frames,drive_1773147787819,31
car\data\drive_frames\1773147788884_100_35.png,100.0,35.0,drive_frames,drive_1773147788884,31
car\data\drive_frames\1773147789919_120_35.png,120.0,35.0,drive_frames,drive_1773147789919,31
car\data\drive_frames\1773147790951_110_35.png,110.0,35.0,drive_frames,drive_1773147790951,31
car\data\drive_frames\1773147791987_120_35.png,120.0,35.0,drive_frames,drive_1773147791987,31
car\data\drive_frames\1773147793020_125_35.png,120.0,35.0,drive_frames,drive_1773147793020,31
car\data\drive_frames\1773147794056_105_35.png,105.0,35.0,drive_frames,drive_1773147794056,31
car\data\drive_frames\1773147795089_100_35.png,100.0,35.0,drive_frames,drive_1773147795089,31
car\data\drive_frames\1773147796124_85_35.png,85.0,35.0,drive_frames,drive_1773147796124,31
car\data\drive_frames\1773147797156_80_35.png,80.0,35.0,drive_frames,drive_1773147797156,31
car\data\drive_frames\1773147798188_85_35.png,85.0,35.0,drive_frames,drive_1773147798188,31
car\data\drive_frames\1773147799224_85_35.png,85.0,35.0,drive_frames,drive_1773147799224,31
car\data\drive_frames\1773147800257_95_35.png,95.0,35.0,drive_frames,drive_1773147800257,31
car\data\drive_frames\1773147801293_100_35.png,100.0,35.0,drive_frames,drive_1773147801293,31
car\data\drive_frames\1773147802325_120_35.png,120.0,35.0,drive_frames,drive_1773147802325,31
car\data\drive_frames\1773147803361_120_35.png,120.0,35.0,drive_frames,drive_1773147803361,31
car\data\drive_frames\1773147804393_120_35.png,120.0,35.0,drive_frames,drive_1773147804393,31
car\data\drive_frames\1773147805429_120_35.png,120.0,35.0,drive_frames,drive_1773147805429,31
car\data\drive_frames\1773147806461_120_35.png,120.0,35.0,drive_frames,drive_1773147806461,31
car\data\drive_frames\1773147807497_80_35.png,80.0,35.0,drive_frames,drive_1773147807497,31
car\data\drive_frames\1773147808529_95_35.png,95.0,35.0,drive_frames,drive_1773147808529,31
car\data\drive_frames\1773147809562_80_35.png,80.0,35.0,drive_frames,drive_1773147809562,31
car\data\drive_frames\1773147810598_90_35.png,90.0,35.0,drive_frames,drive_1773147810598,31
car\data\drive_frames\1773147811630_90_35.png,90.0,35.0,drive_frames,drive_1773147811630,31
car\data\drive_frames\1773147812666_95_35.png,95.0,35.0,drive_frames,drive_1773147812666,31
car\data\drive_frames\1773147813934_120_35.png,120.0,35.0,drive_frames,drive_1773147813934,31
car\data\drive_frames\1773147814966_115_35.png,115.0,35.0,drive_frames,drive_1773147814966,31
car\data\drive_frames\1773147816002_120_35.png,120.0,35.0,drive_frames,drive_1773147816002,31
car\data\drive_frames\1773147817034_125_35.png,120.0,35.0,drive_frames,drive_1773147817034,31
car\data\drive_frames\1773147818067_100_35.png,100.0,35.0,drive_frames,drive_1773147818067,31
car\data\drive_frames\1773147819103_85_35.png,85.0,35.0,drive_frames,drive_1773147819103,31
car\data\drive_frames\1773147820135_85_35.png,85.0,35.0,drive_frames,drive_1773147820135,31
car\data\drive_frames\1773147821172_80_35.png,80.0,35.0,drive_frames,drive_1773147821172,31
car\data\drive_frames\1773147822203_90_35.png,90.0,35.0,drive_frames,drive_1773147822203,31
car\data\drive_frames\1773147823239_90_35.png,90.0,35.0,drive_frames,drive_1773147823239,31
car\data\drive_frames\1773147824271_85_35.png,85.0,35.0,drive_frames,drive_1773147824271,31
car\data\drive_frames\1773147825312_120_35.png,120.0,35.0,drive_frames,drive_1773147825312,31
car\data\drive_frames\1773147826340_125_35.png,120.0,35.0,drive_frames,drive_1773147826340,31
car\data\drive_frames\1773147827376_125_35.png,120.0,35.0,drive_frames,drive_1773147827376,31
car\data\drive_frames\1773147828408_115_35.png,115.0,35.0,drive_frames,drive_1773147828408,31
car\data\drive_frames\1773147829440_125_35.png,120.0,35.0,drive_frames,drive_1773147829440,31
car\data\drive_frames\1773147830476_95_35.png,95.0,35.0,drive_frames,drive_1773147830476,31
car\data\drive_frames\1773147831508_85_35.png,85.0,35.0,drive_frames,drive_1773147831508,31
car\data\drive_frames\1773147832549_85_35.png,85.0,35.0,drive_frames,drive_1773147832549,31
car\data\drive_frames\1773147833576_75_35.png,75.0,35.0,drive_frames,drive_1773147833576,31
car\data\drive_frames\1773147834613_90_35.png,90.0,35.0,drive_frames,drive_1773147834613,31
car\data\drive_frames\1773147835645_90_35.png,90.0,35.0,drive_frames,drive_1773147835645,31
car\data\drive_frames\1773147836681_110_35.png,110.0,35.0,drive_frames,drive_1773147836681,31
car\data\drive_frames\1773147837713_120_35.png,120.0,35.0,drive_frames,drive_1773147837713,31
car\data\drive_frames\1773147838750_120_35.png,120.0,35.0,drive_frames,drive_1773147838750,31
car\data\drive_frames\1773147839813_120_35.png,120.0,35.0,drive_frames,drive_1773147839813,31
car\data\drive_frames\1773147840851_120_35.png,120.0,35.0,drive_frames,drive_1773147840851,31
car\data\drive_frames\1773147841882_110_35.png,110.0,35.0,drive_frames,drive_1773147841882,31
car\data\drive_frames\1773147842918_90_35.png,90.0,35.0,drive_frames,drive_1773147842918,31
car\data\drive_frames\1773147843950_80_35.png,80.0,35.0,drive_frames,drive_1773147843950,31
car\data\drive_frames\1773147844986_90_35.png,90.0,35.0,drive_frames,drive_1773147844986,31
car\data\drive_frames\1773147846018_90_35.png,90.0,35.0,drive_frames,drive_1773147846018,31
car\data\drive_frames\1773147847054_85_35.png,85.0,35.0,drive_frames,drive_1773147847054,31
car\data\drive_frames\1773147848086_85_35.png,85.0,35.0,drive_frames,drive_1773147848086,31
car\data\drive_frames\1773147849119_120_35.png,120.0,35.0,drive_frames,drive_1773147849119,31
car\data\drive_frames\1773147850155_120_35.png,120.0,35.0,drive_frames,drive_1773147850155,31
car\data\drive_frames\1773147851187_125_35.png,120.0,35.0,drive_frames,drive_1773147851187,31
car\data\drive_frames\1773147852223_115_35.png,115.0,35.0,drive_frames,drive_1773147852223,31
car\data\drive_frames\1773147853255_115_35.png,115.0,35.0,drive_frames,drive_1773147853255,31
car\data\drive_frames\1773147854291_100_35.png,100.0,35.0,drive_frames,drive_1773147854291,31
car\data\drive_frames\1773147855323_80_35.png,80.0,35.0,drive_frames,drive_1773147855323,31
car\data\drive_frames\1773147856359_85_35.png,85.0,35.0,drive_frames,drive_1773147856359,31
car\data\drive_frames\1773147857392_90_35.png,90.0,35.0,drive_frames,drive_1773147857392,31
car\data\drive_frames\1773147858428_95_35.png,95.0,35.0,drive_frames,drive_1773147858428,31
car\data\drive_frames\1773147859460_75_35.png,75.0,35.0,drive_frames,drive_1773147859460,31
car\data\drive_frames\1773147860492_110_35.png,110.0,35.0,drive_frames,drive_1773147860492,31
car\data\drive_frames\1773147861528_120_35.png,120.0,35.0,drive_frames,drive_1773147861528,31
car\data\drive_frames\1773147862560_130_35.png,120.0,35.0,drive_frames,drive_1773147862560,31
car\data\drive_frames\1773147863601_120_35.png,120.0,35.0,drive_frames,drive_1773147863601,31
car\data\drive_frames\1773147864629_110_35.png,110.0,35.0,drive_frames,drive_1773147864629,31
car\data\drive_frames\1773147865665_95_35.png,95.0,35.0,drive_frames,drive_1773147865665,31
car\data\drive_frames\1773147866697_85_35.png,85.0,35.0,drive_frames,drive_1773147866697,31
car\data\drive_frames\1773147867734_80_35.png,80.0,35.0,drive_frames,drive_1773147867734,31
car\data\drive_frames\1773147868765_90_35.png,90.0,35.0,drive_frames,drive_1773147868765,31
car\data\drive_frames\1773147869801_90_35.png,90.0,35.0,drive_frames,drive_1773147869801,31
car\data\drive_frames\1773147870834_90_35.png,90.0,35.0,drive_frames,drive_1773147870834,31
car\data\drive_frames\1773147871866_90_35.png,90.0,35.0,drive_frames,drive_1773147871866,31
car\data\drive_frames\1773147872906_120_35.png,120.0,35.0,drive_frames,drive_1773147872906,31
car\data\drive_frames\1773147873934_120_35.png,120.0,35.0,drive_frames,drive_1773147873934,31
car\data\drive_frames\1773147874970_125_35.png,120.0,35.0,drive_frames,drive_1773147874970,31
car\data\drive_frames\1773147876002_125_35.png,120.0,35.0,drive_frames,drive_1773147876002,31
car\data\drive_frames\1773147877038_95_35.png,95.0,35.0,drive_frames,drive_1773147877038,31
car\data\drive_frames\1773147878070_105_35.png,105.0,35.0,drive_frames,drive_1773147878070,31
car\data\drive_frames\1773147879107_75_35.png,75.0,35.0,drive_frames,drive_1773147879107,31
car\data\drive_frames\1773147880139_95_35.png,95.0,35.0,drive_frames,drive_1773147880139,31
car\data\drive_frames\1773147881175_90_35.png,90.0,35.0,drive_frames,drive_1773147881175,31
car\data\drive_frames\1773147882207_85_35.png,85.0,35.0,drive_frames,drive_1773147882207,31
car\data\drive_frames\1773147883239_90_35.png,90.0,35.0,drive_frames,drive_1773147883239,31
car\data\drive_frames\1773147884275_100_35.png,100.0,35.0,drive_frames,drive_1773147884275,31
car\data\drive_frames\1773147885307_115_35.png,115.0,35.0,drive_frames,drive_1773147885307,31
car\data\drive_frames\1773147886344_120_35.png,120.0,35.0,drive_frames,drive_1773147886344,31
car\data\drive_frames\1773147887377_125_35.png,120.0,35.0,drive_frames,drive_1773147887377,31
car\data\drive_frames\1773147888412_110_35.png,110.0,35.0,drive_frames,drive_1773147888412,31
car\data\drive_frames\1773147889444_100_35.png,100.0,35.0,drive_frames,drive_1773147889444,31
car\data\drive_frames\1773147890480_90_35.png,90.0,35.0,drive_frames,drive_1773147890480,31
car\data\drive_frames\1773147891512_75_35.png,75.0,35.0,drive_frames,drive_1773147891512,31
car\data\drive_frames\1773147892548_90_35.png,90.0,35.0,drive_frames,drive_1773147892548,31
car\data\drive_frames\1773147893580_90_35.png,90.0,35.0,drive_frames,drive_1773147893580,31
car\data\drive_frames\1773147894612_90_35.png,90.0,35.0,drive_frames,drive_1773147894612,31
car\data\drive_frames\1773147895648_105_35.png,105.0,35.0,drive_frames,drive_1773147895648,31
car\data\drive_frames\1773147896681_115_35.png,115.0,35.0,drive_frames,drive_1773147896681,31
car\data\drive_frames\1773147897717_125_35.png,120.0,35.0,drive_frames,drive_1773147897717,31
car\data\drive_frames\1773147898749_125_35.png,120.0,35.0,drive_frames,drive_1773147898749,31
car\data\drive_frames\1773147899785_105_35.png,105.0,35.0,drive_frames,drive_1773147899785,31
car\data\drive_frames\1773147900817_120_35.png,120.0,35.0,drive_frames,drive_1773147900817,31
car\data\drive_frames\1773147901853_105_35.png,105.0,35.0,drive_frames,drive_1773147901853,31
car\data\drive_frames\1773147902885_75_35.png,75.0,35.0,drive_frames,drive_1773147902885,31
car\data\drive_frames\1773147903921_95_35.png,95.0,35.0,drive_frames,drive_1773147903921,31
car\data\drive_frames\1773147904955_85_35.png,85.0,35.0,drive_frames,drive_1773147904955,31
car\data\drive_frames\1773147905985_75_35.png,75.0,35.0,drive_frames,drive_1773147905985,31
car\data\drive_frames\1773147907022_95_35.png,95.0,35.0,drive_frames,drive_1773147907022,31
car\data\drive_frames\1773147908054_110_35.png,110.0,35.0,drive_frames,drive_1773147908054,31
car\data\drive_frames\1773147909090_115_35.png,115.0,35.0,drive_frames,drive_1773147909090,31
car\data\drive_frames\1773147910122_120_35.png,120.0,35.0,drive_frames,drive_1773147910122,31
car\data\drive_frames\1773147911159_120_35.png,120.0,35.0,drive_frames,drive_1773147911159,31
car\data\drive_frames\1773147912190_110_35.png,110.0,35.0,drive_frames,drive_1773147912190,31
car\data\drive_frames\1773147913226_100_35.png,100.0,35.0,drive_frames,drive_1773147913226,31
car\data\drive_frames\1773147914260_105_35.png,105.0,35.0,drive_frames,drive_1773147914260,31
car\data\drive_frames\1773147915295_90_35.png,90.0,35.0,drive_frames,drive_1773147915295,31
car\data\drive_frames\1773147916395_85_35.png,85.0,35.0,drive_frames,drive_1773147916395,31
car\data\drive_frames\1773147917427_70_35.png,70.0,35.0,drive_frames,drive_1773147917427,31
car\data\drive_frames\1773147918463_75_35.png,75.0,35.0,drive_frames,drive_1773147918463,31
car\data\drive_frames\1773147919495_105_35.png,105.0,35.0,drive_frames,drive_1773147919495,31
car\data\drive_frames\1773147920527_110_35.png,110.0,35.0,drive_frames,drive_1773147920527,31
car\data\drive_frames\1773147921563_115_35.png,115.0,35.0,drive_frames,drive_1773147921563,31
car\data\drive_frames\1773147922595_120_35.png,120.0,35.0,drive_frames,drive_1773147922595,31
car\data\drive_frames\1773147923632_120_35.png,120.0,35.0,drive_frames,drive_1773147923632,31
car\data\drive_frames\1773147924664_125_35.png,120.0,35.0,drive_frames,drive_1773147924664,31
car\data\drive_frames\1773147925702_100_35.png,100.0,35.0,drive_frames,drive_1773147925702,31
car\data\drive_frames\1773147926732_85_35.png,85.0,35.0,drive_frames,drive_1773147926732,31
car\data\drive_frames\1773147927773_85_35.png,85.0,35.0,drive_frames,drive_1773147927773,31
car\data\drive_frames\1773147928814_90_35.png,90.0,35.0,drive_frames,drive_1773147928814,31
car\data\drive_frames\1773147929868_85_35.png,85.0,35.0,drive_frames,drive_1773147929868,31
car\data\drive_frames\1773147930900_80_35.png,80.0,35.0,drive_frames,drive_1773147930900,31
car\data\drive_frames\1773147931937_95_35.png,95.0,35.0,drive_frames,drive_1773147931937,31
car\data\drive_frames\1773147932969_125_35.png,120.0,35.0,drive_frames,drive_1773147932969,31
car\data\drive_frames\1773147934005_110_35.png,110.0,35.0,drive_frames,drive_1773147934005,31
car\data\drive_frames\1773147935038_110_35.png,110.0,35.0,drive_frames,drive_1773147935038,31
car\data\drive_frames\1773147936073_120_35.png,120.0,35.0,drive_frames,drive_1773147936073,31
car\data\drive_frames\1773147937105_125_35.png,120.0,35.0,drive_frames,drive_1773147937105,31
car\data\drive_frames\1773147938141_95_35.png,95.0,35.0,drive_frames,drive_1773147938141,31
car\data\drive_frames\1773147939173_85_35.png,85.0,35.0,drive_frames,drive_1773147939173,31
car\data\drive_frames\1773147940206_90_35.png,90.0,35.0,drive_frames,drive_1773147940206,31
car\data\drive_frames\1773147941242_90_35.png,90.0,35.0,drive_frames,drive_1773147941242,31
car\data\drive_frames\1773147942277_90_35.png,90.0,35.0,drive_frames,drive_1773147942277,31
car\data\drive_frames\1773147943310_75_35.png,75.0,35.0,drive_frames,drive_1773147943310,31
car\data\drive_frames\1773147944342_80_35.png,80.0,35.0,drive_frames,drive_1773147944342,31
car\data\drive_frames\1773147945378_115_35.png,115.0,35.0,drive_frames,drive_1773147945378,31
car\data\drive_frames\1773147946410_120_35.png,120.0,35.0,drive_frames,drive_1773147946410,31
car\data\drive_frames\1773147947447_110_35.png,110.0,35.0,drive_frames,drive_1773147947447,31
car\data\drive_frames\1773147948479_115_35.png,115.0,35.0,drive_frames,drive_1773147948479,31
car\data\drive_frames\1773147949519_130_35.png,120.0,35.0,drive_frames,drive_1773147949519,31
car\data\drive_frames\1773147950547_85_35.png,85.0,35.0,drive_frames,drive_1773147950547,31
car\data\drive_frames\1773147951579_100_35.png,100.0,35.0,drive_frames,drive_1773147951579,31
car\data\drive_frames\1773147952615_80_35.png,80.0,35.0,drive_frames,drive_1773147952615,31
car\data\drive_frames\1773147953647_85_35.png,85.0,35.0,drive_frames,drive_1773147953647,31
car\data\drive_frames\1773147954684_85_35.png,85.0,35.0,drive_frames,drive_1773147954684,31
car\data\drive_frames\1773147955716_90_35.png,90.0,35.0,drive_frames,drive_1773147955716,31
car\data\drive_frames\1773147956752_100_35.png,100.0,35.0,drive_frames,drive_1773147956752,31
car\data\drive_frames\1773147957784_120_35.png,120.0,35.0,drive_frames,drive_1773147957784,31
car\data\drive_frames\1773147958820_105_35.png,105.0,35.0,drive_frames,drive_1773147958820,31
car\data\drive_frames\1773147959852_120_35.png,120.0,35.0,drive_frames,drive_1773147959852,31
car\data\drive_frames\1773147960888_125_35.png,120.0,35.0,drive_frames,drive_1773147960888,31
car\data\drive_frames\1773147961920_125_35.png,120.0,35.0,drive_frames,drive_1773147961920,31
car\data\drive_frames\1773147962952_95_35.png,95.0,35.0,drive_frames,drive_1773147962952,31
car\data\drive_frames\1773147963995_80_35.png,80.0,35.0,drive_frames,drive_1773147963995,31
car\data\drive_frames\1773147965021_90_35.png,90.0,35.0,drive_frames,drive_1773147965021,31
car\data\drive_frames\1773147966057_85_35.png,85.0,35.0,drive_frames,drive_1773147966057,31
car\data\drive_frames\1773147967089_70_35.png,70.0,35.0,drive_frames,drive_1773147967089,31
car\data\drive_frames\1773147968125_95_35.png,95.0,35.0,drive_frames,drive_1773147968125,31
car\data\drive_frames\1773147969157_95_35.png,95.0,35.0,drive_frames,drive_1773147969157,31
car\data\drive_frames\1773147970193_105_35.png,105.0,35.0,drive_frames,drive_1773147970193,31
car\data\drive_frames\1773147971226_115_35.png,115.0,35.0,drive_frames,drive_1773147971226,31
car\data\drive_frames\1773147972262_120_35.png,120.0,35.0,drive_frames,drive_1773147972262,31
car\data\drive_frames\1773147973294_120_35.png,120.0,35.0,drive_frames,drive_1773147973294,31
car\data\drive_frames\1773147974326_120_35.png,120.0,35.0,drive_frames,drive_1773147974326,31
car\data\drive_frames\1773147975362_120_35.png,120.0,35.0,drive_frames,drive_1773147975362,31
car\data\drive_frames\1773147976397_95_35.png,95.0,35.0,drive_frames,drive_1773147976397,31
car\data\drive_frames\1773147977432_90_35.png,90.0,35.0,drive_frames,drive_1773147977432,31
car\data\drive_frames\1773147978462_90_35.png,90.0,35.0,drive_frames,drive_1773147978462,31
car\data\drive_frames\1773147979499_80_35.png,80.0,35.0,drive_frames,drive_1773147979499,31
car\data\drive_frames\1773147980533_90_35.png,90.0,35.0,drive_frames,drive_1773147980533,31
car\data\drive_frames\1773147981567_85_35.png,85.0,35.0,drive_frames,drive_1773147981567,31
car\data\drive_frames\1773147982599_90_35.png,90.0,35.0,drive_frames,drive_1773147982599,31
car\data\drive_frames\1773147983635_110_35.png,110.0,35.0,drive_frames,drive_1773147983635,31
car\data\drive_frames\1773147984668_110_35.png,110.0,35.0,drive_frames,drive_1773147984668,31
car\data\drive_frames\1773147985700_125_35.png,120.0,35.0,drive_frames,drive_1773147985700,31
car\data\drive_frames\1773147986735_125_35.png,120.0,35.0,drive_frames,drive_1773147986735,31
car\data\drive_frames\1773147987768_110_35.png,110.0,35.0,drive_frames,drive_1773147987768,31
car\data\drive_frames\1773147988804_100_35.png,100.0,35.0,drive_frames,drive_1773147988804,31
car\data\drive_frames\1773147989836_95_35.png,95.0,35.0,drive_frames,drive_1773147989836,31
car\data\drive_frames\1773147990872_85_35.png,85.0,35.0,drive_frames,drive_1773147990872,31
car\data\drive_frames\1773147991905_80_35.png,80.0,35.0,drive_frames,drive_1773147991905,31
car\data\drive_frames\1773147992940_80_35.png,80.0,35.0,drive_frames,drive_1773147992940,31
car\data\drive_frames\1773147993972_95_35.png,95.0,35.0,drive_frames,drive_1773147993972,31
car\data\drive_frames\1773147995009_90_35.png,90.0,35.0,drive_frames,drive_1773147995009,31
car\data\drive_frames\1773147996041_105_35.png,105.0,35.0,drive_frames,drive_1773147996041,31
car\data\drive_frames\1773147997077_115_35.png,115.0,35.0,drive_frames,drive_1773147997077,31
car\data\drive_frames\1773147998109_115_35.png,115.0,35.0,drive_frames,drive_1773147998109,31
car\data\drive_frames\1773147999141_125_35.png,120.0,35.0,drive_frames,drive_1773147999141,31
car\data\drive_frames\1773148000177_115_35.png,115.0,35.0,drive_frames,drive_1773148000177,31
car\data\drive_frames\1773148001209_115_35.png,115.0,35.0,drive_frames,drive_1773148001209,31
car\data\drive_frames\1773148002246_90_35.png,90.0,35.0,drive_frames,drive_1773148002246,31
car\data\drive_frames\1773148003278_80_35.png,80.0,35.0,drive_frames,drive_1773148003278,31
car\data\drive_frames\1773148004314_95_35.png,95.0,35.0,drive_frames,drive_1773148004314,31
car\data\drive_frames\1773148005346_85_35.png,85.0,35.0,drive_frames,drive_1773148005346,31
car\data\drive_frames\1773148006382_90_35.png,90.0,35.0,drive_frames,drive_1773148006382,31
car\data\drive_frames\1773148007414_80_35.png,80.0,35.0,drive_frames,drive_1773148007414,31
car\data\drive_frames\1773148008450_90_35.png,90.0,35.0,drive_frames,drive_1773148008450,31
car\data\drive_frames\1773148009482_120_35.png,120.0,35.0,drive_frames,drive_1773148009482,31
car\data\drive_frames\1773148010515_110_35.png,110.0,35.0,drive_frames,drive_1773148010515,31
car\data\drive_frames\1773148011551_125_35.png,120.0,35.0,drive_frames,drive_1773148011551,31
car\data\drive_frames\1773148012588_115_35.png,115.0,35.0,drive_frames,drive_1773148012588,31
car\data\drive_frames\1773148013619_120_35.png,120.0,35.0,drive_frames,drive_1773148013619,31
car\data\drive_frames\1773148014651_110_35.png,110.0,35.0,drive_frames,drive_1773148014651,31
car\data\drive_frames\1773148015687_90_35.png,90.0,35.0,drive_frames,drive_1773148015687,31
car\data\drive_frames\1773148016720_85_35.png,85.0,35.0,drive_frames,drive_1773148016720,31
car\data\drive_frames\1773148017756_85_35.png,85.0,35.0,drive_frames,drive_1773148017756,31
car\data\drive_frames\1773148018788_85_35.png,85.0,35.0,drive_frames,drive_1773148018788,31
car\data\drive_frames\1773148019824_90_35.png,90.0,35.0,drive_frames,drive_1773148019824,31
car\data\drive_frames\1773148020856_85_35.png,85.0,35.0,drive_frames,drive_1773148020856,31
car\data\drive_frames\1773148021888_105_35.png,105.0,35.0,drive_frames,drive_1773148021888,31
car\data\drive_frames\1773148022925_110_35.png,110.0,35.0,drive_frames,drive_1773148022925,31
car\data\drive_frames\1773148024757_130_35.png,120.0,35.0,drive_frames,drive_1773148024757,31
car\data\drive_frames\1773148025793_120_35.png,120.0,35.0,drive_frames,drive_1773148025793,31
car\data\drive_frames\1773148026825_115_35.png,115.0,35.0,drive_frames,drive_1773148026825,31
car\data\drive_frames\1773148027861_100_35.png,100.0,35.0,drive_frames,drive_1773148027861,31
car\data\drive_frames\1773148028893_85_35.png,85.0,35.0,drive_frames,drive_1773148028893,31
car\data\drive_frames\1773148029932_85_35.png,85.0,35.0,drive_frames,drive_1773148029932,31
car\data\drive_frames\1773148030961_85_35.png,85.0,35.0,drive_frames,drive_1773148030961,31
car\data\drive_frames\1773148031997_85_35.png,85.0,35.0,drive_frames,drive_1773148031997,31
car\data\drive_frames\1773148033030_85_35.png,85.0,35.0,drive_frames,drive_1773148033030,31
car\data\drive_frames\1773148034066_90_35.png,90.0,35.0,drive_frames,drive_1773148034066,31
car\data\drive_frames\1773148035098_110_35.png,110.0,35.0,drive_frames,drive_1773148035098,31
car\data\drive_frames\1773148036130_115_35.png,115.0,35.0,drive_frames,drive_1773148036130,31
car\data\drive_frames\1773148037166_110_35.png,110.0,35.0,drive_frames,drive_1773148037166,31
car\data\drive_frames\1773148038198_120_35.png,120.0,35.0,drive_frames,drive_1773148038198,31
car\data\drive_frames\1773148039238_120_35.png,120.0,35.0,drive_frames,drive_1773148039238,31
car\data\drive_frames\1773148040267_100_35.png,100.0,35.0,drive_frames,drive_1773148040267,31
car\data\drive_frames\1773148041303_90_35.png,90.0,35.0,drive_frames,drive_1773148041303,31
car\data\drive_frames\1773148042335_85_35.png,85.0,35.0,drive_frames,drive_1773148042335,31
car\data\drive_frames\1773148043371_80_35.png,80.0,35.0,drive_frames,drive_1773148043371,31
car\data\drive_frames\1773148044403_85_35.png,85.0,35.0,drive_frames,drive_1773148044403,31
car\data\drive_frames\1773148045439_85_35.png,85.0,35.0,drive_frames,drive_1773148045439,31
car\data\drive_frames\1773148046472_90_35.png,90.0,35.0,drive_frames,drive_1773148046472,31
car\data\drive_frames\1773148047504_95_35.png,95.0,35.0,drive_frames,drive_1773148047504,31
car\data\drive_frames\1773148048539_115_35.png,115.0,35.0,drive_frames,drive_1773148048539,31
car\data\drive_frames\1773148049572_120_35.png,120.0,35.0,drive_frames,drive_1773148049572,31
car\data\drive_frames\1773148050608_115_35.png,115.0,35.0,drive_frames,drive_1773148050608,31
car\data\drive_frames\1773148051640_115_35.png,115.0,35.0,drive_frames,drive_1773148051640,31
car\data\drive_frames\1773148052676_125_35.png,120.0,35.0,drive_frames,drive_1773148052676,31
car\data\drive_frames\1773148053709_115_35.png,115.0,35.0,drive_frames,drive_1773148053709,31
car\data\drive_frames\1773148054744_85_35.png,85.0,35.0,drive_frames,drive_1773148054744,31
car\data\drive_frames\1773148055777_85_35.png,85.0,35.0,drive_frames,drive_1773148055777,31
car\data\drive_frames\1773148056813_90_35.png,90.0,35.0,drive_frames,drive_1773148056813,31
car\data\drive_frames\1773148057845_95_35.png,95.0,35.0,drive_frames,drive_1773148057845,31
car\data\drive_frames\1773148058877_85_35.png,85.0,35.0,drive_frames,drive_1773148058877,31
car\data\drive_frames\1773148059913_80_35.png,80.0,35.0,drive_frames,drive_1773148059913,31
car\data\drive_frames\1773148060945_105_35.png,105.0,35.0,drive_frames,drive_1773148060945,31
car\data\drive_frames\1773148061981_125_35.png,120.0,35.0,drive_frames,drive_1773148061981,31
car\data\drive_frames\1773148063014_105_35.png,105.0,35.0,drive_frames,drive_1773148063014,31
car\data\drive_frames\1773148064050_120_35.png,120.0,35.0,drive_frames,drive_1773148064050,31
car\data\drive_frames\1773148065082_120_35.png,120.0,35.0,drive_frames,drive_1773148065082,31
car\data\drive_frames\1773148066150_95_35.png,95.0,35.0,drive_frames,drive_1773148066150,31
car\data\drive_frames\1773148067182_95_35.png,95.0,35.0,drive_frames,drive_1773148067182,31
car\data\drive_frames\1773148068218_95_35.png,95.0,35.0,drive_frames,drive_1773148068218,31
car\data\drive_frames\1773148069250_85_35.png,85.0,35.0,drive_frames,drive_1773148069250,31
car\data\drive_frames\1773148070287_90_35.png,90.0,35.0,drive_frames,drive_1773148070287,31
car\data\drive_frames\1773148071319_80_35.png,80.0,35.0,drive_frames,drive_1773148071319,31
car\data\drive_frames\1773148072357_90_35.png,90.0,35.0,drive_frames,drive_1773148072357,31
car\data\drive_frames\1773148073387_95_35.png,95.0,35.0,drive_frames,drive_1773148073387,31
car\data\drive_frames\1773148074423_105_35.png,105.0,35.0,drive_frames,drive_1773148074423,31
car\data\drive_frames\1773148075456_120_35.png,120.0,35.0,drive_frames,drive_1773148075456,31
car\data\drive_frames\1773148076491_120_35.png,120.0,35.0,drive_frames,drive_1773148076491,31
car\data\drive_frames\1773148077524_115_35.png,115.0,35.0,drive_frames,drive_1773148077524,31
car\data\drive_frames\1773148078556_125_35.png,120.0,35.0,drive_frames,drive_1773148078556,31
car\data\drive_frames\1773148079596_125_35.png,120.0,35.0,drive_frames,drive_1773148079596,31
car\data\drive_frames\1773148080624_95_35.png,95.0,35.0,drive_frames,drive_1773148080624,31
car\data\drive_frames\1773148081660_95_35.png,95.0,35.0,drive_frames,drive_1773148081660,31
car\data\drive_frames\1773148082692_70_35.png,70.0,35.0,drive_frames,drive_1773148082692,31
car\data\drive_frames\1773148083728_75_35.png,75.0,35.0,drive_frames,drive_1773148083728,31
car\data\drive_frames\1773148084760_95_35.png,95.0,35.0,drive_frames,drive_1773148084760,31
car\data\drive_frames\1773148085797_95_0.png,95.0,0.0,drive_frames,drive_1773148085797,31
