image_id,reason,path
0,missing_file,
1,missing_file,
2,missing_file,
3,missing_file,
4,missing_file,
5,missing_file,
6,missing_file,
7,missing_file,
8,missing_file,
9,missing_file,
10,missing_file,
11,missing_file,
12,missing_file,
13,missing_file,
14,missing_file,
15,missing_file,
16,missing_file,
17,missing_file,
18,missing_file,
19,missing_file,
20,missing_file,
21,missing_file,
22,missing_file,
23,missing_file,
24,missing_file,
25,missing_file,
26,missing_file,
27,missing_file,
28,missing_file,
29,missing_file,
30,missing_file,
31,missing_file,
32,missing_file,
33,missing_file,
34,missing_file,
35,missing_file,
36,missing_file,
37,missing_file,
38,missing_file,
39,missing_file,
40,missing_file,
41,missing_file,
42,missing_file,
43,missing_file,
44,missing_file,
45,missing_file,
46,missing_file,
47,missing_file,
48,missing_file,
49,missing_file,
50,missing_file,
51,missing_file,
52,missing_file,
53,missing_file,
54,missing_file,
55,missing_file,
56,missing_file,
57,missing_file,
58,missing_file,
59,missing_file,
60,missing_file,
61,missing_file,
62,missing_file,
63,missing_file,
64,missing_file,
65,missing_file,
66,missing_file,
67,missing_file,
68,missing_file,
69,missing_file,
70,missing_file,
71,missing_file,
72,missing_file,
73,missing_file,
74,missing_file,
75,missing_file,
76,missing_file,
77,missing_file,
78,missing_file,
79,missing_file,
80,missing_file,
81,missing_file,
82,missing_file,
83,missing_file,
84,missing_file,
85,missing_file,
86,missing_file,
87,missing_file,
88,missing_file,
89,missing_file,
90,missing_file,
91,missing_file,
92,missing_file,
93,missing_file,
94,missing_file,
95,missing_file,
96,missing_file,
97,missing_file,
98,missing_file,
99,missing_file,
100,missing_file,
101,missing_file,
102,missing_file,
103,missing_file,
104,missing_file,
105,missing_file,
106,missing_file,
107,missing_file,
108,missing_file,
109,missing_file,
110,missing_file,
111,missing_file,
112,missing_file,
113,missing_file,
114,missing_file,
115,missing_file,
116,missing_file,
117,missing_file,
118,missing_file,
119,missing_file,
120,missing_file,
121,missing_file,
122,missing_file,
123,missing_file,
124,missing_file,
125,missing_file,
126,missing_file,
127,missing_file,
128,missing_file,
129,missing_file,
130,missing_file,
131,missing_file,
132,missing_file,
133,missing_file,
134,missing_file,
135,missing_file,
136,missing_file,
137,missing_file,
138,missing_file,
139,missing_file,
140,missing_file,
141,missing_file,
142,missing_file,
143,missing_file,
144,missing_file,
145,missing_file,
146,missing_file,
147,missing_file,
148,missing_file,
149,missing_file,
150,missing_file,
151,missing_file,
152,missing_file,
153,missing_file,
154,missing_file,
155,missing_file,
156,missing_file,
157,missing_file,
158,missing_file,
159,missing_file,
160,missing_file,
161,missing_file,
162,missing_file,
163,missing_file,
164,missing_file,
165,missing_file,
166,missing_file,
167,missing_file,
168,missing_file,
169,missing_file,
170,missing_file,
171,missing_file,
172,missing_file,
173,missing_file,
174,missing_file,
175,missing_file,
176,missing_file,
177,missing_file,
178,missing_file,
179,missing_file,
180,missing_file,
181,missing_file,
182,missing_file,
183,missing_file,
184,missing_file,
185,missing_file,
186,missing_file,
187,missing_file,
188,missing_file,
189,missing_file,
190,missing_file,
191,missing_file,
192,missing_file,
193,missing_file,
194,missing_file,
195,missing_file,
196,missing_file,
197,missing_file,
198,missing_file,
199,missing_file,
200,missing_file,
201,missing_file,
202,missing_file,
203,missing_file,
204,missing_file,
205,missing_file,
206,missing_file,
207,missing_file,
208,missing_file,
209,missing_file,
210,missing_file,
211,missing_file,
212,missing_file,
213,missing_file,
214,missing_file,
215,missing_file,
216,missing_file,
217,missing_file,
218,missing_file,
219,missing_file,
220,missing_file,
221,missing_file,
222,missing_file,
223,missing_file,
224,missing_file,
225,missing_file,
226,missing_file,
227,missing_file,
228,missing_file,
229,missing_file,
230,missing_file,
231,missing_file,
232,missing_file,
233,missing_file,
234,missing_file,
235,missing_file,
236,missing_file,
237,missing_file,
238,missing_file,
239,missing_file,
240,missing_file,
241,missing_file,
242,missing_file,
243,missing_file,
244,missing_file,
245,missing_file,
246,missing_file,
247,missing_file,
248,missing_file,
249,missing_file,
250,missing_file,
251,missing_file,
252,missing_file,
253,missing_file,
254,missing_file,
255,missing_file,
256,missing_file,
257,missing_file,
258,missing_file,
259,missing_file,
260,missing_file,
261,missing_file,
262,missing_file,
263,missing_file,
264,missing_file,
265,missing_file,
266,missing_file,
267,missing_file,
268,missing_file,
269,missing_file,
270,missing_file,
271,missing_file,
272,missing_file,
273,missing_file,
274,missing_file,
275,missing_file,
276,missing_file,
277,missing_file,
278,missing_file,
279,missing_file,
280,missing_file,
281,missing_file,
282,missing_file,
283,missing_file,
284,missing_file,
285,missing_file,
286,missing_file,
287,missing_file,
288,missing_file,
289,missing_file,
290,missing_file,
291,missing_file,
292,missing_file,
293,missing_file,
294,missing_file,
295,missing_file,
296,missing_file,
297,missing_file,
298,missing_file,
299,missing_file,
300,missing_file,
301,missing_file,
302,missing_file,
303,missing_file,
304,missing_file,
305,missing_file,
306,missing_file,
307,missing_file,
308,missing_file,
309,missing_file,
310,missing_file,
311,missing_file,
312,missing_file,
313,missing_file,
314,missing_file,
315,missing_file,
316,missing_file,
317,missing_file,
318,missing_file,
319,missing_file,
320,missing_file,
321,missing_file,
322,missing_file,
323,missing_file,
324,missing_file,
325,missing_file,
326,missing_file,
327,missing_file,
328,missing_file,
329,missing_file,
330,missing_file,
331,missing_file,
332,missing_file,
333,missing_file,
334,missing_file,
335,missing_file,
336,missing_file,
337,missing_file,
338,missing_file,
339,missing_file,
340,missing_file,
341,missing_file,
342,missing_file,
343,missing_file,
344,missing_file,
345,missing_file,
346,missing_file,
347,missing_file,
348,missing_file,
349,missing_file,
350,missing_file,
351,missing_file,
352,missing_file,
353,missing_file,
354,missing_file,
355,missing_file,
356,missing_file,
357,missing_file,
358,missing_file,
359,missing_file,
360,missing_file,
361,missing_file,
362,missing_file,
363,missing_file,
364,missing_file,
365,missing_file,
366,missing_file,
367,missing_file,
368,missing_file,
369,missing_file,
370,missing_file,
371,missing_file,
372,missing_file,
373,missing_file,
374,missing_file,
375,missing_file,
376,missing_file,
377,missing_file,
378,missing_file,
379,missing_file,
380,missing_file,
381,missing_file,
382,missing_file,
383,missing_file,
384,missing_file,
385,missing_file,
386,missing_file,
387,missing_file,
388,missing_file,
389,missing_file,
390,missing_file,
391,missing_file,
392,missing_file,
393,missing_file,
394,missing_file,
395,missing_file,
396,missing_file,
397,missing_file,
398,missing_file,
399,missing_file,
400,missing_file,
401,missing_file,
402,missing_file,
403,missing_file,
404,missing_file,
405,missing_file,
406,missing_file,
407,missing_file,
408,missing_file,
409,missing_file,
410,missing_file,
411,missing_file,
412,missing_file,
413,missing_file,
414,missing_file,
415,missing_file,
416,missing_file,
417,missing_file,
418,missing_file,
419,missing_file,
420,missing_file,
421,missing_file,
422,missing_file,
423,missing_file,
424,missing_file,
425,missing_file,
426,missing_file,
427,missing_file,
428,missing_file,
429,missing_file,
430,missing_file,
431,missing_file,
432,missing_file,
433,missing_file,
434,missing_file,
435,missing_file,
436,missing_file,
437,missing_file,
438,missing_file,
439,missing_file,
440,missing_file,
441,missing_file,
442,missing_file,
443,missing_file,
444,missing_file,
445,missing_file,
446,missing_file,
447,missing_file,
448,missing_file,
449,missing_file,
450,missing_file,
451,missing_file,
452,missing_file,
453,missing_file,
454,missing_file,
455,missing_file,
456,missing_file,
457,missing_file,
458,missing_file,
459,missing_file,
460,missing_file,
461,missing_file,
462,missing_file,
463,missing_file,
464,missing_file,
465,missing_file,
466,missing_file,
467,missing_file,
468,missing_file,
469,missing_file,
470,missing_file,
471,missing_file,
472,missing_file,
473,missing_file,
474,missing_file,
475,missing_file,
476,missing_file,
477,missing_file,
478,missing_file,
479,missing_file,
480,missing_file,
481,missing_file,
482,missing_file,
483,missing_file,
484,missing_file,
485,missing_file,
486,missing_file,
487,missing_file,
488,missing_file,
489,missing_file,
490,missing_file,
491,missing_file,
492,missing_file,
493,missing_file,
494,missing_file,
495,missing_file,
496,missing_file,
497,missing_file,
498,missing_file,
499,missing_file,
500,missing_file,
501,missing_file,
502,missing_file,
503,missing_file,
504,missing_file,
505,missing_file,
506,missing_file,
507,missing_file,
508,missing_file,
509,missing_file,
510,missing_file,
511,missing_file,
512,missing_file,
513,missing_file,
514,missing_file,
515,missing_file,
516,missing_file,
517,missing_file,
518,missing_file,
519,missing_file,
520,missing_file,
521,missing_file,
522,missing_file,
523,missing_file,
524,missing_file,
525,missing_file,
526,missing_file,
527,missing_file,
528,missing_file,
529,missing_file,
530,missing_file,
531,missing_file,
532,missing_file,
533,missing_file,
534,missing_file,
535,missing_file,
536,missing_file,
537,missing_file,
538,missing_file,
539,missing_file,
540,missing_file,
541,missing_file,
542,missing_file,
543,missing_file,
544,missing_file,
545,missing_file,
546,missing_file,
547,missing_file,
548,missing_file,
549,missing_file,
550,missing_file,
551,missing_file,
552,missing_file,
553,missing_file,
554,missing_file,
555,missing_file,
556,missing_file,
557,missing_file,
558,missing_file,
559,missing_file,
560,missing_file,
561,missing_file,
562,missing_file,
563,missing_file,
564,missing_file,
565,missing_file,
566,missing_file,
567,missing_file,
568,missing_file,
569,missing_file,
570,missing_file,
571,missing_file,
572,missing_file,
573,missing_file,
574,missing_file,
575,missing_file,
576,missing_file,
577,missing_file,
578,missing_file,
579,missing_file,
580,missing_file,
581,missing_file,
582,missing_file,
583,missing_file,
584,missing_file,
585,missing_file,
586,missing_file,
587,missing_file,
588,missing_file,
589,missing_file,
590,missing_file,
591,missing_file,
592,missing_file,
593,missing_file,
594,missing_file,
595,missing_file,
596,missing_file,
597,missing_file,
598,missing_file,
599,missing_file,
600,missing_file,
601,missing_file,
602,missing_file,
603,missing_file,
604,missing_file,
605,missing_file,
606,missing_file,
607,missing_file,
608,missing_file,
609,missing_file,
610,missing_file,
611,missing_file,
612,missing_file,
613,missing_file,
614,missing_file,
615,missing_file,
616,missing_file,
617,missing_file,
618,missing_file,
619,missing_file,
620,missing_file,
621,missing_file,
622,missing_file,
623,missing_file,
624,missing_file,
625,missing_file,
626,missing_file,
627,missing_file,
628,missing_file,
629,missing_file,
630,missing_file,
631,missing_file,
632,missing_file,
633,missing_file,
634,missing_file,
635,missing_file,
636,missing_file,
637,missing_file,
638,missing_file,
639,missing_file,
640,missing_file,
641,missing_file,
642,missing_file,
643,missing_file,
644,missing_file,
645,missing_file,
646,missing_file,
647,missing_file,
648,missing_file,
649,missing_file,
650,missing_file,
651,missing_file,
652,missing_file,
653,missing_file,
654,missing_file,
655,missing_file,
656,missing_file,
657,missing_file,
658,missing_file,
659,missing_file,
660,missing_file,
661,missing_file,
662,missing_file,
663,missing_file,
664,missing_file,
665,missing_file,
666,missing_file,
667,missing_file,
668,missing_file,
669,missing_file,
670,missing_file,
671,missing_file,
672,missing_file,
673,missing_file,
674,missing_file,
675,missing_file,
676,missing_file,
677,missing_file,
678,missing_file,
679,missing_file,
680,missing_file,
681,missing_file,
682,missing_file,
683,missing_file,
684,missing_file,
685,missing_file,
686,missing_file,
687,missing_file,
688,missing_file,
689,missing_file,
690,missing_file,
691,missing_file,
692,missing_file,
693,missing_file,
694,missing_file,
695,missing_file,
696,missing_file,
697,missing_file,
698,missing_file,
699,missing_file,
700,missing_file,
701,missing_file,
702,missing_file,
703,missing_file,
704,missing_file,
705,missing_file,
706,missing_file,
707,missing_file,
708,missing_file,
709,missing_file,
710,missing_file,
711,missing_file,
712,missing_file,
713,missing_file,
714,missing_file,
715,missing_file,
716,missing_file,
717,missing_file,
718,missing_file,
719,missing_file,
720,missing_file,
721,missing_file,
722,missing_file,
723,missing_file,
724,missing_file,
725,missing_file,
726,missing_file,
727,missing_file,
728,missing_file,
729,missing_file,
730,missing_file,
731,missing_file,
732,missing_file,
733,missing_file,
734,missing_file,
735,missing_file,
736,missing_file,
737,missing_file,
738,missing_file,
739,missing_file,
740,missing_file,
741,missing_file,
742,missing_file,
743,missing_file,
744,missing_file,
745,missing_file,
746,missing_file,
747,missing_file,
748,missing_file,
749,missing_file,
750,missing_file,
751,missing_file,
752,missing_file,
753,missing_file,
754,missing_file,
755,missing_file,
756,missing_file,
757,missing_file,
758,missing_file,
759,missing_file,
760,missing_file,
761,missing_file,
762,missing_file,
763,missing_file,
764,missing_file,
765,missing_file,
766,missing_file,
767,missing_file,
768,missing_file,
769,missing_file,
770,missing_file,
771,missing_file,
772,missing_file,
773,missing_file,
774,missing_file,
775,missing_file,
776,missing_file,
777,missing_file,
778,missing_file,
779,missing_file,
780,missing_file,
781,missing_file,
782,missing_file,
783,missing_file,
784,missing_file,
785,missing_file,
786,missing_file,
787,missing_file,
788,missing_file,
789,missing_file,
790,missing_file,
791,missing_file,
792,missing_file,
793,missing_file,
794,missing_file,
795,missing_file,
796,missing_file,
797,missing_file,
798,missing_file,
799,missing_file,
800,missing_file,
801,missing_file,
802,missing_file,
803,missing_file,
804,missing_file,
805,missing_file,
806,missing_file,
807,missing_file,
808,missing_file,
809,missing_file,
810,missing_file,
811,missing_file,
812,missing_file,
813,missing_file,
814,missing_file,
815,missing_file,
816,missing_file,
817,missing_file,
818,missing_file,
819,missing_file,
820,missing_file,
821,missing_file,
822,missing_file,
823,missing_file,
824,missing_file,
825,missing_file,
826,missing_file,
827,missing_file,
828,missing_file,
829,missing_file,
830,missing_file,
831,missing_file,
832,missing_file,
833,missing_file,
834,missing_file,
835,missing_file,
836,missing_file,
837,missing_file,
838,missing_file,
839,missing_file,
840,missing_file,
841,missing_file,
842,missing_file,
843,missing_file,
844,missing_file,
845,missing_file,
846,missing_file,
847,missing_file,
848,missing_file,
849,missing_file,
850,missing_file,
851,missing_file,
852,missing_file,
853,missing_file,
854,missing_file,
855,missing_file,
856,missing_file,
857,missing_file,
858,missing_file,
859,missing_file,
860,missing_file,
861,missing_file,
862,missing_file,
863,missing_file,
864,missing_file,
865,missing_file,
866,missing_file,
867,missing_file,
868,missing_file,
869,missing_file,
870,missing_file,
871,missing_file,
872,missing_file,
873,missing_file,
874,missing_file,
875,missing_file,
876,missing_file,
877,missing_file,
878,missing_file,
879,missing_file,
880,missing_file,
881,missing_file,
882,missing_file,
883,missing_file,
884,missing_file,
885,missing_file,
886,missing_file,
887,missing_file,
888,missing_file,
889,missing_file,
890,missing_file,
891,missing_file,
892,missing_file,
893,missing_file,
894,missing_file,
895,missing_file,
896,missing_file,
897,missing_file,
898,missing_file,
899,missing_file,
900,missing_file,
901,missing_file,
902,missing_file,
903,missing_file,
904,missing_file,
905,missing_file,
906,missing_file,
907,missing_file,
908,missing_file,
909,missing_file,
910,missing_file,
911,missing_file,
912,missing_file,
913,missing_file,
914,missing_file,
915,missing_file,
916,missing_file,
917,missing_file,
918,missing_file,
919,missing_file,
920,missing_file,
921,missing_file,
922,missing_file,
923,missing_file,
924,missing_file,
925,missing_file,
926,missing_file,
927,missing_file,
928,missing_file,
929,missing_file,
930,missing_file,
931,missing_file,
932,missing_file,
933,missing_file,
934,missing_file,
935,missing_file,
936,missing_file,
937,missing_file,
938,missing_file,
939,missing_file,
940,missing_file,
941,missing_file,
942,missing_file,
943,missing_file,
944,missing_file,
945,missing_file,
946,missing_file,
947,missing_file,
948,missing_file,
949,missing_file,
950,missing_file,
951,missing_file,
952,missing_file,
953,missing_file,
954,missing_file,
955,missing_file,
956,missing_file,
957,missing_file,
958,missing_file,
959,missing_file,
960,missing_file,
961,missing_file,
962,missing_file,
963,missing_file,
964,missing_file,
965,missing_file,
966,missing_file,
967,missing_file,
968,missing_file,
969,missing_file,
970,missing_file,
971,missing_file,
972,missing_file,
973,missing_file,
974,missing_file,
975,missing_file,
976,missing_file,
977,missing_file,
978,missing_file,
979,missing_file,
980,missing_file,
981,missing_file,
982,missing_file,
983,missing_file,
984,missing_file,
985,missing_file,
986,missing_file,
987,missing_file,
988,missing_file,
989,missing_file,
990,missing_file,
991,missing_file,
992,missing_file,
993,missing_file,
994,missing_file,
995,missing_file,
996,missing_file,
997,missing_file,
998,missing_file,
999,missing_file,
1000,missing_file,
1001,missing_file,
1002,missing_file,
1003,missing_file,
1004,missing_file,
1005,missing_file,
1006,missing_file,
1007,missing_file,
1008,missing_file,
1009,missing_file,
1010,missing_file,
1011,missing_file,
1012,missing_file,
1013,missing_file,
1014,missing_file,
1015,missing_file,
1016,missing_file,
1017,missing_file,
1018,missing_file,
1019,missing_file,
1020,missing_file,
1021,missing_file,
1022,missing_file,
1023,missing_file,
1024,missing_file,
1025,missing_file,
1026,missing_file,
1027,missing_file,
1028,missing_file,
1029,missing_file,
1030,missing_file,
1031,missing_file,
1032,missing_file,
1033,missing_file,
1034,missing_file,
1035,missing_file,
1036,missing_file,
1037,missing_file,
1038,missing_file,
1039,missing_file,
1040,missing_file,
1041,missing_file,
1042,missing_file,
1043,missing_file,
1044,missing_file,
1045,missing_file,
1046,missing_file,
1047,missing_file,
1048,missing_file,
1049,missing_file,
1050,missing_file,
1051,missing_file,
1052,missing_file,
1053,missing_file,
1054,missing_file,
1055,missing_file,
1056,missing_file,
1057,missing_file,
1058,missing_file,
1059,missing_file,
1060,missing_file,
1061,missing_file,
1062,missing_file,
1063,missing_file,
1064,missing_file,
1065,missing_file,
1066,missing_file,
1067,missing_file,
1068,missing_file,
1069,missing_file,
1070,missing_file,
1071,missing_file,
1072,missing_file,
1073,missing_file,
1074,missing_file,
1075,missing_file,
1076,missing_file,
1077,missing_file,
1078,missing_file,
1079,missing_file,
1080,missing_file,
1081,missing_file,
1082,missing_file,
1083,missing_file,
1084,missing_file,
1085,missing_file,
1086,missing_file,
1087,missing_file,
1088,missing_file,
1089,missing_file,
1090,missing_file,
1091,missing_file,
1092,missing_file,
1093,missing_file,
1094,missing_file,
1095,missing_file,
1096,missing_file,
1097,missing_file,
1098,missing_file,
1099,missing_file,
1100,missing_file,
1101,missing_file,
1102,missing_file,
1103,missing_file,
1104,missing_file,
1105,missing_file,
1106,missing_file,
1107,missing_file,
1108,missing_file,
1109,missing_file,
1110,missing_file,
1111,missing_file,
1112,missing_file,
1113,missing_file,
1114,missing_file,
1115,missing_file,
1116,missing_file,
1117,missing_file,
1118,missing_file,
1119,missing_file,
1120,missing_file,
1121,missing_file,
1122,missing_file,
1123,missing_file,
1124,missing_file,
1125,missing_file,
1126,missing_file,
1127,missing_file,
1128,missing_file,
1129,missing_file,
1130,missing_file,
1131,missing_file,
1132,missing_file,
1133,missing_file,
1134,missing_file,
1135,missing_file,
1136,missing_file,
1137,missing_file,
1138,missing_file,
1139,missing_file,
1140,missing_file,
1141,missing_file,
1142,missing_file,
1143,missing_file,
1144,missing_file,
1145,missing_file,
1146,missing_file,
1147,missing_file,
1148,missing_file,
1149,missing_file,
1150,missing_file,
1151,missing_file,
1152,missing_file,
1153,missing_file,
1154,missing_file,
1155,missing_file,
1156,missing_file,
1157,missing_file,
1158,missing_file,
1159,missing_file,
1160,missing_file,
1161,missing_file,
1162,missing_file,
1163,missing_file,
1164,missing_file,
1165,missing_file,
1166,missing_file,
1167,missing_file,
1168,missing_file,
1169,missing_file,
1170,missing_file,
1171,missing_file,
1172,missing_file,
1173,missing_file,
1174,missing_file,
1175,missing_file,
1176,missing_file,
1177,missing_file,
1178,missing_file,
1179,missing_file,
1180,missing_file,
1181,missing_file,
1182,missing_file,
1183,missing_file,
1184,missing_file,
1185,missing_file,
1186,missing_file,
1187,missing_file,
1188,missing_file,
1189,missing_file,
1190,missing_file,
1191,missing_file,
1192,missing_file,
1193,missing_file,
1194,missing_file,
1195,missing_file,
1196,missing_file,
1197,missing_file,
1198,missing_file,
1199,missing_file,
1200,missing_file,
1201,missing_file,
1202,missing_file,
1203,missing_file,
1204,missing_file,
1205,missing_file,
1206,missing_file,
1207,missing_file,
1208,missing_file,
1209,missing_file,
1210,missing_file,
1211,missing_file,
1212,missing_file,
1213,missing_file,
1214,missing_file,
1215,missing_file,
1216,missing_file,
1217,missing_file,
1218,missing_file,
1219,missing_file,
1220,missing_file,
1221,missing_file,
1222,missing_file,
1223,missing_file,
1224,missing_file,
1225,missing_file,
1226,missing_file,
1227,missing_file,
1228,missing_file,
1229,missing_file,
1230,missing_file,
1231,missing_file,
1232,missing_file,
1233,missing_file,
1234,missing_file,
1235,missing_file,
1236,missing_file,
1237,missing_file,
1238,missing_file,
1239,missing_file,
1240,missing_file,
1241,missing_file,
1242,missing_file,
1243,missing_file,
1244,missing_file,
1245,missing_file,
1246,missing_file,
1247,missing_file,
1248,missing_file,
1249,missing_file,
1250,missing_file,
1251,missing_file,
1252,missing_file,
1253,missing_file,
1254,missing_file,
1255,missing_file,
1256,missing_file,
1257,missing_file,
1258,missing_file,
1259,missing_file,
1260,missing_file,
1261,missing_file,
1262,missing_file,
1263,missing_file,
1264,missing_file,
1265,missing_file,
1266,missing_file,
1267,missing_file,
1268,missing_file,
1269,missing_file,
1270,missing_file,
1271,missing_file,
1272,missing_file,
1273,missing_file,
1274,missing_file,
1275,missing_file,
1276,missing_file,
1277,missing_file,
1278,missing_file,
1279,missing_file,
1280,missing_file,
1281,missing_file,
1282,missing_file,
1283,missing_file,
1284,missing_file,
1285,missing_file,
1286,missing_file,
1287,missing_file,
1288,missing_file,
1289,missing_file,
1290,missing_file,
1291,missing_file,
1292,missing_file,
1293,missing_file,
1294,missing_file,
1295,missing_file,
1296,missing_file,
1297,missing_file,
1298,missing_file,
1299,missing_file,
1300,missing_file,
1301,missing_file,
1302,missing_file,
1303,missing_file,
1304,missing_file,
1305,missing_file,
1306,missing_file,
1307,missing_file,
1308,missing_file,
1309,missing_file,
1310,missing_file,
1311,missing_file,
1312,missing_file,
1313,missing_file,
1314,missing_file,
1315,missing_file,
1316,missing_file,
1317,missing_file,
1318,missing_file,
1319,missing_file,
1320,missing_file,
1321,missing_file,
1322,missing_file,
1323,missing_file,
1324,missing_file,
1325,missing_file,
1326,missing_file,
1327,missing_file,
1328,missing_file,
1329,missing_file,
1330,missing_file,
1331,missing_file,
1332,missing_file,
1333,missing_file,
1334,missing_file,
1335,missing_file,
1336,missing_file,
1337,missing_file,
1338,missing_file,
1339,missing_file,
1340,missing_file,
1341,missing_file,
1342,missing_file,
1343,missing_file,
1344,missing_file,
1345,missing_file,
1346,missing_file,
1347,missing_file,
1348,missing_file,
1349,missing_file,
1350,missing_file,
1351,missing_file,
1352,missing_file,
1353,missing_file,
1354,missing_file,
1355,missing_file,
1356,missing_file,
1357,missing_file,
1358,missing_file,
1359,missing_file,
1360,missing_file,
1361,missing_file,
1362,missing_file,
1363,missing_file,
1364,missing_file,
1365,missing_file,
1366,missing_file,
1367,missing_file,
1368,missing_file,
1369,missing_file,
1370,missing_file,
1371,missing_file,
1372,missing_file,
1373,missing_file,
1374,missing_file,
1375,missing_file,
1376,missing_file,
1377,missing_file,
1378,missing_file,
1379,missing_file,
1380,missing_file,
1381,missing_file,
1382,missing_file,
1383,missing_file,
1384,missing_file,
1385,missing_file,
1386,missing_file,
1387,missing_file,
1388,missing_file,
1389,missing_file,
1390,missing_file,
1391,missing_file,
1392,missing_file,
1393,missing_file,
1394,missing_file,
1395,missing_file,
1396,missing_file,
1397,missing_file,
1398,missing_file,
1399,missing_file,
1400,missing_file,
1401,missing_file,
1402,missing_file,
1403,missing_file,
1404,missing_file,
1405,missing_file,
1406,missing_file,
1407,missing_file,
1408,missing_file,
1409,missing_file,
1410,missing_file,
1411,missing_file,
1412,missing_file,
1413,missing_file,
1414,missing_file,
1415,missing_file,
1416,missing_file,
1417,missing_file,
1418,missing_file,
1419,missing_file,
1420,missing_file,
1421,missing_file,
1422,missing_file,
1423,missing_file,
1424,missing_file,
1425,missing_file,
1426,missing_file,
1427,missing_file,
1428,missing_file,
1429,missing_file,
1430,missing_file,
1431,missing_file,
1432,missing_file,
1433,missing_file,
1434,missing_file,
1435,missing_file,
1436,missing_file,
1437,missing_file,
1438,missing_file,
1439,missing_file,
1440,missing_file,
1441,missing_file,
1442,missing_file,
1443,missing_file,
1444,missing_file,
1445,missing_file,
1446,missing_file,
1447,missing_file,
1448,missing_file,
1449,missing_file,
1450,missing_file,
1451,missing_file,
1452,missing_file,
1453,missing_file,
1454,missing_file,
1455,missing_file,
1456,missing_file,
1457,missing_file,
1458,missing_file,
1459,missing_file,
1460,missing_file,
1461,missing_file,
1462,missing_file,
1463,missing_file,
1464,missing_file,
1465,missing_file,
1466,missing_file,
1467,missing_file,
1468,missing_file,
1469,missing_file,
1470,missing_file,
1471,missing_file,
1472,missing_file,
1473,missing_file,
1474,missing_file,
1475,missing_file,
1476,missing_file,
1477,missing_file,
1478,missing_file,
1479,missing_file,
1480,missing_file,
1481,missing_file,
1482,missing_file,
1483,missing_file,
1484,missing_file,
1485,missing_file,
1486,missing_file,
1487,missing_file,
1488,missing_file,
1489,missing_file,
1490,missing_file,
1491,missing_file,
1492,missing_file,
1493,missing_file,
1494,missing_file,
1495,missing_file,
1496,missing_file,
1497,missing_file,
1498,missing_file,
1499,missing_file,
1500,missing_file,
1501,missing_file,
1502,missing_file,
1503,missing_file,
1504,missing_file,
1505,missing_file,
1506,missing_file,
1507,missing_file,
1508,missing_file,
1509,missing_file,
1510,missing_file,
1511,missing_file,
1512,missing_file,
1513,missing_file,
1514,missing_file,
1515,missing_file,
1516,missing_file,
1517,missing_file,
1518,missing_file,
1519,missing_file,
1520,missing_file,
1521,missing_file,
1522,missing_file,
1523,missing_file,
1524,missing_file,
1525,missing_file,
1526,missing_file,
1527,missing_file,
1528,missing_file,
1529,missing_file,
1530,missing_file,
1531,missing_file,
1532,missing_file,
1533,missing_file,
1534,missing_file,
1535,missing_file,
1536,missing_file,
1537,missing_file,
1538,missing_file,
1539,missing_file,
1540,missing_file,
1541,missing_file,
1542,missing_file,
1543,missing_file,
1544,missing_file,
1545,missing_file,
1546,missing_file,
1547,missing_file,
1548,missing_file,
1549,missing_file,
1550,missing_file,
1551,missing_file,
1552,missing_file,
1553,missing_file,
1554,missing_file,
1555,missing_file,
1556,missing_file,
1557,missing_file,
1558,missing_file,
1559,missing_file,
1560,missing_file,
1561,missing_file,
1562,missing_file,
1563,missing_file,
1564,missing_file,
1565,missing_file,
1566,missing_file,
1567,missing_file,
1568,missing_file,
1569,missing_file,
1570,missing_file,
1571,missing_file,
1572,missing_file,
1573,missing_file,
1574,missing_file,
1575,missing_file,
1576,missing_file,
1577,missing_file,
1578,missing_file,
1579,missing_file,
1580,missing_file,
1581,missing_file,
1582,missing_file,
1583,missing_file,
1584,missing_file,
1585,missing_file,
1586,missing_file,
1587,missing_file,
1588,missing_file,
1589,missing_file,
1590,missing_file,
1591,missing_file,
1592,missing_file,
1593,missing_file,
1594,missing_file,
1595,missing_file,
1596,missing_file,
1597,missing_file,
1598,missing_file,
1599,missing_file,
1600,missing_file,
1601,missing_file,
1602,missing_file,
1603,missing_file,
1604,missing_file,
1605,missing_file,
1606,missing_file,
1607,missing_file,
1608,missing_file,
1609,missing_file,
1610,missing_file,
1611,missing_file,
1612,missing_file,
1613,missing_file,
1614,missing_file,
1615,missing_file,
1616,missing_file,
1617,missing_file,
1618,missing_file,
1619,missing_file,
1620,missing_file,
1621,missing_file,
1622,missing_file,
1623,missing_file,
1624,missing_file,
1625,missing_file,
1626,missing_file,
1627,missing_file,
1628,missing_file,
1629,missing_file,
1630,missing_file,
1631,missing_file,
1632,missing_file,
1633,missing_file,
1634,missing_file,
1635,missing_file,
1636,missing_file,
1637,missing_file,
1638,missing_file,
1639,missing_file,
1640,missing_file,
1641,missing_file,
1642,missing_file,
1643,missing_file,
1644,missing_file,
1645,missing_file,
1646,missing_file,
1647,missing_file,
1648,missing_file,
1649,missing_file,
1650,missing_file,
1651,missing_file,
1652,missing_file,
1653,missing_file,
1654,missing_file,
1655,missing_file,
1656,missing_file,
1657,missing_file,
1658,missing_file,
1659,missing_file,
1660,missing_file,
1661,missing_file,
1662,missing_file,
1663,missing_file,
1664,missing_file,
1665,missing_file,
1666,missing_file,
1667,missing_file,
1668,missing_file,
1669,missing_file,
1670,missing_file,
1671,missing_file,
1672,missing_file,
1673,missing_file,
1674,missing_file,
1675,missing_file,
1676,missing_file,
1677,missing_file,
1678,missing_file,
1679,missing_file,
1680,missing_file,
1681,missing_file,
1682,missing_file,
1683,missing_file,
1684,missing_file,
1685,missing_file,
1686,missing_file,
1687,missing_file,
1688,missing_file,
1689,missing_file,
1690,missing_file,
1691,missing_file,
1692,missing_file,
1693,missing_file,
1694,missing_file,
1695,missing_file,
1696,missing_file,
1697,missing_file,
1698,missing_file,
1699,missing_file,
1700,missing_file,
1701,missing_file,
1702,missing_file,
1703,missing_file,
1704,missing_file,
1705,missing_file,
1706,missing_file,
1707,missing_file,
1708,missing_file,
1709,missing_file,
1710,missing_file,
1711,missing_file,
1712,missing_file,
1713,missing_file,
1714,missing_file,
1715,missing_file,
1716,missing_file,
1717,missing_file,
1718,missing_file,
1719,missing_file,
1720,missing_file,
1721,missing_file,
1722,missing_file,
1723,missing_file,
1724,missing_file,
1725,missing_file,
1726,missing_file,
1727,missing_file,
1728,missing_file,
1729,missing_file,
1730,missing_file,
1731,missing_file,
1732,missing_file,
1733,missing_file,
1734,missing_file,
1735,missing_file,
1736,missing_file,
1737,missing_file,
1738,missing_file,
1739,missing_file,
1740,missing_file,
1741,missing_file,
1742,missing_file,
1743,missing_file,
1744,missing_file,
1745,missing_file,
1746,missing_file,
1747,missing_file,
1748,missing_file,
1749,missing_file,
1750,missing_file,
1751,missing_file,
1752,missing_file,
1753,missing_file,
1754,missing_file,
1755,missing_file,
1756,missing_file,
1757,missing_file,
1758,missing_file,
1759,missing_file,
1760,missing_file,
1761,missing_file,
1762,missing_file,
1763,missing_file,
1764,missing_file,
1765,missing_file,
1766,missing_file,
1767,missing_file,
1768,missing_file,
1769,missing_file,
1770,missing_file,
1771,missing_file,
1772,missing_file,
1773,missing_file,
1774,missing_file,
1775,missing_file,
1776,missing_file,
1777,missing_file,
1778,missing_file,
1779,missing_file,
1780,missing_file,
1781,missing_file,
1782,missing_file,
1783,missing_file,
1784,missing_file,
1785,missing_file,
1786,missing_file,
1787,missing_file,
1788,missing_file,
1789,missing_file,
1790,missing_file,
1791,missing_file,
1792,missing_file,
1793,missing_file,
1794,missing_file,
1795,missing_file,
1796,missing_file,
1797,missing_file,
1798,missing_file,
1799,missing_file,
1800,missing_file,
1801,missing_file,
1802,missing_file,
1803,missing_file,
1804,missing_file,
1805,missing_file,
1806,missing_file,
1807,missing_file,
1808,missing_file,
1809,missing_file,
1810,missing_file,
1811,missing_file,
1812,missing_file,
1813,missing_file,
1814,missing_file,
1815,missing_file,
1816,missing_file,
1817,missing_file,
1818,missing_file,
1819,missing_file,
1820,missing_file,
1821,missing_file,
1822,missing_file,
1823,missing_file,
1824,missing_file,
1825,missing_file,
1826,missing_file,
1827,missing_file,
1828,missing_file,
1829,missing_file,
1830,missing_file,
1831,missing_file,
1832,missing_file,
1833,missing_file,
1834,missing_file,
1835,missing_file,
1836,missing_file,
1837,missing_file,
1838,missing_file,
1839,missing_file,
1840,missing_file,
1841,missing_file,
1842,missing_file,
1843,missing_file,
1844,missing_file,
1845,missing_file,
1846,missing_file,
1847,missing_file,
1848,missing_file,
1849,missing_file,
1850,missing_file,
1851,missing_file,
1852,missing_file,
1853,missing_file,
1854,missing_file,
1855,missing_file,
1856,missing_file,
1857,missing_file,
1858,missing_file,
1859,missing_file,
1860,missing_file,
1861,missing_file,
1862,missing_file,
1863,missing_file,
1864,missing_file,
1865,missing_file,
1866,missing_file,
1867,missing_file,
1868,missing_file,
1869,missing_file,
1870,missing_file,
1871,missing_file,
1872,missing_file,
1873,missing_file,
1874,missing_file,
1875,missing_file,
1876,missing_file,
1877,missing_file,
1878,missing_file,
1879,missing_file,
1880,missing_file,
1881,missing_file,
1882,missing_file,
1883,missing_file,
1884,missing_file,
1885,missing_file,
1886,missing_file,
1887,missing_file,
1888,missing_file,
1889,missing_file,
1890,missing_file,
1891,missing_file,
1892,missing_file,
1893,missing_file,
1894,missing_file,
1895,missing_file,
1896,missing_file,
1897,missing_file,
1898,missing_file,
1899,missing_file,
1900,missing_file,
1901,missing_file,
1902,missing_file,
1903,missing_file,
1904,missing_file,
1905,missing_file,
1906,missing_file,
1907,missing_file,
1908,missing_file,
1909,missing_file,
1910,missing_file,
1911,missing_file,
1912,missing_file,
1913,missing_file,
1914,missing_file,
1915,missing_file,
1916,missing_file,
1917,missing_file,
1918,missing_file,
1919,missing_file,
1920,missing_file,
1921,missing_file,
1922,missing_file,
1923,missing_file,
1924,missing_file,
1925,missing_file,
1926,missing_file,
1927,missing_file,
1928,missing_file,
1929,missing_file,
1930,missing_file,
1931,missing_file,
1932,missing_file,
1933,missing_file,
1934,missing_file,
1935,missing_file,
1936,missing_file,
1937,missing_file,
1938,missing_file,
1939,missing_file,
1940,missing_file,
1941,missing_file,
1942,missing_file,
1943,missing_file,
1944,missing_file,
1945,missing_file,
1946,missing_file,
1947,missing_file,
1948,missing_file,
1949,missing_file,
1950,missing_file,
1951,missing_file,
1952,missing_file,
1953,missing_file,
1954,missing_file,
1955,missing_file,
1956,missing_file,
1957,missing_file,
1958,missing_file,
1959,missing_file,
1960,missing_file,
1961,missing_file,
1962,missing_file,
1963,missing_file,
1964,missing_file,
1965,missing_file,
1966,missing_file,
1967,missing_file,
1968,missing_file,
1969,missing_file,
1970,missing_file,
1971,missing_file,
1972,missing_file,
1973,missing_file,
1974,missing_file,
1975,missing_file,
1976,missing_file,
1977,missing_file,
1978,missing_file,
1979,missing_file,
1980,missing_file,
1981,missing_file,
1982,missing_file,
1983,missing_file,
1984,missing_file,
1985,missing_file,
1986,missing_file,
1987,missing_file,
1988,missing_file,
1989,missing_file,
1990,missing_file,
1991,missing_file,
1992,missing_file,
1993,missing_file,
1994,missing_file,
1995,missing_file,
1996,missing_file,
1997,missing_file,
1998,missing_file,
1999,missing_file,
2000,missing_file,
2001,missing_file,
2002,missing_file,
2003,missing_file,
2004,missing_file,
2005,missing_file,
2006,missing_file,
2007,missing_file,
2008,missing_file,
2009,missing_file,
2010,missing_file,
2011,missing_file,
2012,missing_file,
2013,missing_file,
2014,missing_file,
2015,missing_file,
2016,missing_file,
2017,missing_file,
2018,missing_file,
2019,missing_file,
2020,missing_file,
2021,missing_file,
2022,missing_file,
2023,missing_file,
2024,missing_file,
2025,missing_file,
2026,missing_file,
2027,missing_file,
2028,missing_file,
2029,missing_file,
2030,missing_file,
2031,missing_file,
2032,missing_file,
2033,missing_file,
2034,missing_file,
2035,missing_file,
2036,missing_file,
2037,missing_file,
2038,missing_file,
2039,missing_file,
2040,missing_file,
2041,missing_file,
2042,missing_file,
2043,missing_file,
2044,missing_file,
2045,missing_file,
2046,missing_file,
2047,missing_file,
2048,missing_file,
2049,missing_file,
2050,missing_file,
2051,missing_file,
2052,missing_file,
2053,missing_file,
2054,missing_file,
2055,missing_file,
2056,missing_file,
2057,missing_file,
2058,missing_file,
2059,missing_file,
2060,missing_file,
2061,missing_file,
2062,missing_file,
2063,missing_file,
2064,missing_file,
2065,missing_file,
2066,missing_file,
2067,missing_file,
2068,missing_file,
2069,missing_file,
2070,missing_file,
2071,missing_file,
2072,missing_file,
2073,missing_file,
2074,missing_file,
2075,missing_file,
2076,missing_file,
2077,missing_file,
2078,missing_file,
2079,missing_file,
2080,missing_file,
2081,missing_file,
2082,missing_file,
2083,missing_file,
2084,missing_file,
2085,missing_file,
2086,missing_file,
2087,missing_file,
2088,missing_file,
2089,missing_file,
2090,missing_file,
2091,missing_file,
2092,missing_file,
2093,missing_file,
2094,missing_file,
2095,missing_file,
2096,missing_file,
2097,missing_file,
2098,missing_file,
2099,missing_file,
2100,missing_file,
2101,missing_file,
2102,missing_file,
2103,missing_file,
2104,missing_file,
2105,missing_file,
2106,missing_file,
2107,missing_file,
2108,missing_file,
2109,missing_file,
2110,missing_file,
2111,missing_file,
2112,missing_file,
2113,missing_file,
2114,missing_file,
2115,missing_file,
2116,missing_file,
2117,missing_file,
2118,missing_file,
2119,missing_file,
2120,missing_file,
2121,missing_file,
2122,missing_file,
2123,missing_file,
2124,missing_file,
2125,missing_file,
2126,missing_file,
2127,missing_file,
2128,missing_file,
2129,missing_file,
2130,missing_file,
2131,missing_file,
2132,missing_file,
2133,missing_file,
2134,missing_file,
2135,missing_file,
2136,missing_file,
2137,missing_file,
2138,missing_file,
2139,missing_file,
2140,missing_file,
2141,missing_file,
2142,missing_file,
2143,missing_file,
2144,missing_file,
2145,missing_file,
2146,missing_file,
2147,missing_file,
2148,missing_file,
2149,missing_file,
2150,missing_file,
2151,missing_file,
2152,missing_file,
2153,missing_file,
2154,missing_file,
2155,missing_file,
2156,missing_file,
2157,missing_file,
2158,missing_file,
2159,missing_file,
2160,missing_file,
2161,missing_file,
2162,missing_file,
2163,missing_file,
2164,missing_file,
2165,missing_file,
2166,missing_file,
2167,missing_file,
2168,missing_file,
2169,missing_file,
2170,missing_file,
2171,missing_file,
2172,missing_file,
2173,missing_file,
2174,missing_file,
2175,missing_file,
2176,missing_file,
2177,missing_file,
2178,missing_file,
2179,missing_file,
2180,missing_file,
2181,missing_file,
2182,missing_file,
2183,missing_file,
2184,missing_file,
2185,missing_file,
2186,missing_file,
2187,missing_file,
2188,missing_file,
2189,missing_file,
2190,missing_file,
2191,missing_file,
2192,missing_file,
2193,missing_file,
2194,missing_file,
2195,missing_file,
2196,missing_file,
2197,missing_file,
2198,missing_file,
2199,missing_file,
2200,missing_file,
2201,missing_file,
2202,missing_file,
2203,missing_file,
2204,missing_file,
2205,missing_file,
2206,missing_file,
2207,missing_file,
2208,missing_file,
2209,missing_file,
2210,missing_file,
2211,missing_file,
2212,missing_file,
2213,missing_file,
2214,missing_file,
2215,missing_file,
2216,missing_file,
2217,missing_file,
2218,missing_file,
2219,missing_file,
2220,missing_file,
2221,missing_file,
2222,missing_file,
2223,missing_file,
2224,missing_file,
2225,missing_file,
2226,missing_file,
2227,missing_file,
2228,missing_file,
2229,missing_file,
2230,missing_file,
2231,missing_file,
2232,missing_file,
2233,missing_file,
2234,missing_file,
2235,missing_file,
2236,missing_file,
2237,missing_file,
2238,missing_file,
2239,missing_file,
2240,missing_file,
2241,missing_file,
2242,missing_file,
2243,missing_file,
2244,missing_file,
2245,missing_file,
2246,missing_file,
2247,missing_file,
2248,missing_file,
2249,missing_file,
2250,missing_file,
2251,missing_file,
2252,missing_file,
2253,missing_file,
2254,missing_file,
2255,missing_file,
2256,missing_file,
2257,missing_file,
2258,missing_file,
2259,missing_file,
2260,missing_file,
2261,missing_file,
2262,missing_file,
2263,missing_file,
2264,missing_file,
2265,missing_file,
2266,missing_file,
2267,missing_file,
2268,missing_file,
2269,missing_file,
2270,missing_file,
2271,missing_file,
2272,missing_file,
2273,missing_file,
2274,missing_file,
2275,missing_file,
2276,missing_file,
2277,missing_file,
2278,missing_file,
2279,missing_file,
2280,missing_file,
2281,missing_file,
2282,missing_file,
2283,missing_file,
2284,missing_file,
2285,missing_file,
2286,missing_file,
2287,missing_file,
2288,missing_file,
2289,missing_file,
2290,missing_file,
2291,missing_file,
2292,missing_file,
2293,missing_file,
2294,missing_file,
2295,missing_file,
2296,missing_file,
2297,missing_file,
2298,missing_file,
2299,missing_file,
2300,missing_file,
2301,missing_file,
2302,missing_file,
2303,missing_file,
2304,missing_file,
2305,missing_file,
2306,missing_file,
2307,missing_file,
2308,missing_file,
2309,missing_file,
2310,missing_file,
2311,missing_file,
2312,missing_file,
2313,missing_file,
2314,missing_file,
2315,missing_file,
2316,missing_file,
2317,missing_file,
2318,missing_file,
2319,missing_file,
2320,missing_file,
2321,missing_file,
2322,missing_file,
2323,missing_file,
2324,missing_file,
2325,missing_file,
2326,missing_file,
2327,missing_file,
2328,missing_file,
2329,missing_file,
2330,missing_file,
2331,missing_file,
2332,missing_file,
2333,missing_file,
2334,missing_file,
2335,missing_file,
2336,missing_file,
2337,missing_file,
2338,missing_file,
2339,missing_file,
2340,missing_file,
2341,missing_file,
2342,missing_file,
2343,missing_file,
2344,missing_file,
2345,missing_file,
2346,missing_file,
2347,missing_file,
2348,missing_file,
2349,missing_file,
2350,missing_file,
2351,missing_file,
2352,missing_file,
2353,missing_file,
2354,missing_file,
2355,missing_file,
2356,missing_file,
2357,missing_file,
2358,missing_file,
2359,missing_file,
2360,missing_file,
2361,missing_file,
2362,missing_file,
2363,missing_file,
2364,missing_file,
2365,missing_file,
2366,missing_file,
2367,missing_file,
2368,missing_file,
2369,missing_file,
2370,missing_file,
2371,missing_file,
2372,missing_file,
2373,missing_file,
2374,missing_file,
2375,missing_file,
2376,missing_file,
2377,missing_file,
2378,missing_file,
2379,missing_file,
2380,missing_file,
2381,missing_file,
2382,missing_file,
2383,missing_file,
2384,missing_file,
2385,missing_file,
2386,missing_file,
2387,missing_file,
2388,missing_file,
2389,missing_file,
2390,missing_file,
2391,missing_file,
2392,missing_file,
2393,missing_file,
2394,missing_file,
2395,missing_file,
2396,missing_file,
2397,missing_file,
2398,missing_file,
2399,missing_file,
2400,missing_file,
2401,missing_file,
2402,missing_file,
2403,missing_file,
2404,missing_file,
2405,missing_file,
2406,missing_file,
2407,missing_file,
2408,missing_file,
2409,missing_file,
2410,missing_file,
2411,missing_file,
2412,missing_file,
2413,missing_file,
2414,missing_file,
2415,missing_file,
2416,missing_file,
2417,missing_file,
2418,missing_file,
2419,missing_file,
2420,missing_file,
2421,missing_file,
2422,missing_file,
2423,missing_file,
2424,missing_file,
2425,missing_file,
2426,missing_file,
2427,missing_file,
2428,missing_file,
2429,missing_file,
2430,missing_file,
2431,missing_file,
2432,missing_file,
2433,missing_file,
2434,missing_file,
2435,missing_file,
2436,missing_file,
2437,missing_file,
2438,missing_file,
2439,missing_file,
2440,missing_file,
2441,missing_file,
2442,missing_file,
2443,missing_file,
2444,missing_file,
2445,missing_file,
2446,missing_file,
2447,missing_file,
2448,missing_file,
2449,missing_file,
2450,missing_file,
2451,missing_file,
2452,missing_file,
2453,missing_file,
2454,missing_file,
2455,missing_file,
2456,missing_file,
2457,missing_file,
2458,missing_file,
2459,missing_file,
2460,missing_file,
2461,missing_file,
2462,missing_file,
2463,missing_file,
2464,missing_file,
2465,missing_file,
2466,missing_file,
2467,missing_file,
2468,missing_file,
2469,missing_file,
2470,missing_file,
2471,missing_file,
2472,missing_file,
2473,missing_file,
2474,missing_file,
2475,missing_file,
2476,missing_file,
2477,missing_file,
2478,missing_file,
2479,missing_file,
2480,missing_file,
2481,missing_file,
2482,missing_file,
2483,missing_file,
2484,missing_file,
2485,missing_file,
2486,missing_file,
2487,missing_file,
2488,missing_file,
2489,missing_file,
2490,missing_file,
2491,missing_file,
2492,missing_file,
2493,missing_file,
2494,missing_file,
2495,missing_file,
2496,missing_file,
2497,missing_file,
2498,missing_file,
2499,missing_file,
2500,missing_file,
2501,missing_file,
2502,missing_file,
2503,missing_file,
2504,missing_file,
2505,missing_file,
2506,missing_file,
2507,missing_file,
2508,missing_file,
2509,missing_file,
2510,missing_file,
2511,missing_file,
2512,missing_file,
2513,missing_file,
2514,missing_file,
2515,missing_file,
2516,missing_file,
2517,missing_file,
2518,missing_file,
2519,missing_file,
2520,missing_file,
2521,missing_file,
2522,missing_file,
2523,missing_file,
2524,missing_file,
2525,missing_file,
2526,missing_file,
2527,missing_file,
2528,missing_file,
2529,missing_file,
2530,missing_file,
2531,missing_file,
2532,missing_file,
2533,missing_file,
2534,missing_file,
2535,missing_file,
2536,missing_file,
2537,missing_file,
2538,missing_file,
2539,missing_file,
2540,missing_file,
2541,missing_file,
2542,missing_file,
2543,missing_file,
2544,missing_file,
2545,missing_file,
2546,missing_file,
2547,missing_file,
2548,missing_file,
2549,missing_file,
2550,missing_file,
2551,missing_file,
2552,missing_file,
2553,missing_file,
2554,missing_file,
2555,missing_file,
2556,missing_file,
2557,missing_file,
2558,missing_file,
2559,missing_file,
2560,missing_file,
2561,missing_file,
2562,missing_file,
2563,missing_file,
2564,missing_file,
2565,missing_file,
2566,missing_file,
2567,missing_file,
2568,missing_file,
2569,missing_file,
2570,missing_file,
2571,missing_file,
2572,missing_file,
2573,missing_file,
2574,missing_file,
2575,missing_file,
2576,missing_file,
2577,missing_file,
2578,missing_file,
2579,missing_file,
2580,missing_file,
2581,missing_file,
2582,missing_file,
2583,missing_file,
2584,missing_file,
2585,missing_file,
2586,missing_file,
2587,missing_file,
2588,missing_file,
2589,missing_file,
2590,missing_file,
2591,missing_file,
2592,missing_file,
2593,missing_file,
2594,missing_file,
2595,missing_file,
2596,missing_file,
2597,missing_file,
2598,missing_file,
2599,missing_file,
2600,missing_file,
2601,missing_file,
2602,missing_file,
2603,missing_file,
2604,missing_file,
2605,missing_file,
2606,missing_file,
2607,missing_file,
2608,missing_file,
2609,missing_file,
2610,missing_file,
2611,missing_file,
2612,missing_file,
2613,missing_file,
2614,missing_file,
2615,missing_file,
2616,missing_file,
2617,missing_file,
2618,missing_file,
2619,missing_file,
2620,missing_file,
2621,missing_file,
2622,missing_file,
2623,missing_file,
2624,missing_file,
2625,missing_file,
2626,missing_file,
2627,missing_file,
2628,missing_file,
2629,missing_file,
2630,missing_file,
2631,missing_file,
2632,missing_file,
2633,missing_file,
2634,missing_file,
2635,missing_file,
2636,missing_file,
2637,missing_file,
2638,missing_file,
2639,missing_file,
2640,missing_file,
2641,missing_file,
2642,missing_file,
2643,missing_file,
2644,missing_file,
2645,missing_file,
2646,missing_file,
2647,missing_file,
2648,missing_file,
2649,missing_file,
2650,missing_file,
2651,missing_file,
2652,missing_file,
2653,missing_file,
2654,missing_file,
2655,missing_file,
2656,missing_file,
2657,missing_file,
2658,missing_file,
2659,missing_file,
2660,missing_file,
2661,missing_file,
2662,missing_file,
2663,missing_file,
2664,missing_file,
2665,missing_file,
2666,missing_file,
2667,missing_file,
2668,missing_file,
2669,missing_file,
2670,missing_file,
2671,missing_file,
2672,missing_file,
2673,missing_file,
2674,missing_file,
2675,missing_file,
2676,missing_file,
2677,missing_file,
2678,missing_file,
2679,missing_file,
2680,missing_file,
2681,missing_file,
2682,missing_file,
2683,missing_file,
2684,missing_file,
2685,missing_file,
2686,missing_file,
2687,missing_file,
2688,missing_file,
2689,missing_file,
2690,missing_file,
2691,missing_file,
2692,missing_file,
2693,missing_file,
2694,missing_file,
2695,missing_file,
2696,missing_file,
2697,missing_file,
2698,missing_file,
2699,missing_file,
2700,missing_file,
2701,missing_file,
2702,missing_file,
2703,missing_file,
2704,missing_file,
2705,missing_file,
2706,missing_file,
2707,missing_file,
2708,missing_file,
2709,missing_file,
2710,missing_file,
2711,missing_file,
2712,missing_file,
2713,missing_file,
2714,missing_file,
2715,missing_file,
2716,missing_file,
2717,missing_file,
2718,missing_file,
2719,missing_file,
2720,missing_file,
2721,missing_file,
2722,missing_file,
2723,missing_file,
2724,missing_file,
2725,missing_file,
2726,missing_file,
2727,missing_file,
2728,missing_file,
2729,missing_file,
2730,missing_file,
2731,missing_file,
2732,missing_file,
2733,missing_file,
2734,missing_file,
2735,missing_file,
2736,missing_file,
2737,missing_file,
2738,missing_file,
2739,missing_file,
2740,missing_file,
2741,missing_file,
2742,missing_file,
2743,missing_file,
2744,missing_file,
2745,missing_file,
2746,missing_file,
2747,missing_file,
2748,missing_file,
2749,missing_file,
2750,missing_file,
2751,missing_file,
2752,missing_file,
2753,missing_file,
2754,missing_file,
2755,missing_file,
2756,missing_file,
2757,missing_file,
2758,missing_file,
2759,missing_file,
2760,missing_file,
2761,missing_file,
2762,missing_file,
2763,missing_file,
2764,missing_file,
2765,missing_file,
2766,missing_file,
2767,missing_file,
2768,missing_file,
2769,missing_file,
2770,missing_file,
2771,missing_file,
2772,missing_file,
2773,missing_file,
2774,missing_file,
2775,missing_file,
2776,missing_file,
2777,missing_file,
2778,missing_file,
2779,missing_file,
2780,missing_file,
2781,missing_file,
2782,missing_file,
2783,missing_file,
2784,missing_file,
2785,missing_file,
2786,missing_file,
2787,missing_file,
2788,missing_file,
2789,missing_file,
2790,missing_file,
2791,missing_file,
2792,missing_file,
2793,missing_file,
2794,missing_file,
2795,missing_file,
2796,missing_file,
2797,missing_file,
2798,missing_file,
2799,missing_file,
2800,missing_file,
2801,missing_file,
2802,missing_file,
2803,missing_file,
2804,missing_file,
2805,missing_file,
2806,missing_file,
2807,missing_file,
2808,missing_file,
2809,missing_file,
2810,missing_file,
2811,missing_file,
2812,missing_file,
2813,missing_file,
2814,missing_file,
2815,missing_file,
2816,missing_file,
2817,missing_file,
2818,missing_file,
2819,missing_file,
2820,missing_file,
2821,missing_file,
2822,missing_file,
2823,missing_file,
2824,missing_file,
2825,missing_file,
2826,missing_file,
2827,missing_file,
2828,missing_file,
2829,missing_file,
2830,missing_file,
2831,missing_file,
2832,missing_file,
2833,missing_file,
2834,missing_file,
2835,missing_file,
2836,missing_file,
2837,missing_file,
2838,missing_file,
2839,missing_file,
2840,missing_file,
2841,missing_file,
2842,missing_file,
2843,missing_file,
2844,missing_file,
2845,missing_file,
2846,missing_file,
2847,missing_file,
2848,missing_file,
2849,missing_file,
2850,missing_file,
2851,missing_file,
2852,missing_file,
2853,missing_file,
2854,missing_file,
2855,missing_file,
2856,missing_file,
2857,missing_file,
2858,missing_file,
2859,missing_file,
2860,missing_file,
2861,missing_file,
2862,missing_file,
2863,missing_file,
2864,missing_file,
2865,missing_file,
2866,missing_file,
2867,missing_file,
2868,missing_file,
2869,missing_file,
2870,missing_file,
2871,missing_file,
2872,missing_file,
2873,missing_file,
2874,missing_file,
2875,missing_file,
2876,missing_file,
2877,missing_file,
2878,missing_file,
2879,missing_file,
2880,missing_file,
2881,missing_file,
2882,missing_file,
2883,missing_file,
2884,missing_file,
2885,missing_file,
2886,missing_file,
2887,missing_file,
2888,missing_file,
2889,missing_file,
2890,missing_file,
2891,missing_file,
2892,missing_file,
2893,missing_file,
2894,missing_file,
2895,missing_file,
2896,missing_file,
2897,missing_file,
2898,missing_file,
2899,missing_file,
2900,missing_file,
2901,missing_file,
2902,missing_file,
2903,missing_file,
2904,missing_file,
2905,missing_file,
2906,missing_file,
2907,missing_file,
2908,missing_file,
2909,missing_file,
2910,missing_file,
2911,missing_file,
2912,missing_file,
2913,missing_file,
2914,missing_file,
2915,missing_file,
2916,missing_file,
2917,missing_file,
2918,missing_file,
2919,missing_file,
2920,missing_file,
2921,missing_file,
2922,missing_file,
2923,missing_file,
2924,missing_file,
2925,missing_file,
2926,missing_file,
2927,missing_file,
2928,missing_file,
2929,missing_file,
2930,missing_file,
2931,missing_file,
2932,missing_file,
2933,missing_file,
2934,missing_file,
2935,missing_file,
2936,missing_file,
2937,missing_file,
2938,missing_file,
2939,missing_file,
2940,missing_file,
2941,missing_file,
2942,missing_file,
2943,missing_file,
2944,missing_file,
2945,missing_file,
2946,missing_file,
2947,missing_file,
2948,missing_file,
2949,missing_file,
2950,missing_file,
2951,missing_file,
2952,missing_file,
2953,missing_file,
2954,missing_file,
2955,missing_file,
2956,missing_file,
2957,missing_file,
2958,missing_file,
2959,missing_file,
2960,missing_file,
2961,missing_file,
2962,missing_file,
2963,missing_file,
2964,missing_file,
2965,missing_file,
2966,missing_file,
2967,missing_file,
2968,missing_file,
2969,missing_file,
2970,missing_file,
2971,missing_file,
2972,missing_file,
2973,missing_file,
2974,missing_file,
2975,missing_file,
2976,missing_file,
2977,missing_file,
2978,missing_file,
2979,missing_file,
2980,missing_file,
2981,missing_file,
2982,missing_file,
2983,missing_file,
2984,missing_file,
2985,missing_file,
2986,missing_file,
2987,missing_file,
2988,missing_file,
2989,missing_file,
2990,missing_file,
2991,missing_file,
2992,missing_file,
2993,missing_file,
2994,missing_file,
2995,missing_file,
2996,missing_file,
2997,missing_file,
2998,missing_file,
2999,missing_file,
3000,missing_file,
3001,missing_file,
3002,missing_file,
3003,missing_file,
3004,missing_file,
3005,missing_file,
3006,missing_file,
3007,missing_file,
3008,missing_file,
3009,missing_file,
3010,missing_file,
3011,missing_file,
3012,missing_file,
3013,missing_file,
3014,missing_file,
3015,missing_file,
3016,missing_file,
3017,missing_file,
3018,missing_file,
3019,missing_file,
3020,missing_file,
3021,missing_file,
3022,missing_file,
3023,missing_file,
3024,missing_file,
3025,missing_file,
3026,missing_file,
3027,missing_file,
3028,missing_file,
3029,missing_file,
3030,missing_file,
3031,missing_file,
3032,missing_file,
3033,missing_file,
3034,missing_file,
3035,missing_file,
3036,missing_file,
3037,missing_file,
3038,missing_file,
3039,missing_file,
3040,missing_file,
3041,missing_file,
3042,missing_file,
3043,missing_file,
3044,missing_file,
3045,missing_file,
3046,missing_file,
3047,missing_file,
3048,missing_file,
3049,missing_file,
3050,missing_file,
3051,missing_file,
3052,missing_file,
3053,missing_file,
3054,missing_file,
3055,missing_file,
3056,missing_file,
3057,missing_file,
3058,missing_file,
3059,missing_file,
3060,missing_file,
3061,missing_file,
3062,missing_file,
3063,missing_file,
3064,missing_file,
3065,missing_file,
3066,missing_file,
3067,missing_file,
3068,missing_file,
3069,missing_file,
3070,missing_file,
3071,missing_file,
3072,missing_file,
3073,missing_file,
3074,missing_file,
3075,missing_file,
3076,missing_file,
3077,missing_file,
3078,missing_file,
3079,missing_file,
3080,missing_file,
3081,missing_file,
3082,missing_file,
3083,missing_file,
3084,missing_file,
3085,missing_file,
3086,missing_file,
3087,missing_file,
3088,missing_file,
3089,missing_file,
3090,missing_file,
3091,missing_file,
3092,missing_file,
3093,missing_file,
3094,missing_file,
3095,missing_file,
3096,missing_file,
3097,missing_file,
3098,missing_file,
3099,missing_file,
3100,missing_file,
3101,missing_file,
3102,missing_file,
3103,missing_file,
3104,missing_file,
3105,missing_file,
3106,missing_file,
3107,missing_file,
3108,missing_file,
3109,missing_file,
3110,missing_file,
3111,missing_file,
3112,missing_file,
3113,missing_file,
3114,missing_file,
3115,missing_file,
3116,missing_file,
3117,missing_file,
3118,missing_file,
3119,missing_file,
3120,missing_file,
3121,missing_file,
3122,missing_file,
3123,missing_file,
3124,missing_file,
3125,missing_file,
3126,missing_file,
3127,missing_file,
3128,missing_file,
3129,missing_file,
3130,missing_file,
3131,missing_file,
3132,missing_file,
3133,missing_file,
3134,missing_file,
3135,missing_file,
3136,missing_file,
3137,missing_file,
3138,missing_file,
3139,missing_file,
3140,missing_file,
3141,missing_file,
3142,missing_file,
3143,missing_file,
3144,missing_file,
3145,missing_file,
3146,missing_file,
3147,missing_file,
3148,missing_file,
3149,missing_file,
3150,missing_file,
3151,missing_file,
3152,missing_file,
3153,missing_file,
3154,missing_file,
3155,missing_file,
3156,missing_file,
3157,missing_file,
3158,missing_file,
3159,missing_file,
3160,missing_file,
3161,missing_file,
3162,missing_file,
3163,missing_file,
3164,missing_file,
3165,missing_file,
3166,missing_file,
3167,missing_file,
3168,missing_file,
3169,missing_file,
3170,missing_file,
3171,missing_file,
3172,missing_file,
3173,missing_file,
3174,missing_file,
3175,missing_file,
3176,missing_file,
3177,missing_file,
3178,missing_file,
3179,missing_file,
3180,missing_file,
3181,missing_file,
3182,missing_file,
3183,missing_file,
3184,missing_file,
3185,missing_file,
3186,missing_file,
3187,missing_file,
3188,missing_file,
3189,missing_file,
3190,missing_file,
3191,missing_file,
3192,missing_file,
3193,missing_file,
3194,missing_file,
3195,missing_file,
3196,missing_file,
3197,missing_file,
3198,missing_file,
3199,missing_file,
3200,missing_file,
3201,missing_file,
3202,missing_file,
3203,missing_file,
3204,missing_file,
3205,missing_file,
3206,missing_file,
3207,missing_file,
3208,missing_file,
3209,missing_file,
3210,missing_file,
3211,missing_file,
3212,missing_file,
3213,missing_file,
3214,missing_file,
3215,missing_file,
3216,missing_file,
3217,missing_file,
3218,missing_file,
3219,missing_file,
3220,missing_file,
3221,missing_file,
3222,missing_file,
3223,missing_file,
3224,missing_file,
3225,missing_file,
3226,missing_file,
3227,missing_file,
3228,missing_file,
3229,missing_file,
3230,missing_file,
3231,missing_file,
3232,missing_file,
3233,missing_file,
3234,missing_file,
3235,missing_file,
3236,missing_file,
3237,missing_file,
3238,missing_file,
3239,missing_file,
3240,missing_file,
3241,missing_file,
3242,missing_file,
3243,missing_file,
3244,missing_file,
3245,missing_file,
3246,missing_file,
3247,missing_file,
3248,missing_file,
3249,missing_file,
3250,missing_file,
3251,missing_file,
3252,missing_file,
3253,missing_file,
3254,missing_file,
3255,missing_file,
3256,missing_file,
3257,missing_file,
3258,missing_file,
3259,missing_file,
3260,missing_file,
3261,missing_file,
3262,missing_file,
3263,missing_file,
3264,missing_file,
3265,missing_file,
3266,missing_file,
3267,missing_file,
3268,missing_file,
3269,missing_file,
3270,missing_file,
3271,missing_file,
3272,missing_file,
3273,missing_file,
3274,missing_file,
3275,missing_file,
3276,missing_file,
3277,missing_file,
3278,missing_file,
3279,missing_file,
3280,missing_file,
3281,missing_file,
3282,missing_file,
3283,missing_file,
3284,missing_file,
3285,missing_file,
3286,missing_file,
3287,missing_file,
3288,missing_file,
3289,missing_file,
3290,missing_file,
3291,missing_file,
3292,missing_file,
3293,missing_file,
3294,missing_file,
3295,missing_file,
3296,missing_file,
3297,missing_file,
3298,missing_file,
3299,missing_file,
3300,missing_file,
3301,missing_file,
3302,missing_file,
3303,missing_file,
3304,missing_file,
3305,missing_file,
3306,missing_file,
3307,missing_file,
3308,missing_file,
3309,missing_file,
3310,missing_file,
3311,missing_file,
3312,missing_file,
3313,missing_file,
3314,missing_file,
3315,missing_file,
3316,missing_file,
3317,missing_file,
3318,missing_file,
3319,missing_file,
3320,missing_file,
3321,missing_file,
3322,missing_file,
3323,missing_file,
3324,missing_file,
3325,missing_file,
3326,missing_file,
3327,missing_file,
3328,missing_file,
3329,missing_file,
3330,missing_file,
3331,missing_file,
3332,missing_file,
3333,missing_file,
3334,missing_file,
3335,missing_file,
3336,missing_file,
3337,missing_file,
3338,missing_file,
3339,missing_file,
3340,missing_file,
3341,missing_file,
3342,missing_file,
3343,missing_file,
3344,missing_file,
3345,missing_file,
3346,missing_file,
3347,missing_file,
3348,missing_file,
3349,missing_file,
3350,missing_file,
3351,missing_file,
3352,missing_file,
3353,missing_file,
3354,missing_file,
3355,missing_file,
3356,missing_file,
3357,missing_file,
3358,missing_file,
3359,missing_file,
3360,missing_file,
3361,missing_file,
3362,missing_file,
3363,missing_file,
3364,missing_file,
3365,missing_file,
3366,missing_file,
3367,missing_file,
3368,missing_file,
3369,missing_file,
3370,missing_file,
3371,missing_file,
3372,missing_file,
3373,missing_file,
3374,missing_file,
3375,missing_file,
3376,missing_file,
3377,missing_file,
3378,missing_file,
3379,missing_file,
3380,missing_file,
3381,missing_file,
3382,missing_file,
3383,missing_file,
3384,missing_file,
3385,missing_file,
3386,missing_file,
3387,missing_file,
3388,missing_file,
3389,missing_file,
3390,missing_file,
3391,missing_file,
3392,missing_file,
3393,missing_file,
3394,missing_file,
3395,missing_file,
3396,missing_file,
3397,missing_file,
3398,missing_file,
3399,missing_file,
3400,missing_file,
3401,missing_file,
3402,missing_file,
3403,missing_file,
3404,missing_file,
3405,missing_file,
3406,missing_file,
3407,missing_file,
3408,missing_file,
3409,missing_file,
3410,missing_file,
3411,missing_file,
3412,missing_file,
3413,missing_file,
3414,missing_file,
3415,missing_file,
3416,missing_file,
3417,missing_file,
3418,missing_file,
3419,missing_file,
3420,missing_file,
3421,missing_file,
3422,missing_file,
3423,missing_file,
3424,missing_file,
3425,missing_file,
3426,missing_file,
3427,missing_file,
3428,missing_file,
3429,missing_file,
3430,missing_file,
3431,missing_file,
3432,missing_file,
3433,missing_file,
3434,missing_file,
3435,missing_file,
3436,missing_file,
3437,missing_file,
3438,missing_file,
3439,missing_file,
3440,missing_file,
3441,missing_file,
3442,missing_file,
3443,missing_file,
3444,missing_file,
3445,missing_file,
3446,missing_file,
3447,missing_file,
3448,missing_file,
3449,missing_file,
3450,missing_file,
3451,missing_file,
3452,missing_file,
3453,missing_file,
3454,missing_file,
3455,missing_file,
3456,missing_file,
3457,missing_file,
3458,missing_file,
3459,missing_file,
3460,missing_file,
3461,missing_file,
3462,missing_file,
3463,missing_file,
3464,missing_file,
3465,missing_file,
3466,missing_file,
3467,missing_file,
3468,missing_file,
3469,missing_file,
3470,missing_file,
3471,missing_file,
3472,missing_file,
3473,missing_file,
3474,missing_file,
3475,missing_file,
3476,missing_file,
3477,missing_file,
3478,missing_file,
3479,missing_file,
3480,missing_file,
3481,missing_file,
3482,missing_file,
3483,missing_file,
3484,missing_file,
3485,missing_file,
3486,missing_file,
3487,missing_file,
3488,missing_file,
3489,missing_file,
3490,missing_file,
3491,missing_file,
3492,missing_file,
3493,missing_file,
3494,missing_file,
3495,missing_file,
3496,missing_file,
3497,missing_file,
3498,missing_file,
3499,missing_file,
3500,missing_file,
3501,missing_file,
3502,missing_file,
3503,missing_file,
3504,missing_file,
3505,missing_file,
3506,missing_file,
3507,missing_file,
3508,missing_file,
3509,missing_file,
3510,missing_file,
3511,missing_file,
3512,missing_file,
3513,missing_file,
3514,missing_file,
3515,missing_file,
3516,missing_file,
3517,missing_file,
3518,missing_file,
3519,missing_file,
3520,missing_file,
3521,missing_file,
3522,missing_file,
3523,missing_file,
3524,missing_file,
3525,missing_file,
3526,missing_file,
3527,missing_file,
3528,missing_file,
3529,missing_file,
3530,missing_file,
3531,missing_file,
3532,missing_file,
3533,missing_file,
3534,missing_file,
3535,missing_file,
3536,missing_file,
3537,missing_file,
3538,missing_file,
3539,missing_file,
3540,missing_file,
3541,missing_file,
3542,missing_file,
3543,missing_file,
3544,missing_file,
3545,missing_file,
3546,missing_file,
3547,missing_file,
3548,missing_file,
3549,missing_file,
3550,missing_file,
3551,missing_file,
3552,missing_file,
3553,missing_file,
3554,missing_file,
3555,missing_file,
3556,missing_file,
3557,missing_file,
3558,missing_file,
3559,missing_file,
3560,missing_file,
3561,missing_file,
3562,missing_file,
3563,missing_file,
3564,missing_file,
3565,missing_file,
3566,missing_file,
3567,missing_file,
3568,missing_file,
3569,missing_file,
3570,missing_file,
3571,missing_file,
3572,missing_file,
3573,missing_file,
3574,missing_file,
3575,missing_file,
3576,missing_file,
3577,missing_file,
3578,missing_file,
3579,missing_file,
3580,missing_file,
3581,missing_file,
3582,missing_file,
3583,missing_file,
3584,missing_file,
3585,missing_file,
3586,missing_file,
3587,missing_file,
3588,missing_file,
3589,missing_file,
3590,missing_file,
3591,missing_file,
3592,missing_file,
3593,missing_file,
3594,missing_file,
3595,missing_file,
3596,missing_file,
3597,missing_file,
3598,missing_file,
3599,missing_file,
3600,missing_file,
3601,missing_file,
3602,missing_file,
3603,missing_file,
3604,missing_file,
3605,missing_file,
3606,missing_file,
3607,missing_file,
3608,missing_file,
3609,missing_file,
3610,missing_file,
3611,missing_file,
3612,missing_file,
3613,missing_file,
3614,missing_file,
3615,missing_file,
3616,missing_file,
3617,missing_file,
3618,missing_file,
3619,missing_file,
3620,missing_file,
3621,missing_file,
3622,missing_file,
3623,missing_file,
3624,missing_file,
3625,missing_file,
3626,missing_file,
3627,missing_file,
3628,missing_file,
3629,missing_file,
3630,missing_file,
3631,missing_file,
3632,missing_file,
3633,missing_file,
3634,missing_file,
3635,missing_file,
3636,missing_file,
3637,missing_file,
3638,missing_file,
3639,missing_file,
3640,missing_file,
3641,missing_file,
3642,missing_file,
3643,missing_file,
3644,missing_file,
3645,missing_file,
3646,missing_file,
3647,missing_file,
3648,missing_file,
3649,missing_file,
3650,missing_file,
3651,missing_file,
3652,missing_file,
3653,missing_file,
3654,missing_file,
3655,missing_file,
3656,missing_file,
3657,missing_file,
3658,missing_file,
3659,missing_file,
3660,missing_file,
3661,missing_file,
3662,missing_file,
3663,missing_file,
3664,missing_file,
3665,missing_file,
3666,missing_file,
3667,missing_file,
3668,missing_file,
3669,missing_file,
3670,missing_file,
3671,missing_file,
3672,missing_file,
3673,missing_file,
3674,missing_file,
3675,missing_file,
3676,missing_file,
3677,missing_file,
3678,missing_file,
3679,missing_file,
3680,missing_file,
3681,missing_file,
3682,missing_file,
3683,missing_file,
3684,missing_file,
3685,missing_file,
3686,missing_file,
3687,missing_file,
3688,missing_file,
3689,missing_file,
3690,missing_file,
3691,missing_file,
3692,missing_file,
3693,missing_file,
3694,missing_file,
3695,missing_file,
3696,missing_file,
3697,missing_file,
3698,missing_file,
3699,missing_file,
3700,missing_file,
3701,missing_file,
3702,missing_file,
3703,missing_file,
3704,missing_file,
3705,missing_file,
3706,missing_file,
3707,missing_file,
3708,missing_file,
3709,missing_file,
3710,missing_file,
3711,missing_file,
3712,missing_file,
3713,missing_file,
3714,missing_file,
3715,missing_file,
3716,missing_file,
3717,missing_file,
3718,missing_file,
3719,missing_file,
3720,missing_file,
3721,missing_file,
3722,missing_file,
3723,missing_file,
3724,missing_file,
3725,missing_file,
3726,missing_file,
3727,missing_file,
3728,missing_file,
3729,missing_file,
3730,missing_file,
3731,missing_file,
3732,missing_file,
3733,missing_file,
3734,missing_file,
3735,missing_file,
3736,missing_file,
3737,missing_file,
3738,missing_file,
3739,missing_file,
3740,missing_file,
3741,missing_file,
3742,missing_file,
3743,missing_file,
3744,missing_file,
3745,missing_file,
3746,missing_file,
3747,missing_file,
3748,missing_file,
3749,missing_file,
3750,missing_file,
3751,missing_file,
3752,missing_file,
3753,missing_file,
3754,missing_file,
3755,missing_file,
3756,missing_file,
3757,missing_file,
3758,missing_file,
3759,missing_file,
3760,missing_file,
3761,missing_file,
3762,missing_file,
3763,missing_file,
3764,missing_file,
3765,missing_file,
3766,missing_file,
3767,missing_file,
3768,missing_file,
3769,missing_file,
3770,missing_file,
3771,missing_file,
3772,missing_file,
3773,missing_file,
3774,missing_file,
3775,missing_file,
3776,missing_file,
3777,missing_file,
3778,missing_file,
3779,missing_file,
3780,missing_file,
3781,missing_file,
3782,missing_file,
3783,missing_file,
3784,missing_file,
3785,missing_file,
3786,missing_file,
3787,missing_file,
3788,missing_file,
3789,missing_file,
3790,missing_file,
3791,missing_file,
3792,missing_file,
3793,missing_file,
3794,missing_file,
3795,missing_file,
3796,missing_file,
3797,missing_file,
3798,missing_file,
3799,missing_file,
3800,missing_file,
3801,missing_file,
3802,missing_file,
3803,missing_file,
3804,missing_file,
3805,missing_file,
3806,missing_file,
3807,missing_file,
3808,missing_file,
3809,missing_file,
3810,missing_file,
3811,missing_file,
3812,missing_file,
3813,missing_file,
3814,missing_file,
3815,missing_file,
3816,missing_file,
3817,missing_file,
3818,missing_file,
3819,missing_file,
3820,missing_file,
3821,missing_file,
3822,missing_file,
3823,missing_file,
3824,missing_file,
3825,missing_file,
3826,missing_file,
3827,missing_file,
3828,missing_file,
3829,missing_file,
3830,missing_file,
3831,missing_file,
3832,missing_file,
3833,missing_file,
3834,missing_file,
3835,missing_file,
3836,missing_file,
3837,missing_file,
3838,missing_file,
3839,missing_file,
3840,missing_file,
3841,missing_file,
3842,missing_file,
3843,missing_file,
3844,missing_file,
3845,missing_file,
3846,missing_file,
3847,missing_file,
3848,missing_file,
3849,missing_file,
3850,missing_file,
3851,missing_file,
3852,missing_file,
3853,missing_file,
3854,missing_file,
3855,missing_file,
3856,missing_file,
3857,missing_file,
3858,missing_file,
3859,missing_file,
3860,missing_file,
3861,missing_file,
3862,missing_file,
3863,missing_file,
3864,missing_file,
3865,missing_file,
3866,missing_file,
3867,missing_file,
3868,missing_file,
3869,missing_file,
3870,missing_file,
3871,missing_file,
3872,missing_file,
3873,missing_file,
3874,missing_file,
3875,missing_file,
3876,missing_file,
3877,missing_file,
3878,missing_file,
3879,missing_file,
3880,missing_file,
3881,missing_file,
3882,missing_file,
3883,missing_file,
3884,missing_file,
3885,missing_file,
3886,missing_file,
3887,missing_file,
3888,missing_file,
3889,missing_file,
3890,missing_file,
3891,missing_file,
3892,missing_file,
3893,missing_file,
3894,missing_file,
3895,missing_file,
3896,missing_file,
3897,missing_file,
3898,missing_file,
3899,missing_file,
3900,missing_file,
3901,missing_file,
3902,missing_file,
3903,missing_file,
3904,missing_file,
3905,missing_file,
3906,missing_file,
3907,missing_file,
3908,missing_file,
3909,missing_file,
3910,missing_file,
3911,missing_file,
3912,missing_file,
3913,missing_file,
3914,missing_file,
3915,missing_file,
3916,missing_file,
3917,missing_file,
3918,missing_file,
3919,missing_file,
3920,missing_file,
3921,missing_file,
3922,missing_file,
3923,missing_file,
3924,missing_file,
3925,missing_file,
3926,missing_file,
3927,missing_file,
3928,missing_file,
3929,missing_file,
3930,missing_file,
3931,missing_file,
3932,missing_file,
3933,missing_file,
3934,missing_file,
3935,missing_file,
3936,missing_file,
3937,missing_file,
3938,missing_file,
3939,missing_file,
3940,missing_file,
3941,missing_file,
3942,missing_file,
3943,missing_file,
3944,missing_file,
3945,missing_file,
3946,missing_file,
3947,missing_file,
3948,missing_file,
3949,missing_file,
3950,missing_file,
3951,missing_file,
3952,missing_file,
3953,missing_file,
3954,missing_file,
3955,missing_file,
3956,missing_file,
3957,missing_file,
3958,missing_file,
3959,missing_file,
3960,missing_file,
3961,missing_file,
3962,missing_file,
3963,missing_file,
3964,missing_file,
3965,missing_file,
3966,missing_file,
3967,missing_file,
3968,missing_file,
3969,missing_file,
3970,missing_file,
3971,missing_file,
3972,missing_file,
3973,missing_file,
3974,missing_file,
3975,missing_file,
3976,missing_file,
3977,missing_file,
3978,missing_file,
3979,missing_file,
3980,missing_file,
3981,missing_file,
3982,missing_file,
3983,missing_file,
3984,missing_file,
3985,missing_file,
3986,missing_file,
3987,missing_file,
3988,missing_file,
3989,missing_file,
3990,missing_file,
3991,missing_file,
3992,missing_file,
3993,missing_file,
3994,missing_file,
3995,missing_file,
3996,missing_file,
3997,missing_file,
3998,missing_file,
3999,missing_file,
4000,missing_file,
4001,missing_file,
4002,missing_file,
4003,missing_file,
4004,missing_file,
4005,missing_file,
4006,missing_file,
4007,missing_file,
4008,missing_file,
4009,missing_file,
4010,missing_file,
4011,missing_file,
4012,missing_file,
4013,missing_file,
4014,missing_file,
4015,missing_file,
4016,missing_file,
4017,missing_file,
4018,missing_file,
4019,missing_file,
4020,missing_file,
4021,missing_file,
4022,missing_file,
4023,missing_file,
4024,missing_file,
4025,missing_file,
4026,missing_file,
4027,missing_file,
4028,missing_file,
4029,missing_file,
4030,missing_file,
4031,missing_file,
4032,missing_file,
4033,missing_file,
4034,missing_file,
4035,missing_file,
4036,missing_file,
4037,missing_file,
4038,missing_file,
4039,missing_file,
4040,missing_file,
4041,missing_file,
4042,missing_file,
4043,missing_file,
4044,missing_file,
4045,missing_file,
4046,missing_file,
4047,missing_file,
4048,missing_file,
4049,missing_file,
4050,missing_file,
4051,missing_file,
4052,missing_file,
4053,missing_file,
4054,missing_file,
4055,missing_file,
4056,missing_file,
4057,missing_file,
4058,missing_file,
4059,missing_file,
4060,missing_file,
4061,missing_file,
4062,missing_file,
4063,missing_file,
4064,missing_file,
4065,missing_file,
4066,missing_file,
4067,missing_file,
4068,missing_file,
4069,missing_file,
4070,missing_file,
4071,missing_file,
4072,missing_file,
4073,missing_file,
4074,missing_file,
4075,missing_file,
4076,missing_file,
4077,missing_file,
4078,missing_file,
4079,missing_file,
4080,missing_file,
4081,missing_file,
4082,missing_file,
4083,missing_file,
4084,missing_file,
4085,missing_file,
4086,missing_file,
4087,missing_file,
4088,missing_file,
4089,missing_file,
4090,missing_file,
4091,missing_file,
4092,missing_file,
4093,missing_file,
4094,missing_file,
4095,missing_file,
4096,missing_file,
4097,missing_file,
4098,missing_file,
4099,missing_file,
4100,missing_file,
4101,missing_file,
4102,missing_file,
4103,missing_file,
4104,missing_file,
4105,missing_file,
4106,missing_file,
4107,missing_file,
4108,missing_file,
4109,missing_file,
4110,missing_file,
4111,missing_file,
4112,missing_file,
4113,missing_file,
4114,missing_file,
4115,missing_file,
4116,missing_file,
4117,missing_file,
4118,missing_file,
4119,missing_file,
4120,missing_file,
4121,missing_file,
4122,missing_file,
4123,missing_file,
4124,missing_file,
4125,missing_file,
4126,missing_file,
4127,missing_file,
4128,missing_file,
4129,missing_file,
4130,missing_file,
4131,missing_file,
4132,missing_file,
4133,missing_file,
4134,missing_file,
4135,missing_file,
4136,missing_file,
4137,missing_file,
4138,missing_file,
4139,missing_file,
4140,missing_file,
4141,missing_file,
4142,missing_file,
4143,missing_file,
4144,missing_file,
4145,missing_file,
4146,missing_file,
4147,missing_file,
4148,missing_file,
4149,missing_file,
4150,missing_file,
4151,missing_file,
4152,missing_file,
4153,missing_file,
4154,missing_file,
4155,missing_file,
4156,missing_file,
4157,missing_file,
4158,missing_file,
4159,missing_file,
4160,missing_file,
4161,missing_file,
4162,missing_file,
4163,missing_file,
4164,missing_file,
4165,missing_file,
4166,missing_file,
4167,missing_file,
4168,missing_file,
4169,missing_file,
4170,missing_file,
4171,missing_file,
4172,missing_file,
4173,missing_file,
4174,missing_file,
4175,missing_file,
4176,missing_file,
4177,missing_file,
4178,missing_file,
4179,missing_file,
4180,missing_file,
4181,missing_file,
4182,missing_file,
4183,missing_file,
4184,missing_file,
4185,missing_file,
4186,missing_file,
4187,missing_file,
4188,missing_file,
4189,missing_file,
4190,missing_file,
4191,missing_file,
4192,missing_file,
4193,missing_file,
4194,missing_file,
4195,missing_file,
4196,missing_file,
4197,missing_file,
4198,missing_file,
4199,missing_file,
4200,missing_file,
4201,missing_file,
4202,missing_file,
4203,missing_file,
4204,missing_file,
4205,missing_file,
4206,missing_file,
4207,missing_file,
4208,missing_file,
4209,missing_file,
4210,missing_file,
4211,missing_file,
4212,missing_file,
4213,missing_file,
4214,missing_file,
4215,missing_file,
4216,missing_file,
4217,missing_file,
4218,missing_file,
4219,missing_file,
4220,missing_file,
4221,missing_file,
4222,missing_file,
4223,missing_file,
4224,missing_file,
4225,missing_file,
4226,missing_file,
4227,missing_file,
4228,missing_file,
4229,missing_file,
4230,missing_file,
4231,missing_file,
4232,missing_file,
4233,missing_file,
4234,missing_file,
4235,missing_file,
4236,missing_file,
4237,missing_file,
4238,missing_file,
4239,missing_file,
4240,missing_file,
4241,missing_file,
4242,missing_file,
4243,missing_file,
4244,missing_file,
4245,missing_file,
4246,missing_file,
4247,missing_file,
4248,missing_file,
4249,missing_file,
4250,missing_file,
4251,missing_file,
4252,missing_file,
4253,missing_file,
4254,missing_file,
4255,missing_file,
4256,missing_file,
4257,missing_file,
4258,missing_file,
4259,missing_file,
4260,missing_file,
4261,missing_file,
4262,missing_file,
4263,missing_file,
4264,missing_file,
4265,missing_file,
4266,missing_file,
4267,missing_file,
4268,missing_file,
4269,missing_file,
4270,missing_file,
4271,missing_file,
4272,missing_file,
4273,missing_file,
4274,missing_file,
4275,missing_file,
4276,missing_file,
4277,missing_file,
4278,missing_file,
4279,missing_file,
4280,missing_file,
4281,missing_file,
4282,missing_file,
4283,missing_file,
4284,missing_file,
4285,missing_file,
4286,missing_file,
4287,missing_file,
4288,missing_file,
4289,missing_file,
4290,missing_file,
4291,missing_file,
4292,missing_file,
4293,missing_file,
4294,missing_file,
4295,missing_file,
4296,missing_file,
4297,missing_file,
4298,missing_file,
4299,missing_file,
4300,missing_file,
4301,missing_file,
4302,missing_file,
4303,missing_file,
4304,missing_file,
4305,missing_file,
4306,missing_file,
4307,missing_file,
4308,missing_file,
4309,missing_file,
4310,missing_file,
4311,missing_file,
4312,missing_file,
4313,missing_file,
4314,missing_file,
4315,missing_file,
4316,missing_file,
4317,missing_file,
4318,missing_file,
4319,missing_file,
4320,missing_file,
4321,missing_file,
4322,missing_file,
4323,missing_file,
4324,missing_file,
4325,missing_file,
4326,missing_file,
4327,missing_file,
4328,missing_file,
4329,missing_file,
4330,missing_file,
4331,missing_file,
4332,missing_file,
4333,missing_file,
4334,missing_file,
4335,missing_file,
4336,missing_file,
4337,missing_file,
4338,missing_file,
4339,missing_file,
4340,missing_file,
4341,missing_file,
4342,missing_file,
4343,missing_file,
4344,missing_file,
4345,missing_file,
4346,missing_file,
4347,missing_file,
4348,missing_file,
4349,missing_file,
4350,missing_file,
4351,missing_file,
4352,missing_file,
4353,missing_file,
4354,missing_file,
4355,missing_file,
4356,missing_file,
4357,missing_file,
4358,missing_file,
4359,missing_file,
4360,missing_file,
4361,missing_file,
4362,missing_file,
4363,missing_file,
4364,missing_file,
4365,missing_file,
4366,missing_file,
4367,missing_file,
4368,missing_file,
4369,missing_file,
4370,missing_file,
4371,missing_file,
4372,missing_file,
4373,missing_file,
4374,missing_file,
4375,missing_file,
4376,missing_file,
4377,missing_file,
4378,missing_file,
4379,missing_file,
4380,missing_file,
4381,missing_file,
4382,missing_file,
4383,missing_file,
4384,missing_file,
4385,missing_file,
4386,missing_file,
4387,missing_file,
4388,missing_file,
4389,missing_file,
4390,missing_file,
4391,missing_file,
4392,missing_file,
4393,missing_file,
4394,missing_file,
4395,missing_file,
4396,missing_file,
4397,missing_file,
4398,missing_file,
4399,missing_file,
4400,missing_file,
4401,missing_file,
4402,missing_file,
4403,missing_file,
4404,missing_file,
4405,missing_file,
4406,missing_file,
4407,missing_file,
4408,missing_file,
4409,missing_file,
4410,missing_file,
4411,missing_file,
4412,missing_file,
4413,missing_file,
4414,missing_file,
4415,missing_file,
4416,missing_file,
4417,missing_file,
4418,missing_file,
4419,missing_file,
4420,missing_file,
4421,missing_file,
4422,missing_file,
4423,missing_file,
4424,missing_file,
4425,missing_file,
4426,missing_file,
4427,missing_file,
4428,missing_file,
4429,missing_file,
4430,missing_file,
4431,missing_file,
4432,missing_file,
4433,missing_file,
4434,missing_file,
4435,missing_file,
4436,missing_file,
4437,missing_file,
4438,missing_file,
4439,missing_file,
4440,missing_file,
4441,missing_file,
4442,missing_file,
4443,missing_file,
4444,missing_file,
4445,missing_file,
4446,missing_file,
4447,missing_file,
4448,missing_file,
4449,missing_file,
4450,missing_file,
4451,missing_file,
4452,missing_file,
4453,missing_file,
4454,missing_file,
4455,missing_file,
4456,missing_file,
4457,missing_file,
4458,missing_file,
4459,missing_file,
4460,missing_file,
4461,missing_file,
4462,missing_file,
4463,missing_file,
4464,missing_file,
4465,missing_file,
4466,missing_file,
4467,missing_file,
4468,missing_file,
4469,missing_file,
4470,missing_file,
4471,missing_file,
4472,missing_file,
4473,missing_file,
4474,missing_file,
4475,missing_file,
4476,missing_file,
4477,missing_file,
4478,missing_file,
4479,missing_file,
4480,missing_file,
4481,missing_file,
4482,missing_file,
4483,missing_file,
4484,missing_file,
4485,missing_file,
4486,missing_file,
4487,missing_file,
4488,missing_file,
4489,missing_file,
4490,missing_file,
4491,missing_file,
4492,missing_file,
4493,missing_file,
4494,missing_file,
4495,missing_file,
4496,missing_file,
4497,missing_file,
4498,missing_file,
4499,missing_file,
4500,missing_file,
4501,missing_file,
4502,missing_file,
4503,missing_file,
4504,missing_file,
4505,missing_file,
4506,missing_file,
4507,missing_file,
4508,missing_file,
4509,missing_file,
4510,missing_file,
4511,missing_file,
4512,missing_file,
4513,missing_file,
4514,missing_file,
4515,missing_file,
4516,missing_file,
4517,missing_file,
4518,missing_file,
4519,missing_file,
4520,missing_file,
4521,missing_file,
4522,missing_file,
4523,missing_file,
4524,missing_file,
4525,missing_file,
4526,missing_file,
4527,missing_file,
4528,missing_file,
4529,missing_file,
4530,missing_file,
4531,missing_file,
4532,missing_file,
4533,missing_file,
4534,missing_file,
4535,missing_file,
4536,missing_file,
4537,missing_file,
4538,missing_file,
4539,missing_file,
4540,missing_file,
4541,missing_file,
4542,missing_file,
4543,missing_file,
4544,missing_file,
4545,missing_file,
4546,missing_file,
4547,missing_file,
4548,missing_file,
4549,missing_file,
4550,missing_file,
4551,missing_file,
4552,missing_file,
4553,missing_file,
4554,missing_file,
4555,missing_file,
4556,missing_file,
4557,missing_file,
4558,missing_file,
4559,missing_file,
4560,missing_file,
4561,missing_file,
4562,missing_file,
4563,missing_file,
4564,missing_file,
4565,missing_file,
4566,missing_file,
4567,missing_file,
4568,missing_file,
4569,missing_file,
4570,missing_file,
4571,missing_file,
4572,missing_file,
4573,missing_file,
4574,missing_file,
4575,missing_file,
4576,missing_file,
4577,missing_file,
4578,missing_file,
4579,missing_file,
4580,missing_file,
4581,missing_file,
4582,missing_file,
4583,missing_file,
4584,missing_file,
4585,missing_file,
4586,missing_file,
4587,missing_file,
4588,missing_file,
4589,missing_file,
4590,missing_file,
4591,missing_file,
4592,missing_file,
4593,missing_file,
4594,missing_file,
4595,missing_file,
4596,missing_file,
4597,missing_file,
4598,missing_file,
4599,missing_file,
4600,missing_file,
4601,missing_file,
4602,missing_file,
4603,missing_file,
4604,missing_file,
4605,missing_file,
4606,missing_file,
4607,missing_file,
4608,missing_file,
4609,missing_file,
4610,missing_file,
4611,missing_file,
4612,missing_file,
4613,missing_file,
4614,missing_file,
4615,missing_file,
4616,missing_file,
4617,missing_file,
4618,missing_file,
4619,missing_file,
4620,missing_file,
4621,missing_file,
4622,missing_file,
4623,missing_file,
4624,missing_file,
4625,missing_file,
4626,missing_file,
4627,missing_file,
4628,missing_file,
4629,missing_file,
4630,missing_file,
4631,missing_file,
4632,missing_file,
4633,missing_file,
4634,missing_file,
4635,missing_file,
4636,missing_file,
4637,missing_file,
4638,missing_file,
4639,missing_file,
4640,missing_file,
4641,missing_file,
4642,missing_file,
4643,missing_file,
4644,missing_file,
4645,missing_file,
4646,missing_file,
4647,missing_file,
4648,missing_file,
4649,missing_file,
4650,missing_file,
4651,missing_file,
4652,missing_file,
4653,missing_file,
4654,missing_file,
4655,missing_file,
4656,missing_file,
4657,missing_file,
4658,missing_file,
4659,missing_file,
4660,missing_file,
4661,missing_file,
4662,missing_file,
4663,missing_file,
4664,missing_file,
4665,missing_file,
4666,missing_file,
4667,missing_file,
4668,missing_file,
4669,missing_file,
4670,missing_file,
4671,missing_file,
4672,missing_file,
4673,missing_file,
4674,missing_file,
4675,missing_file,
4676,missing_file,
4677,missing_file,
4678,missing_file,
4679,missing_file,
4680,missing_file,
4681,missing_file,
4682,missing_file,
4683,missing_file,
4684,missing_file,
4685,missing_file,
4686,missing_file,
4687,missing_file,
4688,missing_file,
4689,missing_file,
4690,missing_file,
4691,missing_file,
4692,missing_file,
4693,missing_file,
4694,missing_file,
4695,missing_file,
4696,missing_file,
4697,missing_file,
4698,missing_file,
4699,missing_file,
4700,missing_file,
4701,missing_file,
4702,missing_file,
4703,missing_file,
4704,missing_file,
4705,missing_file,
4706,missing_file,
4707,missing_file,
4708,missing_file,
4709,missing_file,
4710,missing_file,
4711,missing_file,
4712,missing_file,
4713,missing_file,
4714,missing_file,
4715,missing_file,
4716,missing_file,
4717,missing_file,
4718,missing_file,
4719,missing_file,
4720,missing_file,
4721,missing_file,
4722,missing_file,
4723,missing_file,
4724,missing_file,
4725,missing_file,
4726,missing_file,
4727,missing_file,
4728,missing_file,
4729,missing_file,
4730,missing_file,
4731,missing_file,
4732,missing_file,
4733,missing_file,
4734,missing_file,
4735,missing_file,
4736,missing_file,
4737,missing_file,
4738,missing_file,
4739,missing_file,
4740,missing_file,
4741,missing_file,
4742,missing_file,
4743,missing_file,
4744,missing_file,
4745,missing_file,
4746,missing_file,
4747,missing_file,
4748,missing_file,
4749,missing_file,
4750,missing_file,
4751,missing_file,
4752,missing_file,
4753,missing_file,
4754,missing_file,
4755,missing_file,
4756,missing_file,
4757,missing_file,
4758,missing_file,
4759,missing_file,
4760,missing_file,
4761,missing_file,
4762,missing_file,
4763,missing_file,
4764,missing_file,
4765,missing_file,
4766,missing_file,
4767,missing_file,
4768,missing_file,
4769,missing_file,
4770,missing_file,
4771,missing_file,
4772,missing_file,
4773,missing_file,
4774,missing_file,
4775,missing_file,
4776,missing_file,
4777,missing_file,
4778,missing_file,
4779,missing_file,
4780,missing_file,
4781,missing_file,
4782,missing_file,
4783,missing_file,
4784,missing_file,
4785,missing_file,
4786,missing_file,
4787,missing_file,
4788,missing_file,
4789,missing_file,
4790,missing_file,
4791,missing_file,
4792,missing_file,
4793,missing_file,
4794,missing_file,
4795,missing_file,
4796,missing_file,
4797,missing_file,
4798,missing_file,
4799,missing_file,
4800,missing_file,
4801,missing_file,
4802,missing_file,
4803,missing_file,
4804,missing_file,
4805,missing_file,
4806,missing_file,
4807,missing_file,
4808,missing_file,
4809,missing_file,
4810,missing_file,
4811,missing_file,
4812,missing_file,
4813,missing_file,
4814,missing_file,
4815,missing_file,
4816,missing_file,
4817,missing_file,
4818,missing_file,
4819,missing_file,
4820,missing_file,
4821,missing_file,
4822,missing_file,
4823,missing_file,
4824,missing_file,
4825,missing_file,
4826,missing_file,
4827,missing_file,
4828,missing_file,
4829,missing_file,
4830,missing_file,
4831,missing_file,
4832,missing_file,
4833,missing_file,
4834,missing_file,
4835,missing_file,
4836,missing_file,
4837,missing_file,
4838,missing_file,
4839,missing_file,
4840,missing_file,
4841,missing_file,
4842,missing_file,
4843,missing_file,
4844,missing_file,
4845,missing_file,
4846,missing_file,
4847,missing_file,
4848,missing_file,
4849,missing_file,
4850,missing_file,
4851,missing_file,
4852,missing_file,
4853,missing_file,
4854,missing_file,
4855,missing_file,
4856,missing_file,
4857,missing_file,
4858,missing_file,
4859,missing_file,
4860,missing_file,
4861,missing_file,
4862,missing_file,
4863,missing_file,
4864,missing_file,
4865,missing_file,
4866,missing_file,
4867,missing_file,
4868,missing_file,
4869,missing_file,
4870,missing_file,
4871,missing_file,
4872,missing_file,
4873,missing_file,
4874,missing_file,
4875,missing_file,
4876,missing_file,
4877,missing_file,
4878,missing_file,
4879,missing_file,
4880,missing_file,
4881,missing_file,
4882,missing_file,
4883,missing_file,
4884,missing_file,
4885,missing_file,
4886,missing_file,
4887,missing_file,
4888,missing_file,
4889,missing_file,
4890,missing_file,
4891,missing_file,
4892,missing_file,
4893,missing_file,
4894,missing_file,
4895,missing_file,
4896,missing_file,
4897,missing_file,
4898,missing_file,
4899,missing_file,
4900,missing_file,
4901,missing_file,
4902,missing_file,
4903,missing_file,
4904,missing_file,
4905,missing_file,
4906,missing_file,
4907,missing_file,
4908,missing_file,
4909,missing_file,
4910,missing_file,
4911,missing_file,
4912,missing_file,
4913,missing_file,
4914,missing_file,
4915,missing_file,
4916,missing_file,
4917,missing_file,
4918,missing_file,
4919,missing_file,
4920,missing_file,
4921,missing_file,
4922,missing_file,
4923,missing_file,
4924,missing_file,
4925,missing_file,
4926,missing_file,
4927,missing_file,
4928,missing_file,
4929,missing_file,
4930,missing_file,
4931,missing_file,
4932,missing_file,
4933,missing_file,
4934,missing_file,
4935,missing_file,
4936,missing_file,
4937,missing_file,
4938,missing_file,
4939,missing_file,
4940,missing_file,
4941,missing_file,
4942,missing_file,
4943,missing_file,
4944,missing_file,
4945,missing_file,
4946,missing_file,
4947,missing_file,
4948,missing_file,
4949,missing_file,
4950,missing_file,
4951,missing_file,
4952,missing_file,
4953,missing_file,
4954,missing_file,
4955,missing_file,
4956,missing_file,
4957,missing_file,
4958,missing_file,
4959,missing_file,
4960,missing_file,
4961,missing_file,
4962,missing_file,
4963,missing_file,
4964,missing_file,
4965,missing_file,
4966,missing_file,
4967,missing_file,
4968,missing_file,
4969,missing_file,
4970,missing_file,
4971,missing_file,
4972,missing_file,
4973,missing_file,
4974,missing_file,
4975,missing_file,
4976,missing_file,
4977,missing_file,
4978,missing_file,
4979,missing_file,
4980,missing_file,
4981,missing_file,
4982,missing_file,
4983,missing_file,
4984,missing_file,
4985,missing_file,
4986,missing_file,
4987,missing_file,
4988,missing_file,
4989,missing_file,
4990,missing_file,
4991,missing_file,
4992,missing_file,
4993,missing_file,
4994,missing_file,
4995,missing_file,
4996,missing_file,
4997,missing_file,
4998,missing_file,
4999,missing_file,
5000,missing_file,
5001,missing_file,
5002,missing_file,
5003,missing_file,
5004,missing_file,
5005,missing_file,
5006,missing_file,
5007,missing_file,
5008,missing_file,
5009,missing_file,
5010,missing_file,
5011,missing_file,
5012,missing_file,
5013,missing_file,
5014,missing_file,
5015,missing_file,
5016,missing_file,
5017,missing_file,
5018,missing_file,
5019,missing_file,
5020,missing_file,
5021,missing_file,
5022,missing_file,
5023,missing_file,
5024,missing_file,
5025,missing_file,
5026,missing_file,
5027,missing_file,
5028,missing_file,
5029,missing_file,
5030,missing_file,
5031,missing_file,
5032,missing_file,
5033,missing_file,
5034,missing_file,
5035,missing_file,
5036,missing_file,
5037,missing_file,
5038,missing_file,
5039,missing_file,
5040,missing_file,
5041,missing_file,
5042,missing_file,
5043,missing_file,
5044,missing_file,
5045,missing_file,
5046,missing_file,
5047,missing_file,
5048,missing_file,
5049,missing_file,
5050,missing_file,
5051,missing_file,
5052,missing_file,
5053,missing_file,
5054,missing_file,
5055,missing_file,
5056,missing_file,
5057,missing_file,
5058,missing_file,
5059,missing_file,
5060,missing_file,
5061,missing_file,
5062,missing_file,
5063,missing_file,
5064,missing_file,
5065,missing_file,
5066,missing_file,
5067,missing_file,
5068,missing_file,
5069,missing_file,
5070,missing_file,
5071,missing_file,
5072,missing_file,
5073,missing_file,
5074,missing_file,
5075,missing_file,
5076,missing_file,
5077,missing_file,
5078,missing_file,
5079,missing_file,
5080,missing_file,
5081,missing_file,
5082,missing_file,
5083,missing_file,
5084,missing_file,
5085,missing_file,
5086,missing_file,
5087,missing_file,
5088,missing_file,
5089,missing_file,
5090,missing_file,
5091,missing_file,
5092,missing_file,
5093,missing_file,
5094,missing_file,
5095,missing_file,
5096,missing_file,
5097,missing_file,
5098,missing_file,
5099,missing_file,
5100,missing_file,
5101,missing_file,
5102,missing_file,
5103,missing_file,
5104,missing_file,
5105,missing_file,
5106,missing_file,
5107,missing_file,
5108,missing_file,
5109,missing_file,
5110,missing_file,
5111,missing_file,
5112,missing_file,
5113,missing_file,
5114,missing_file,
5115,missing_file,
5116,missing_file,
5117,missing_file,
5118,missing_file,
5119,missing_file,
5120,missing_file,
5121,missing_file,
5122,missing_file,
5123,missing_file,
5124,missing_file,
5125,missing_file,
5126,missing_file,
5127,missing_file,
5128,missing_file,
5129,missing_file,
5130,missing_file,
5131,missing_file,
5132,missing_file,
5133,missing_file,
5134,missing_file,
5135,missing_file,
5136,missing_file,
5137,missing_file,
5138,missing_file,
5139,missing_file,
5140,missing_file,
5141,missing_file,
5142,missing_file,
5143,missing_file,
5144,missing_file,
5145,missing_file,
5146,missing_file,
5147,missing_file,
5148,missing_file,
5149,missing_file,
5150,missing_file,
5151,missing_file,
5152,missing_file,
5153,missing_file,
5154,missing_file,
5155,missing_file,
5156,missing_file,
5157,missing_file,
5158,missing_file,
5159,missing_file,
5160,missing_file,
5161,missing_file,
5162,missing_file,
5163,missing_file,
5164,missing_file,
5165,missing_file,
5166,missing_file,
5167,missing_file,
5168,missing_file,
5169,missing_file,
5170,missing_file,
5171,missing_file,
5172,missing_file,
5173,missing_file,
5174,missing_file,
5175,missing_file,
5176,missing_file,
5177,missing_file,
5178,missing_file,
5179,missing_file,
5180,missing_file,
5181,missing_file,
5182,missing_file,
5183,missing_file,
5184,missing_file,
5185,missing_file,
5186,missing_file,
5187,missing_file,
5188,missing_file,
5189,missing_file,
5190,missing_file,
5191,missing_file,
5192,missing_file,
5193,missing_file,
5194,missing_file,
5195,missing_file,
5196,missing_file,
5197,missing_file,
5198,missing_file,
5199,missing_file,
5200,missing_file,
5201,missing_file,
5202,missing_file,
5203,missing_file,
5204,missing_file,
5205,missing_file,
5206,missing_file,
5207,missing_file,
5208,missing_file,
5209,missing_file,
5210,missing_file,
5211,missing_file,
5212,missing_file,
5213,missing_file,
5214,missing_file,
5215,missing_file,
5216,missing_file,
5217,missing_file,
5218,missing_file,
5219,missing_file,
5220,missing_file,
5221,missing_file,
5222,missing_file,
5223,missing_file,
5224,missing_file,
5225,missing_file,
5226,missing_file,
5227,missing_file,
5228,missing_file,
5229,missing_file,
5230,missing_file,
5231,missing_file,
5232,missing_file,
5233,missing_file,
5234,missing_file,
5235,missing_file,
5236,missing_file,
5237,missing_file,
5238,missing_file,
5239,missing_file,
5240,missing_file,
5241,missing_file,
5242,missing_file,
5243,missing_file,
5244,missing_file,
5245,missing_file,
5246,missing_file,
5247,missing_file,
5248,missing_file,
5249,missing_file,
5250,missing_file,
5251,missing_file,
5252,missing_file,
5253,missing_file,
5254,missing_file,
5255,missing_file,
5256,missing_file,
5257,missing_file,
5258,missing_file,
5259,missing_file,
5260,missing_file,
5261,missing_file,
5262,missing_file,
5263,missing_file,
5264,missing_file,
5265,missing_file,
5266,missing_file,
5267,missing_file,
5268,missing_file,
5269,missing_file,
5270,missing_file,
5271,missing_file,
5272,missing_file,
5273,missing_file,
5274,missing_file,
5275,missing_file,
5276,missing_file,
5277,missing_file,
5278,missing_file,
5279,missing_file,
5280,missing_file,
5281,missing_file,
5282,missing_file,
5283,missing_file,
5284,missing_file,
5285,missing_file,
5286,missing_file,
5287,missing_file,
5288,missing_file,
5289,missing_file,
5290,missing_file,
5291,missing_file,
5292,missing_file,
5293,missing_file,
5294,missing_file,
5295,missing_file,
5296,missing_file,
5297,missing_file,
5298,missing_file,
5299,missing_file,
5300,missing_file,
5301,missing_file,
5302,missing_file,
5303,missing_file,
5304,missing_file,
5305,missing_file,
5306,missing_file,
5307,missing_file,
5308,missing_file,
5309,missing_file,
5310,missing_file,
5311,missing_file,
5312,missing_file,
5313,missing_file,
5314,missing_file,
5315,missing_file,
5316,missing_file,
5317,missing_file,
5318,missing_file,
5319,missing_file,
5320,missing_file,
5321,missing_file,
5322,missing_file,
5323,missing_file,
5324,missing_file,
5325,missing_file,
5326,missing_file,
5327,missing_file,
5328,missing_file,
5329,missing_file,
5330,missing_file,
5331,missing_file,
5332,missing_file,
5333,missing_file,
5334,missing_file,
5335,missing_file,
5336,missing_file,
5337,missing_file,
5338,missing_file,
5339,missing_file,
5340,missing_file,
5341,missing_file,
5342,missing_file,
5343,missing_file,
5344,missing_file,
5345,missing_file,
5346,missing_file,
5347,missing_file,
5348,missing_file,
5349,missing_file,
5350,missing_file,
5351,missing_file,
5352,missing_file,
5353,missing_file,
5354,missing_file,
5355,missing_file,
5356,missing_file,
5357,missing_file,
5358,missing_file,
5359,missing_file,
5360,missing_file,
5361,missing_file,
5362,missing_file,
5363,missing_file,
5364,missing_file,
5365,missing_file,
5366,missing_file,
5367,missing_file,
5368,missing_file,
5369,missing_file,
5370,missing_file,
5371,missing_file,
5372,missing_file,
5373,missing_file,
5374,missing_file,
5375,missing_file,
5376,missing_file,
5377,missing_file,
5378,missing_file,
5379,missing_file,
5380,missing_file,
5381,missing_file,
5382,missing_file,
5383,missing_file,
5384,missing_file,
5385,missing_file,
5386,missing_file,
5387,missing_file,
5388,missing_file,
5389,missing_file,
5390,missing_file,
5391,missing_file,
5392,missing_file,
5393,missing_file,
5394,missing_file,
5395,missing_file,
5396,missing_file,
5397,missing_file,
5398,missing_file,
5399,missing_file,
5400,missing_file,
5401,missing_file,
5402,missing_file,
5403,missing_file,
5404,missing_file,
5405,missing_file,
5406,missing_file,
5407,missing_file,
5408,missing_file,
5409,missing_file,
5410,missing_file,
5411,missing_file,
5412,missing_file,
5413,missing_file,
5414,missing_file,
5415,missing_file,
5416,missing_file,
5417,missing_file,
5418,missing_file,
5419,missing_file,
5420,missing_file,
5421,missing_file,
5422,missing_file,
5423,missing_file,
5424,missing_file,
5425,missing_file,
5426,missing_file,
5427,missing_file,
5428,missing_file,
5429,missing_file,
5430,missing_file,
5431,missing_file,
5432,missing_file,
5433,missing_file,
5434,missing_file,
5435,missing_file,
5436,missing_file,
5437,missing_file,
5438,missing_file,
5439,missing_file,
5440,missing_file,
5441,missing_file,
5442,missing_file,
5443,missing_file,
5444,missing_file,
5445,missing_file,
5446,missing_file,
5447,missing_file,
5448,missing_file,
5449,missing_file,
5450,missing_file,
5451,missing_file,
5452,missing_file,
5453,missing_file,
5454,missing_file,
5455,missing_file,
5456,missing_file,
5457,missing_file,
5458,missing_file,
5459,missing_file,
5460,missing_file,
5461,missing_file,
5462,missing_file,
5463,missing_file,
5464,missing_file,
5465,missing_file,
5466,missing_file,
5467,missing_file,
5468,missing_file,
5469,missing_file,
5470,missing_file,
5471,missing_file,
5472,missing_file,
5473,missing_file,
5474,missing_file,
5475,missing_file,
5476,missing_file,
5477,missing_file,
5478,missing_file,
5479,missing_file,
5480,missing_file,
5481,missing_file,
5482,missing_file,
5483,missing_file,
5484,missing_file,
5485,missing_file,
5486,missing_file,
5487,missing_file,
5488,missing_file,
5489,missing_file,
5490,missing_file,
5491,missing_file,
5492,missing_file,
5493,missing_file,
5494,missing_file,
5495,missing_file,
5496,missing_file,
5497,missing_file,
5498,missing_file,
5499,missing_file,
5500,missing_file,
5501,missing_file,
5502,missing_file,
5503,missing_file,
5504,missing_file,
5505,missing_file,
5506,missing_file,
5507,missing_file,
5508,missing_file,
5509,missing_file,
5510,missing_file,
5511,missing_file,
5512,missing_file,
5513,missing_file,
5514,missing_file,
5515,missing_file,
5516,missing_file,
5517,missing_file,
5518,missing_file,
5519,missing_file,
5520,missing_file,
5521,missing_file,
5522,missing_file,
5523,missing_file,
5524,missing_file,
5525,missing_file,
5526,missing_file,
5527,missing_file,
5528,missing_file,
5529,missing_file,
5530,missing_file,
5531,missing_file,
5532,missing_file,
5533,missing_file,
5534,missing_file,
5535,missing_file,
5536,missing_file,
5537,missing_file,
5538,missing_file,
5539,missing_file,
5540,missing_file,
5541,missing_file,
5542,missing_file,
5543,missing_file,
5544,missing_file,
5545,missing_file,
5546,missing_file,
5547,missing_file,
5548,missing_file,
5549,missing_file,
5550,missing_file,
5551,missing_file,
5552,missing_file,
5553,missing_file,
5554,missing_file,
5555,missing_file,
5556,missing_file,
5557,missing_file,
5558,missing_file,
5559,missing_file,
5560,missing_file,
5561,missing_file,
5562,missing_file,
5563,missing_file,
5564,missing_file,
5565,missing_file,
5566,missing_file,
5567,missing_file,
5568,missing_file,
5569,missing_file,
5570,missing_file,
5571,missing_file,
5572,missing_file,
5573,missing_file,
5574,missing_file,
5575,missing_file,
5576,missing_file,
5577,missing_file,
5578,missing_file,
5579,missing_file,
5580,missing_file,
5581,missing_file,
5582,missing_file,
5583,missing_file,
5584,missing_file,
5585,missing_file,
5586,missing_file,
5587,missing_file,
5588,missing_file,
5589,missing_file,
5590,missing_file,
5591,missing_file,
5592,missing_file,
5593,missing_file,
5594,missing_file,
5595,missing_file,
5596,missing_file,
5597,missing_file,
5598,missing_file,
5599,missing_file,
5600,missing_file,
5601,missing_file,
5602,missing_file,
5603,missing_file,
5604,missing_file,
5605,missing_file,
5606,missing_file,
5607,missing_file,
5608,missing_file,
5609,missing_file,
5610,missing_file,
5611,missing_file,
5612,missing_file,
5613,missing_file,
5614,missing_file,
5615,missing_file,
5616,missing_file,
5617,missing_file,
5618,missing_file,
5619,missing_file,
5620,missing_file,
5621,missing_file,
5622,missing_file,
5623,missing_file,
5624,missing_file,
5625,missing_file,
5626,missing_file,
5627,missing_file,
5628,missing_file,
5629,missing_file,
5630,missing_file,
5631,missing_file,
5632,missing_file,
5633,missing_file,
5634,missing_file,
5635,missing_file,
5636,missing_file,
5637,missing_file,
5638,missing_file,
5639,missing_file,
5640,missing_file,
5641,missing_file,
5642,missing_file,
5643,missing_file,
5644,missing_file,
5645,missing_file,
5646,missing_file,
5647,missing_file,
5648,missing_file,
5649,missing_file,
5650,missing_file,
5651,missing_file,
5652,missing_file,
5653,missing_file,
5654,missing_file,
5655,missing_file,
5656,missing_file,
5657,missing_file,
5658,missing_file,
5659,missing_file,
5660,missing_file,
5661,missing_file,
5662,missing_file,
5663,missing_file,
5664,missing_file,
5665,missing_file,
5666,missing_file,
5667,missing_file,
5668,missing_file,
5669,missing_file,
5670,missing_file,
5671,missing_file,
5672,missing_file,
5673,missing_file,
5674,missing_file,
5675,missing_file,
5676,missing_file,
5677,missing_file,
5678,missing_file,
5679,missing_file,
5680,missing_file,
5681,missing_file,
5682,missing_file,
5683,missing_file,
5684,missing_file,
5685,missing_file,
5686,missing_file,
5687,missing_file,
5688,missing_file,
5689,missing_file,
5690,missing_file,
5691,missing_file,
5692,missing_file,
5693,missing_file,
5694,missing_file,
5695,missing_file,
5696,missing_file,
5697,missing_file,
5698,missing_file,
5699,missing_file,
5700,missing_file,
5701,missing_file,
5702,missing_file,
5703,missing_file,
5704,missing_file,
5705,missing_file,
5706,missing_file,
5707,missing_file,
5708,missing_file,
5709,missing_file,
5710,missing_file,
5711,missing_file,
5712,missing_file,
5713,missing_file,
5714,missing_file,
5715,missing_file,
5716,missing_file,
5717,missing_file,
5718,missing_file,
5719,missing_file,
5720,missing_file,
5721,missing_file,
5722,missing_file,
5723,missing_file,
5724,missing_file,
5725,missing_file,
5726,missing_file,
5727,missing_file,
5728,missing_file,
5729,missing_file,
5730,missing_file,
5731,missing_file,
5732,missing_file,
5733,missing_file,
5734,missing_file,
5735,missing_file,
5736,missing_file,
5737,missing_file,
5738,missing_file,
5739,missing_file,
5740,missing_file,
5741,missing_file,
5742,missing_file,
5743,missing_file,
5744,missing_file,
5745,missing_file,
5746,missing_file,
5747,missing_file,
5748,missing_file,
5749,missing_file,
5750,missing_file,
5751,missing_file,
5752,missing_file,
5753,missing_file,
5754,missing_file,
5755,missing_file,
5756,missing_file,
5757,missing_file,
5758,missing_file,
5759,missing_file,
5760,missing_file,
5761,missing_file,
5762,missing_file,
5763,missing_file,
5764,missing_file,
5765,missing_file,
5766,missing_file,
5767,missing_file,
5768,missing_file,
5769,missing_file,
5770,missing_file,
5771,missing_file,
5772,missing_file,
5773,missing_file,
5774,missing_file,
5775,missing_file,
5776,missing_file,
5777,missing_file,
5778,missing_file,
5779,missing_file,
5780,missing_file,
5781,missing_file,
5782,missing_file,
5783,missing_file,
5784,missing_file,
5785,missing_file,
5786,missing_file,
5787,missing_file,
5788,missing_file,
5789,missing_file,
5790,missing_file,
5791,missing_file,
5792,missing_file,
5793,missing_file,
5794,missing_file,
5795,missing_file,
5796,missing_file,
5797,missing_file,
5798,missing_file,
5799,missing_file,
5800,missing_file,
5801,missing_file,
5802,missing_file,
5803,missing_file,
5804,missing_file,
5805,missing_file,
5806,missing_file,
5807,missing_file,
5808,missing_file,
5809,missing_file,
5810,missing_file,
5811,missing_file,
5812,missing_file,
5813,missing_file,
5814,missing_file,
5815,missing_file,
5816,missing_file,
5817,missing_file,
5818,missing_file,
5819,missing_file,
5820,missing_file,
5821,missing_file,
5822,missing_file,
5823,missing_file,
5824,missing_file,
5825,missing_file,
5826,missing_file,
5827,missing_file,
5828,missing_file,
5829,missing_file,
5830,missing_file,
5831,missing_file,
5832,missing_file,
5833,missing_file,
5834,missing_file,
5835,missing_file,
5836,missing_file,
5837,missing_file,
5838,missing_file,
5839,missing_file,
5840,missing_file,
5841,missing_file,
5842,missing_file,
5843,missing_file,
5844,missing_file,
5845,missing_file,
5846,missing_file,
5847,missing_file,
5848,missing_file,
5849,missing_file,
5850,missing_file,
5851,missing_file,
5852,missing_file,
5853,missing_file,
5854,missing_file,
5855,missing_file,
5856,missing_file,
5857,missing_file,
5858,missing_file,
5859,missing_file,
5860,missing_file,
5861,missing_file,
5862,missing_file,
5863,missing_file,
5864,missing_file,
5865,missing_file,
5866,missing_file,
5867,missing_file,
5868,missing_file,
5869,missing_file,
5870,missing_file,
5871,missing_file,
5872,missing_file,
5873,missing_file,
5874,missing_file,
5875,missing_file,
5876,missing_file,
5877,missing_file,
5878,missing_file,
5879,missing_file,
5880,missing_file,
5881,missing_file,
5882,missing_file,
5883,missing_file,
5884,missing_file,
5885,missing_file,
5886,missing_file,
5887,missing_file,
5888,missing_file,
5889,missing_file,
5890,missing_file,
5891,missing_file,
5892,missing_file,
5893,missing_file,
5894,missing_file,
5895,missing_file,
5896,missing_file,
5897,missing_file,
5898,missing_file,
5899,missing_file,
5900,missing_file,
5901,missing_file,
5902,missing_file,
5903,missing_file,
5904,missing_file,
5905,missing_file,
5906,missing_file,
5907,missing_file,
5908,missing_file,
5909,missing_file,
5910,missing_file,
5911,missing_file,
5912,missing_file,
5913,missing_file,
5914,missing_file,
5915,missing_file,
5916,missing_file,
5917,missing_file,
5918,missing_file,
5919,missing_file,
5920,missing_file,
5921,missing_file,
5922,missing_file,
5923,missing_file,
5924,missing_file,
5925,missing_file,
5926,missing_file,
5927,missing_file,
5928,missing_file,
5929,missing_file,
5930,missing_file,
5931,missing_file,
5932,missing_file,
5933,missing_file,
5934,missing_file,
5935,missing_file,
5936,missing_file,
5937,missing_file,
5938,missing_file,
5939,missing_file,
5940,missing_file,
5941,missing_file,
5942,missing_file,
5943,missing_file,
5944,missing_file,
5945,missing_file,
5946,missing_file,
5947,missing_file,
5948,missing_file,
5949,missing_file,
5950,missing_file,
5951,missing_file,
5952,missing_file,
5953,missing_file,
5954,missing_file,
5955,missing_file,
5956,missing_file,
5957,missing_file,
5958,missing_file,
5959,missing_file,
5960,missing_file,
5961,missing_file,
5962,missing_file,
5963,missing_file,
5964,missing_file,
5965,missing_file,
5966,missing_file,
5967,missing_file,
5968,missing_file,
5969,missing_file,
5970,missing_file,
5971,missing_file,
5972,missing_file,
5973,missing_file,
5974,missing_file,
5975,missing_file,
5976,missing_file,
5977,missing_file,
5978,missing_file,
5979,missing_file,
5980,missing_file,
5981,missing_file,
5982,missing_file,
5983,missing_file,
5984,missing_file,
5985,missing_file,
5986,missing_file,
5987,missing_file,
5988,missing_file,
5989,missing_file,
5990,missing_file,
5991,missing_file,
5992,missing_file,
5993,missing_file,
5994,missing_file,
5995,missing_file,
5996,missing_file,
5997,missing_file,
5998,missing_file,
5999,missing_file,
6000,missing_file,
6001,missing_file,
6002,missing_file,
6003,missing_file,
6004,missing_file,
6005,missing_file,
6006,missing_file,
6007,missing_file,
6008,missing_file,
6009,missing_file,
6010,missing_file,
6011,missing_file,
6012,missing_file,
6013,missing_file,
6014,missing_file,
6015,missing_file,
6016,missing_file,
6017,missing_file,
6018,missing_file,
6019,missing_file,
6020,missing_file,
6021,missing_file,
6022,missing_file,
6023,missing_file,
6024,missing_file,
6025,missing_file,
6026,missing_file,
6027,missing_file,
6028,missing_file,
6029,missing_file,
6030,missing_file,
6031,missing_file,
6032,missing_file,
6033,missing_file,
6034,missing_file,
6035,missing_file,
6036,missing_file,
6037,missing_file,
6038,missing_file,
6039,missing_file,
6040,missing_file,
6041,missing_file,
6042,missing_file,
6043,missing_file,
6044,missing_file,
6045,missing_file,
6046,missing_file,
6047,missing_file,
6048,missing_file,
6049,missing_file,
6050,missing_file,
6051,missing_file,
6052,missing_file,
6053,missing_file,
6054,missing_file,
6055,missing_file,
6056,missing_file,
6057,missing_file,
6058,missing_file,
6059,missing_file,
6060,missing_file,
6061,missing_file,
6062,missing_file,
6063,missing_file,
6064,missing_file,
6065,missing_file,
6066,missing_file,
6067,missing_file,
6068,missing_file,
6069,missing_file,
6070,missing_file,
6071,missing_file,
6072,missing_file,
6073,missing_file,
6074,missing_file,
6075,missing_file,
6076,missing_file,
6077,missing_file,
6078,missing_file,
6079,missing_file,
6080,missing_file,
6081,missing_file,
6082,missing_file,
6083,missing_file,
6084,missing_file,
6085,missing_file,
6086,missing_file,
6087,missing_file,
6088,missing_file,
6089,missing_file,
6090,missing_file,
6091,missing_file,
6092,missing_file,
6093,missing_file,
6094,missing_file,
6095,missing_file,
6096,missing_file,
6097,missing_file,
6098,missing_file,
6099,missing_file,
6100,missing_file,
6101,missing_file,
6102,missing_file,
6103,missing_file,
6104,missing_file,
6105,missing_file,
6106,missing_file,
6107,missing_file,
6108,missing_file,
6109,missing_file,
6110,missing_file,
6111,missing_file,
6112,missing_file,
6113,missing_file,
6114,missing_file,
6115,missing_file,
6116,missing_file,
6117,missing_file,
6118,missing_file,
6119,missing_file,
6120,missing_file,
6121,missing_file,
6122,missing_file,
6123,missing_file,
6124,missing_file,
6125,missing_file,
6126,missing_file,
6127,missing_file,
6128,missing_file,
6129,missing_file,
6130,missing_file,
6131,missing_file,
6132,missing_file,
6133,missing_file,
6134,missing_file,
6135,missing_file,
6136,missing_file,
6137,missing_file,
6138,missing_file,
6139,missing_file,
6140,missing_file,
6141,missing_file,
6142,missing_file,
6143,missing_file,
6144,missing_file,
6145,missing_file,
6146,missing_file,
6147,missing_file,
6148,missing_file,
6149,missing_file,
6150,missing_file,
6151,missing_file,
6152,missing_file,
6153,missing_file,
6154,missing_file,
6155,missing_file,
6156,missing_file,
6157,missing_file,
6158,missing_file,
6159,missing_file,
6160,missing_file,
6161,missing_file,
6162,missing_file,
6163,missing_file,
6164,missing_file,
6165,missing_file,
6166,missing_file,
6167,missing_file,
6168,missing_file,
6169,missing_file,
6170,missing_file,
6171,missing_file,
6172,missing_file,
6173,missing_file,
6174,missing_file,
6175,missing_file,
6176,missing_file,
6177,missing_file,
6178,missing_file,
6179,missing_file,
6180,missing_file,
6181,missing_file,
6182,missing_file,
6183,missing_file,
6184,missing_file,
6185,missing_file,
6186,missing_file,
6187,missing_file,
6188,missing_file,
6189,missing_file,
6190,missing_file,
6191,missing_file,
6192,missing_file,
6193,missing_file,
6194,missing_file,
6195,missing_file,
6196,missing_file,
6197,missing_file,
6198,missing_file,
6199,missing_file,
6200,missing_file,
6201,missing_file,
6202,missing_file,
6203,missing_file,
6204,missing_file,
6205,missing_file,
6206,missing_file,
6207,missing_file,
6208,missing_file,
6209,missing_file,
6210,missing_file,
6211,missing_file,
6212,missing_file,
6213,missing_file,
6214,missing_file,
6215,missing_file,
6216,missing_file,
6217,missing_file,
6218,missing_file,
6219,missing_file,
6220,missing_file,
6221,missing_file,
6222,missing_file,
6223,missing_file,
6224,missing_file,
6225,missing_file,
6226,missing_file,
6227,missing_file,
6228,missing_file,
6229,missing_file,
6230,missing_file,
6231,missing_file,
6232,missing_file,
6233,missing_file,
6234,missing_file,
6235,missing_file,
6236,missing_file,
6237,missing_file,
6238,missing_file,
6239,missing_file,
6240,missing_file,
6241,missing_file,
6242,missing_file,
6243,missing_file,
6244,missing_file,
6245,missing_file,
6246,missing_file,
6247,missing_file,
6248,missing_file,
6249,missing_file,
6250,missing_file,
6251,missing_file,
6252,missing_file,
6253,missing_file,
6254,missing_file,
6255,missing_file,
6256,missing_file,
6257,missing_file,
6258,missing_file,
6259,missing_file,
6260,missing_file,
6261,missing_file,
6262,missing_file,
6263,missing_file,
6264,missing_file,
6265,missing_file,
6266,missing_file,
6267,missing_file,
6268,missing_file,
6269,missing_file,
6270,missing_file,
6271,missing_file,
6272,missing_file,
6273,missing_file,
6274,missing_file,
6275,missing_file,
6276,missing_file,
6277,missing_file,
6278,missing_file,
6279,missing_file,
6280,missing_file,
6281,missing_file,
6282,missing_file,
6283,missing_file,
6284,missing_file,
6285,missing_file,
6286,missing_file,
6287,missing_file,
6288,missing_file,
6289,missing_file,
6290,missing_file,
6291,missing_file,
6292,missing_file,
6293,missing_file,
6294,missing_file,
6295,missing_file,
6296,missing_file,
6297,missing_file,
6298,missing_file,
6299,missing_file,
6300,missing_file,
6301,missing_file,
6302,missing_file,
6303,missing_file,
6304,missing_file,
6305,missing_file,
6306,missing_file,
6307,missing_file,
6308,missing_file,
6309,missing_file,
6310,missing_file,
6311,missing_file,
6312,missing_file,
6313,missing_file,
6314,missing_file,
6315,missing_file,
6316,missing_file,
6317,missing_file,
6318,missing_file,
6319,missing_file,
6320,missing_file,
6321,missing_file,
6322,missing_file,
6323,missing_file,
6324,missing_file,
6325,missing_file,
6326,missing_file,
6327,missing_file,
6328,missing_file,
6329,missing_file,
6330,missing_file,
6331,missing_file,
6332,missing_file,
6333,missing_file,
6334,missing_file,
6335,missing_file,
6336,missing_file,
6337,missing_file,
6338,missing_file,
6339,missing_file,
6340,missing_file,
6341,missing_file,
6342,missing_file,
6343,missing_file,
6344,missing_file,
6345,missing_file,
6346,missing_file,
6347,missing_file,
6348,missing_file,
6349,missing_file,
6350,missing_file,
6351,missing_file,
6352,missing_file,
6353,missing_file,
6354,missing_file,
6355,missing_file,
6356,missing_file,
6357,missing_file,
6358,missing_file,
6359,missing_file,
6360,missing_file,
6361,missing_file,
6362,missing_file,
6363,missing_file,
6364,missing_file,
6365,missing_file,
6366,missing_file,
6367,missing_file,
6368,missing_file,
6369,missing_file,
6370,missing_file,
6371,missing_file,
6372,missing_file,
6373,missing_file,
6374,missing_file,
6375,missing_file,
6376,missing_file,
6377,missing_file,
6378,missing_file,
6379,missing_file,
6380,missing_file,
6381,missing_file,
6382,missing_file,
6383,missing_file,
6384,missing_file,
6385,missing_file,
6386,missing_file,
6387,missing_file,
6388,missing_file,
6389,missing_file,
6390,missing_file,
6391,missing_file,
6392,missing_file,
6393,missing_file,
6394,missing_file,
6395,missing_file,
6396,missing_file,
6397,missing_file,
6398,missing_file,
6399,missing_file,
6400,missing_file,
6401,missing_file,
6402,missing_file,
6403,missing_file,
6404,missing_file,
6405,missing_file,
6406,missing_file,
6407,missing_file,
6408,missing_file,
6409,missing_file,
6410,missing_file,
6411,missing_file,
6412,missing_file,
6413,missing_file,
6414,missing_file,
6415,missing_file,
6416,missing_file,
6417,missing_file,
6418,missing_file,
6419,missing_file,
6420,missing_file,
6421,missing_file,
6422,missing_file,
6423,missing_file,
6424,missing_file,
6425,missing_file,
6426,missing_file,
6427,missing_file,
6428,missing_file,
6429,missing_file,
6430,missing_file,
6431,missing_file,
6432,missing_file,
6433,missing_file,
6434,missing_file,
6435,missing_file,
6436,missing_file,
6437,missing_file,
6438,missing_file,
6439,missing_file,
6440,missing_file,
6441,missing_file,
6442,missing_file,
6443,missing_file,
6444,missing_file,
6445,missing_file,
6446,missing_file,
6447,missing_file,
6448,missing_file,
6449,missing_file,
6450,missing_file,
6451,missing_file,
6452,missing_file,
6453,missing_file,
6454,missing_file,
6455,missing_file,
6456,missing_file,
6457,missing_file,
6458,missing_file,
6459,missing_file,
6460,missing_file,
6461,missing_file,
6462,missing_file,
6463,missing_file,
6464,missing_file,
6465,missing_file,
6466,missing_file,
6467,missing_file,
6468,missing_file,
6469,missing_file,
6470,missing_file,
6471,missing_file,
6472,missing_file,
6473,missing_file,
6474,missing_file,
6475,missing_file,
6476,missing_file,
6477,missing_file,
6478,missing_file,
6479,missing_file,
6480,missing_file,
6481,missing_file,
6482,missing_file,
6483,missing_file,
6484,missing_file,
6485,missing_file,
6486,missing_file,
6487,missing_file,
6488,missing_file,
6489,missing_file,
6490,missing_file,
6491,missing_file,
6492,missing_file,
6493,missing_file,
6494,missing_file,
6495,missing_file,
6496,missing_file,
6497,missing_file,
6498,missing_file,
6499,missing_file,
6500,missing_file,
6501,missing_file,
6502,missing_file,
6503,missing_file,
6504,missing_file,
6505,missing_file,
6506,missing_file,
6507,missing_file,
6508,missing_file,
6509,missing_file,
6510,missing_file,
6511,missing_file,
6512,missing_file,
6513,missing_file,
6514,missing_file,
6515,missing_file,
6516,missing_file,
6517,missing_file,
6518,missing_file,
6519,missing_file,
6520,missing_file,
6521,missing_file,
6522,missing_file,
6523,missing_file,
6524,missing_file,
6525,missing_file,
6526,missing_file,
6527,missing_file,
6528,missing_file,
6529,missing_file,
6530,missing_file,
6531,missing_file,
6532,missing_file,
6533,missing_file,
6534,missing_file,
6535,missing_file,
6536,missing_file,
6537,missing_file,
6538,missing_file,
6539,missing_file,
6540,missing_file,
6541,missing_file,
6542,missing_file,
6543,missing_file,
6544,missing_file,
6545,missing_file,
6546,missing_file,
6547,missing_file,
6548,missing_file,
6549,missing_file,
6550,missing_file,
6551,missing_file,
6552,missing_file,
6553,missing_file,
6554,missing_file,
6555,missing_file,
6556,missing_file,
6557,missing_file,
6558,missing_file,
6559,missing_file,
6560,missing_file,
6561,missing_file,
6562,missing_file,
6563,missing_file,
6564,missing_file,
6565,missing_file,
6566,missing_file,
6567,missing_file,
6568,missing_file,
6569,missing_file,
6570,missing_file,
6571,missing_file,
6572,missing_file,
6573,missing_file,
6574,missing_file,
6575,missing_file,
6576,missing_file,
6577,missing_file,
6578,missing_file,
6579,missing_file,
6580,missing_file,
6581,missing_file,
6582,missing_file,
6583,missing_file,
6584,missing_file,
6585,missing_file,
6586,missing_file,
6587,missing_file,
6588,missing_file,
6589,missing_file,
6590,missing_file,
6591,missing_file,
6592,missing_file,
6593,missing_file,
6594,missing_file,
6595,missing_file,
6596,missing_file,
6597,missing_file,
6598,missing_file,
6599,missing_file,
6600,missing_file,
6601,missing_file,
6602,missing_file,
6603,missing_file,
6604,missing_file,
6605,missing_file,
6606,missing_file,
6607,missing_file,
6608,missing_file,
6609,missing_file,
6610,missing_file,
6611,missing_file,
6612,missing_file,
6613,missing_file,
6614,missing_file,
6615,missing_file,
6616,missing_file,
6617,missing_file,
6618,missing_file,
6619,missing_file,
6620,missing_file,
6621,missing_file,
6622,missing_file,
6623,missing_file,
6624,missing_file,
6625,missing_file,
6626,missing_file,
6627,missing_file,
6628,missing_file,
6629,missing_file,
6630,missing_file,
6631,missing_file,
6632,missing_file,
6633,missing_file,
6634,missing_file,
6635,missing_file,
6636,missing_file,
6637,missing_file,
6638,missing_file,
6639,missing_file,
6640,missing_file,
6641,missing_file,
6642,missing_file,
6643,missing_file,
6644,missing_file,
6645,missing_file,
6646,missing_file,
6647,missing_file,
6648,missing_file,
6649,missing_file,
6650,missing_file,
6651,missing_file,
6652,missing_file,
6653,missing_file,
6654,missing_file,
6655,missing_file,
6656,missing_file,
6657,missing_file,
6658,missing_file,
6659,missing_file,
6660,missing_file,
6661,missing_file,
6662,missing_file,
6663,missing_file,
6664,missing_file,
6665,missing_file,
6666,missing_file,
6667,missing_file,
6668,missing_file,
6669,missing_file,
6670,missing_file,
6671,missing_file,
6672,missing_file,
6673,missing_file,
6674,missing_file,
6675,missing_file,
6676,missing_file,
6677,missing_file,
6678,missing_file,
6679,missing_file,
6680,missing_file,
6681,missing_file,
6682,missing_file,
6683,missing_file,
6684,missing_file,
6685,missing_file,
6686,missing_file,
6687,missing_file,
6688,missing_file,
6689,missing_file,
6690,missing_file,
6691,missing_file,
6692,missing_file,
6693,missing_file,
6694,missing_file,
6695,missing_file,
6696,missing_file,
6697,missing_file,
6698,missing_file,
6699,missing_file,
6700,missing_file,
6701,missing_file,
6702,missing_file,
6703,missing_file,
6704,missing_file,
6705,missing_file,
6706,missing_file,
6707,missing_file,
6708,missing_file,
6709,missing_file,
6710,missing_file,
6711,missing_file,
6712,missing_file,
6713,missing_file,
6714,missing_file,
6715,missing_file,
6716,missing_file,
6717,missing_file,
6718,missing_file,
6719,missing_file,
6720,missing_file,
6721,missing_file,
6722,missing_file,
6723,missing_file,
6724,missing_file,
6725,missing_file,
6726,missing_file,
6727,missing_file,
6728,missing_file,
6729,missing_file,
6730,missing_file,
6731,missing_file,
6732,missing_file,
6733,missing_file,
6734,missing_file,
6735,missing_file,
6736,missing_file,
6737,missing_file,
6738,missing_file,
6739,missing_file,
6740,missing_file,
6741,missing_file,
6742,missing_file,
6743,missing_file,
6744,missing_file,
6745,missing_file,
6746,missing_file,
6747,missing_file,
6748,missing_file,
6749,missing_file,
6750,missing_file,
6751,missing_file,
6752,missing_file,
6753,missing_file,
6754,missing_file,
6755,missing_file,
6756,missing_file,
6757,missing_file,
6758,missing_file,
6759,missing_file,
6760,missing_file,
6761,missing_file,
6762,missing_file,
6763,missing_file,
6764,missing_file,
6765,missing_file,
6766,missing_file,
6767,missing_file,
6768,missing_file,
6769,missing_file,
6770,missing_file,
6771,missing_file,
6772,missing_file,
6773,missing_file,
6774,missing_file,
6775,missing_file,
6776,missing_file,
6777,missing_file,
6778,missing_file,
6779,missing_file,
6780,missing_file,
6781,missing_file,
6782,missing_file,
6783,missing_file,
6784,missing_file,
6785,missing_file,
6786,missing_file,
6787,missing_file,
6788,missing_file,
6789,missing_file,
6790,missing_file,
6791,missing_file,
6792,missing_file,
6793,missing_file,
6794,missing_file,
6795,missing_file,
6796,missing_file,
6797,missing_file,
6798,missing_file,
6799,missing_file,
6800,missing_file,
6801,missing_file,
6802,missing_file,
6803,missing_file,
6804,missing_file,
6805,missing_file,
6806,missing_file,
6807,missing_file,
6808,missing_file,
6809,missing_file,
6810,missing_file,
6811,missing_file,
6812,missing_file,
6813,missing_file,
6814,missing_file,
6815,missing_file,
6816,missing_file,
6817,missing_file,
6818,missing_file,
6819,missing_file,
6820,missing_file,
6821,missing_file,
6822,missing_file,
6823,missing_file,
6824,missing_file,
6825,missing_file,
6826,missing_file,
6827,missing_file,
6828,missing_file,
6829,missing_file,
6830,missing_file,
6831,missing_file,
6832,missing_file,
6833,missing_file,
6834,missing_file,
6835,missing_file,
6836,missing_file,
6837,missing_file,
6838,missing_file,
6839,missing_file,
6840,missing_file,
6841,missing_file,
6842,missing_file,
6843,missing_file,
6844,missing_file,
6845,missing_file,
6846,missing_file,
6847,missing_file,
6848,missing_file,
6849,missing_file,
6850,missing_file,
6851,missing_file,
6852,missing_file,
6853,missing_file,
6854,missing_file,
6855,missing_file,
6856,missing_file,
6857,missing_file,
6858,missing_file,
6859,missing_file,
6860,missing_file,
6861,missing_file,
6862,missing_file,
6863,missing_file,
6864,missing_file,
6865,missing_file,
6866,missing_file,
6867,missing_file,
6868,missing_file,
6869,missing_file,
6870,missing_file,
6871,missing_file,
6872,missing_file,
6873,missing_file,
6874,missing_file,
6875,missing_file,
6876,missing_file,
6877,missing_file,
6878,missing_file,
6879,missing_file,
6880,missing_file,
6881,missing_file,
6882,missing_file,
6883,missing_file,
6884,missing_file,
6885,missing_file,
6886,missing_file,
6887,missing_file,
6888,missing_file,
6889,missing_file,
6890,missing_file,
6891,missing_file,
6892,missing_file,
6893,missing_file,
6894,missing_file,
6895,missing_file,
6896,missing_file,
6897,missing_file,
6898,missing_file,
6899,missing_file,
6900,missing_file,
6901,missing_file,
6902,missing_file,
6903,missing_file,
6904,missing_file,
6905,missing_file,
6906,missing_file,
6907,missing_file,
6908,missing_file,
6909,missing_file,
6910,missing_file,
6911,missing_file,
6912,missing_file,
6913,missing_file,
6914,missing_file,
6915,missing_file,
6916,missing_file,
6917,missing_file,
6918,missing_file,
6919,missing_file,
6920,missing_file,
6921,missing_file,
6922,missing_file,
6923,missing_file,
6924,missing_file,
6925,missing_file,
6926,missing_file,
6927,missing_file,
6928,missing_file,
6929,missing_file,
6930,missing_file,
6931,missing_file,
6932,missing_file,
6933,missing_file,
6934,missing_file,
6935,missing_file,
6936,missing_file,
6937,missing_file,
6938,missing_file,
6939,missing_file,
6940,missing_file,
6941,missing_file,
6942,missing_file,
6943,missing_file,
6944,missing_file,
6945,missing_file,
6946,missing_file,
6947,missing_file,
6948,missing_file,
6949,missing_file,
6950,missing_file,
6951,missing_file,
6952,missing_file,
6953,missing_file,
6954,missing_file,
6955,missing_file,
6956,missing_file,
6957,missing_file,
6958,missing_file,
6959,missing_file,
6960,missing_file,
6961,missing_file,
6962,missing_file,
6963,missing_file,
6964,missing_file,
6965,missing_file,
6966,missing_file,
6967,missing_file,
6968,missing_file,
6969,missing_file,
6970,missing_file,
6971,missing_file,
6972,missing_file,
6973,missing_file,
6974,missing_file,
6975,missing_file,
6976,missing_file,
6977,missing_file,
6978,missing_file,
6979,missing_file,
6980,missing_file,
6981,missing_file,
6982,missing_file,
6983,missing_file,
6984,missing_file,
6985,missing_file,
6986,missing_file,
6987,missing_file,
6988,missing_file,
6989,missing_file,
6990,missing_file,
6991,missing_file,
6992,missing_file,
6993,missing_file,
6994,missing_file,
6995,missing_file,
6996,missing_file,
6997,missing_file,
6998,missing_file,
6999,missing_file,
7000,missing_file,
7001,missing_file,
7002,missing_file,
7003,missing_file,
7004,missing_file,
7005,missing_file,
7006,missing_file,
7007,missing_file,
7008,missing_file,
7009,missing_file,
7010,missing_file,
7011,missing_file,
7012,missing_file,
7013,missing_file,
7014,missing_file,
7015,missing_file,
7016,missing_file,
7017,missing_file,
7018,missing_file,
7019,missing_file,
7020,missing_file,
7021,missing_file,
7022,missing_file,
7023,missing_file,
7024,missing_file,
7025,missing_file,
7026,missing_file,
7027,missing_file,
7028,missing_file,
7029,missing_file,
7030,missing_file,
7031,missing_file,
7032,missing_file,
7033,missing_file,
7034,missing_file,
7035,missing_file,
7036,missing_file,
7037,missing_file,
7038,missing_file,
7039,missing_file,
7040,missing_file,
7041,missing_file,
7042,missing_file,
7043,missing_file,
7044,missing_file,
7045,missing_file,
7046,missing_file,
7047,missing_file,
7048,missing_file,
7049,missing_file,
7050,missing_file,
7051,missing_file,
7052,missing_file,
7053,missing_file,
7054,missing_file,
7055,missing_file,
7056,missing_file,
7057,missing_file,
7058,missing_file,
7059,missing_file,
7060,missing_file,
7061,missing_file,
7062,missing_file,
7063,missing_file,
7064,missing_file,
7065,missing_file,
7066,missing_file,
7067,missing_file,
7068,missing_file,
7069,missing_file,
7070,missing_file,
7071,missing_file,
7072,missing_file,
7073,missing_file,
7074,missing_file,
7075,missing_file,
7076,missing_file,
7077,missing_file,
7078,missing_file,
7079,missing_file,
7080,missing_file,
7081,missing_file,
7082,missing_file,
7083,missing_file,
7084,missing_file,
7085,missing_file,
7086,missing_file,
7087,missing_file,
7088,missing_file,
7089,missing_file,
7090,missing_file,
7091,missing_file,
7092,missing_file,
7093,missing_file,
7094,missing_file,
7095,missing_file,
7096,missing_file,
7097,missing_file,
7098,missing_file,
7099,missing_file,
7100,missing_file,
7101,missing_file,
7102,missing_file,
7103,missing_file,
7104,missing_file,
7105,missing_file,
7106,missing_file,
7107,missing_file,
7108,missing_file,
7109,missing_file,
7110,missing_file,
7111,missing_file,
7112,missing_file,
7113,missing_file,
7114,missing_file,
7115,missing_file,
7116,missing_file,
7117,missing_file,
7118,missing_file,
7119,missing_file,
7120,missing_file,
7121,missing_file,
7122,missing_file,
7123,missing_file,
7124,missing_file,
7125,missing_file,
7126,missing_file,
7127,missing_file,
7128,missing_file,
7129,missing_file,
7130,missing_file,
7131,missing_file,
7132,missing_file,
7133,missing_file,
7134,missing_file,
7135,missing_file,
7136,missing_file,
7137,missing_file,
7138,missing_file,
7139,missing_file,
7140,missing_file,
7141,missing_file,
7142,missing_file,
7143,missing_file,
7144,missing_file,
7145,missing_file,
7146,missing_file,
7147,missing_file,
7148,missing_file,
7149,missing_file,
7150,missing_file,
7151,missing_file,
7152,missing_file,
7153,missing_file,
7154,missing_file,
7155,missing_file,
7156,missing_file,
7157,missing_file,
7158,missing_file,
7159,missing_file,
7160,missing_file,
7161,missing_file,
7162,missing_file,
7163,missing_file,
7164,missing_file,
7165,missing_file,
7166,missing_file,
7167,missing_file,
7168,missing_file,
7169,missing_file,
7170,missing_file,
7171,missing_file,
7172,missing_file,
7173,missing_file,
7174,missing_file,
7175,missing_file,
7176,missing_file,
7177,missing_file,
7178,missing_file,
7179,missing_file,
7180,missing_file,
7181,missing_file,
7182,missing_file,
7183,missing_file,
7184,missing_file,
7185,missing_file,
7186,missing_file,
7187,missing_file,
7188,missing_file,
7189,missing_file,
7190,missing_file,
7191,missing_file,
7192,missing_file,
7193,missing_file,
7194,missing_file,
7195,missing_file,
7196,missing_file,
7197,missing_file,
7198,missing_file,
7199,missing_file,
7200,missing_file,
7201,missing_file,
7202,missing_file,
7203,missing_file,
7204,missing_file,
7205,missing_file,
7206,missing_file,
7207,missing_file,
7208,missing_file,
7209,missing_file,
7210,missing_file,
7211,missing_file,
7212,missing_file,
7213,missing_file,
7214,missing_file,
7215,missing_file,
7216,missing_file,
7217,missing_file,
7218,missing_file,
7219,missing_file,
7220,missing_file,
7221,missing_file,
7222,missing_file,
7223,missing_file,
7224,missing_file,
7225,missing_file,
7226,missing_file,
7227,missing_file,
7228,missing_file,
7229,missing_file,
7230,missing_file,
7231,missing_file,
7232,missing_file,
7233,missing_file,
7234,missing_file,
7235,missing_file,
7236,missing_file,
7237,missing_file,
7238,missing_file,
7239,missing_file,
7240,missing_file,
7241,missing_file,
7242,missing_file,
7243,missing_file,
7244,missing_file,
7245,missing_file,
7246,missing_file,
7247,missing_file,
7248,missing_file,
7249,missing_file,
7250,missing_file,
7251,missing_file,
7252,missing_file,
7253,missing_file,
7254,missing_file,
7255,missing_file,
7256,missing_file,
7257,missing_file,
7258,missing_file,
7259,missing_file,
7260,missing_file,
7261,missing_file,
7262,missing_file,
7263,missing_file,
7264,missing_file,
7265,missing_file,
7266,missing_file,
7267,missing_file,
7268,missing_file,
7269,missing_file,
7270,missing_file,
7271,missing_file,
7272,missing_file,
7273,missing_file,
7274,missing_file,
7275,missing_file,
7276,missing_file,
7277,missing_file,
7278,missing_file,
7279,missing_file,
7280,missing_file,
7281,missing_file,
7282,missing_file,
7283,missing_file,
7284,missing_file,
7285,missing_file,
7286,missing_file,
7287,missing_file,
7288,missing_file,
7289,missing_file,
7290,missing_file,
7291,missing_file,
7292,missing_file,
7293,missing_file,
7294,missing_file,
7295,missing_file,
7296,missing_file,
7297,missing_file,
7298,missing_file,
7299,missing_file,
7300,missing_file,
7301,missing_file,
7302,missing_file,
7303,missing_file,
7304,missing_file,
7305,missing_file,
7306,missing_file,
7307,missing_file,
7308,missing_file,
7309,missing_file,
7310,missing_file,
7311,missing_file,
7312,missing_file,
7313,missing_file,
7314,missing_file,
7315,missing_file,
7316,missing_file,
7317,missing_file,
7318,missing_file,
7319,missing_file,
7320,missing_file,
7321,missing_file,
7322,missing_file,
7323,missing_file,
7324,missing_file,
7325,missing_file,
7326,missing_file,
7327,missing_file,
7328,missing_file,
7329,missing_file,
7330,missing_file,
7331,missing_file,
7332,missing_file,
7333,missing_file,
7334,missing_file,
7335,missing_file,
7336,missing_file,
7337,missing_file,
7338,missing_file,
7339,missing_file,
7340,missing_file,
7341,missing_file,
7342,missing_file,
7343,missing_file,
7344,missing_file,
7345,missing_file,
7346,missing_file,
7347,missing_file,
7348,missing_file,
7349,missing_file,
7350,missing_file,
7351,missing_file,
7352,missing_file,
7353,missing_file,
7354,missing_file,
7355,missing_file,
7356,missing_file,
7357,missing_file,
7358,missing_file,
7359,missing_file,
7360,missing_file,
7361,missing_file,
7362,missing_file,
7363,missing_file,
7364,missing_file,
7365,missing_file,
7366,missing_file,
7367,missing_file,
7368,missing_file,
7369,missing_file,
7370,missing_file,
7371,missing_file,
7372,missing_file,
7373,missing_file,
7374,missing_file,
7375,missing_file,
7376,missing_file,
7377,missing_file,
7378,missing_file,
7379,missing_file,
7380,missing_file,
7381,missing_file,
7382,missing_file,
7383,missing_file,
7384,missing_file,
7385,missing_file,
7386,missing_file,
7387,missing_file,
7388,missing_file,
7389,missing_file,
7390,missing_file,
7391,missing_file,
7392,missing_file,
7393,missing_file,
7394,missing_file,
7395,missing_file,
7396,missing_file,
7397,missing_file,
7398,missing_file,
7399,missing_file,
7400,missing_file,
7401,missing_file,
7402,missing_file,
7403,missing_file,
7404,missing_file,
7405,missing_file,
7406,missing_file,
7407,missing_file,
7408,missing_file,
7409,missing_file,
7410,missing_file,
7411,missing_file,
7412,missing_file,
7413,missing_file,
7414,missing_file,
7415,missing_file,
7416,missing_file,
7417,missing_file,
7418,missing_file,
7419,missing_file,
7420,missing_file,
7421,missing_file,
7422,missing_file,
7423,missing_file,
7424,missing_file,
7425,missing_file,
7426,missing_file,
7427,missing_file,
7428,missing_file,
7429,missing_file,
7430,missing_file,
7431,missing_file,
7432,missing_file,
7433,missing_file,
7434,missing_file,
7435,missing_file,
7436,missing_file,
7437,missing_file,
7438,missing_file,
7439,missing_file,
7440,missing_file,
7441,missing_file,
7442,missing_file,
7443,missing_file,
7444,missing_file,
7445,missing_file,
7446,missing_file,
7447,missing_file,
7448,missing_file,
7449,missing_file,
7450,missing_file,
7451,missing_file,
7452,missing_file,
7453,missing_file,
7454,missing_file,
7455,missing_file,
7456,missing_file,
7457,missing_file,
7458,missing_file,
7459,missing_file,
7460,missing_file,
7461,missing_file,
7462,missing_file,
7463,missing_file,
7464,missing_file,
7465,missing_file,
7466,missing_file,
7467,missing_file,
7468,missing_file,
7469,missing_file,
7470,missing_file,
7471,missing_file,
7472,missing_file,
7473,missing_file,
7474,missing_file,
7475,missing_file,
7476,missing_file,
7477,missing_file,
7478,missing_file,
7479,missing_file,
7480,missing_file,
7481,missing_file,
7482,missing_file,
7483,missing_file,
7484,missing_file,
7485,missing_file,
7486,missing_file,
7487,missing_file,
7488,missing_file,
7489,missing_file,
7490,missing_file,
7491,missing_file,
7492,missing_file,
7493,missing_file,
7494,missing_file,
7495,missing_file,
7496,missing_file,
7497,missing_file,
7498,missing_file,
7499,missing_file,
7500,missing_file,
7501,missing_file,
7502,missing_file,
7503,missing_file,
7504,missing_file,
7505,missing_file,
7506,missing_file,
7507,missing_file,
7508,missing_file,
7509,missing_file,
7510,missing_file,
7511,missing_file,
7512,missing_file,
7513,missing_file,
7514,missing_file,
7515,missing_file,
7516,missing_file,
7517,missing_file,
7518,missing_file,
7519,missing_file,
7520,missing_file,
7521,missing_file,
7522,missing_file,
7523,missing_file,
7524,missing_file,
7525,missing_file,
7526,missing_file,
7527,missing_file,
7528,missing_file,
7529,missing_file,
7530,missing_file,
7531,missing_file,
7532,missing_file,
7533,missing_file,
7534,missing_file,
7535,missing_file,
7536,missing_file,
7537,missing_file,
7538,missing_file,
7539,missing_file,
7540,missing_file,
7541,missing_file,
7542,missing_file,
7543,missing_file,
7544,missing_file,
7545,missing_file,
7546,missing_file,
7547,missing_file,
7548,missing_file,
7549,missing_file,
7550,missing_file,
7551,missing_file,
7552,missing_file,
7553,missing_file,
7554,missing_file,
7555,missing_file,
7556,missing_file,
7557,missing_file,
7558,missing_file,
7559,missing_file,
7560,missing_file,
7561,missing_file,
7562,missing_file,
7563,missing_file,
7564,missing_file,
7565,missing_file,
7566,missing_file,
7567,missing_file,
7568,missing_file,
7569,missing_file,
7570,missing_file,
7571,missing_file,
7572,missing_file,
7573,missing_file,
7574,missing_file,
7575,missing_file,
7576,missing_file,
7577,missing_file,
7578,missing_file,
7579,missing_file,
7580,missing_file,
7581,missing_file,
7582,missing_file,
7583,missing_file,
7584,missing_file,
7585,missing_file,
7586,missing_file,
7587,missing_file,
7588,missing_file,
7589,missing_file,
7590,missing_file,
7591,missing_file,
7592,missing_file,
7593,missing_file,
7594,missing_file,
7595,missing_file,
7596,missing_file,
7597,missing_file,
7598,missing_file,
7599,missing_file,
7600,missing_file,
7601,missing_file,
7602,missing_file,
7603,missing_file,
7604,missing_file,
7605,missing_file,
7606,missing_file,
7607,missing_file,
7608,missing_file,
7609,missing_file,
7610,missing_file,
7611,missing_file,
7612,missing_file,
7613,missing_file,
7614,missing_file,
7615,missing_file,
7616,missing_file,
7617,missing_file,
7618,missing_file,
7619,missing_file,
7620,missing_file,
7621,missing_file,
7622,missing_file,
7623,missing_file,
7624,missing_file,
7625,missing_file,
7626,missing_file,
7627,missing_file,
7628,missing_file,
7629,missing_file,
7630,missing_file,
7631,missing_file,
7632,missing_file,
7633,missing_file,
7634,missing_file,
7635,missing_file,
7636,missing_file,
7637,missing_file,
7638,missing_file,
7639,missing_file,
7640,missing_file,
7641,missing_file,
7642,missing_file,
7643,missing_file,
7644,missing_file,
7645,missing_file,
7646,missing_file,
7647,missing_file,
7648,missing_file,
7649,missing_file,
7650,missing_file,
7651,missing_file,
7652,missing_file,
7653,missing_file,
7654,missing_file,
7655,missing_file,
7656,missing_file,
7657,missing_file,
7658,missing_file,
7659,missing_file,
7660,missing_file,
7661,missing_file,
7662,missing_file,
7663,missing_file,
7664,missing_file,
7665,missing_file,
7666,missing_file,
7667,missing_file,
7668,missing_file,
7669,missing_file,
7670,missing_file,
7671,missing_file,
7672,missing_file,
7673,missing_file,
7674,missing_file,
7675,missing_file,
7676,missing_file,
7677,missing_file,
7678,missing_file,
7679,missing_file,
7680,missing_file,
7681,missing_file,
7682,missing_file,
7683,missing_file,
7684,missing_file,
7685,missing_file,
7686,missing_file,
7687,missing_file,
7688,missing_file,
7689,missing_file,
7690,missing_file,
7691,missing_file,
7692,missing_file,
7693,missing_file,
7694,missing_file,
7695,missing_file,
7696,missing_file,
7697,missing_file,
7698,missing_file,
7699,missing_file,
7700,missing_file,
7701,missing_file,
7702,missing_file,
7703,missing_file,
7704,missing_file,
7705,missing_file,
7706,missing_file,
7707,missing_file,
7708,missing_file,
7709,missing_file,
7710,missing_file,
7711,missing_file,
7712,missing_file,
7713,missing_file,
7714,missing_file,
7715,missing_file,
7716,missing_file,
7717,missing_file,
7718,missing_file,
7719,missing_file,
7720,missing_file,
7721,missing_file,
7722,missing_file,
7723,missing_file,
7724,missing_file,
7725,missing_file,
7726,missing_file,
7727,missing_file,
7728,missing_file,
7729,missing_file,
7730,missing_file,
7731,missing_file,
7732,missing_file,
7733,missing_file,
7734,missing_file,
7735,missing_file,
7736,missing_file,
7737,missing_file,
7738,missing_file,
7739,missing_file,
7740,missing_file,
7741,missing_file,
7742,missing_file,
7743,missing_file,
7744,missing_file,
7745,missing_file,
7746,missing_file,
7747,missing_file,
7748,missing_file,
7749,missing_file,
7750,missing_file,
7751,missing_file,
7752,missing_file,
7753,missing_file,
7754,missing_file,
7755,missing_file,
7756,missing_file,
7757,missing_file,
7758,missing_file,
7759,missing_file,
7760,missing_file,
7761,missing_file,
7762,missing_file,
7763,missing_file,
7764,missing_file,
7765,missing_file,
7766,missing_file,
7767,missing_file,
7768,missing_file,
7769,missing_file,
7770,missing_file,
7771,missing_file,
7772,missing_file,
7773,missing_file,
7774,missing_file,
7775,missing_file,
7776,missing_file,
7777,missing_file,
7778,missing_file,
7779,missing_file,
7780,missing_file,
7781,missing_file,
7782,missing_file,
7783,missing_file,
7784,missing_file,
7785,missing_file,
7786,missing_file,
7787,missing_file,
7788,missing_file,
7789,missing_file,
7790,missing_file,
7791,missing_file,
7792,missing_file,
7793,missing_file,
7794,missing_file,
7795,missing_file,
7796,missing_file,
7797,missing_file,
7798,missing_file,
7799,missing_file,
7800,missing_file,
7801,missing_file,
7802,missing_file,
7803,missing_file,
7804,missing_file,
7805,missing_file,
7806,missing_file,
7807,missing_file,
7808,missing_file,
7809,missing_file,
7810,missing_file,
7811,missing_file,
7812,missing_file,
7813,missing_file,
7814,missing_file,
7815,missing_file,
7816,missing_file,
7817,missing_file,
7818,missing_file,
7819,missing_file,
7820,missing_file,
7821,missing_file,
7822,missing_file,
7823,missing_file,
7824,missing_file,
7825,missing_file,
7826,missing_file,
7827,missing_file,
7828,missing_file,
7829,missing_file,
7830,missing_file,
7831,missing_file,
7832,missing_file,
7833,missing_file,
7834,missing_file,
7835,missing_file,
7836,missing_file,
7837,missing_file,
7838,missing_file,
7839,missing_file,
7840,missing_file,
7841,missing_file,
7842,missing_file,
7843,missing_file,
7844,missing_file,
7845,missing_file,
7846,missing_file,
7847,missing_file,
7848,missing_file,
7849,missing_file,
7850,missing_file,
7851,missing_file,
7852,missing_file,
7853,missing_file,
7854,missing_file,
7855,missing_file,
7856,missing_file,
7857,missing_file,
7858,missing_file,
7859,missing_file,
7860,missing_file,
7861,missing_file,
7862,missing_file,
7863,missing_file,
7864,missing_file,
7865,missing_file,
7866,missing_file,
7867,missing_file,
7868,missing_file,
7869,missing_file,
7870,missing_file,
7871,missing_file,
7872,missing_file,
7873,missing_file,
7874,missing_file,
7875,missing_file,
7876,missing_file,
7877,missing_file,
7878,missing_file,
7879,missing_file,
7880,missing_file,
7881,missing_file,
7882,missing_file,
7883,missing_file,
7884,missing_file,
7885,missing_file,
7886,missing_file,
7887,missing_file,
7888,missing_file,
7889,missing_file,
7890,missing_file,
7891,missing_file,
7892,missing_file,
7893,missing_file,
7894,missing_file,
7895,missing_file,
7896,missing_file,
7897,missing_file,
7898,missing_file,
7899,missing_file,
7900,missing_file,
7901,missing_file,
7902,missing_file,
7903,missing_file,
7904,missing_file,
7905,missing_file,
7906,missing_file,
7907,missing_file,
7908,missing_file,
7909,missing_file,
7910,missing_file,
7911,missing_file,
7912,missing_file,
7913,missing_file,
7914,missing_file,
7915,missing_file,
7916,missing_file,
7917,missing_file,
7918,missing_file,
7919,missing_file,
7920,missing_file,
7921,missing_file,
7922,missing_file,
7923,missing_file,
7924,missing_file,
7925,missing_file,
7926,missing_file,
7927,missing_file,
7928,missing_file,
7929,missing_file,
7930,missing_file,
7931,missing_file,
7932,missing_file,
7933,missing_file,
7934,missing_file,
7935,missing_file,
7936,missing_file,
7937,missing_file,
7938,missing_file,
7939,missing_file,
7940,missing_file,
7941,missing_file,
7942,missing_file,
7943,missing_file,
7944,missing_file,
7945,missing_file,
7946,missing_file,
7947,missing_file,
7948,missing_file,
7949,missing_file,
7950,missing_file,
7951,missing_file,
7952,missing_file,
7953,missing_file,
7954,missing_file,
7955,missing_file,
7956,missing_file,
7957,missing_file,
7958,missing_file,
7959,missing_file,
7960,missing_file,
7961,missing_file,
7962,missing_file,
7963,missing_file,
7964,missing_file,
7965,missing_file,
7966,missing_file,
7967,missing_file,
7968,missing_file,
7969,missing_file,
7970,missing_file,
7971,missing_file,
7972,missing_file,
7973,missing_file,
7974,missing_file,
7975,missing_file,
7976,missing_file,
7977,missing_file,
7978,missing_file,
7979,missing_file,
7980,missing_file,
7981,missing_file,
7982,missing_file,
7983,missing_file,
7984,missing_file,
7985,missing_file,
7986,missing_file,
7987,missing_file,
7988,missing_file,
7989,missing_file,
7990,missing_file,
7991,missing_file,
7992,missing_file,
7993,missing_file,
7994,missing_file,
7995,missing_file,
7996,missing_file,
7997,missing_file,
7998,missing_file,
7999,missing_file,
8000,missing_file,
8001,missing_file,
8002,missing_file,
8003,missing_file,
8004,missing_file,
8005,missing_file,
8006,missing_file,
8007,missing_file,
8008,missing_file,
8009,missing_file,
8010,missing_file,
8011,missing_file,
8012,missing_file,
8013,missing_file,
8014,missing_file,
8015,missing_file,
8016,missing_file,
8017,missing_file,
8018,missing_file,
8019,missing_file,
8020,missing_file,
8021,missing_file,
8022,missing_file,
8023,missing_file,
8024,missing_file,
8025,missing_file,
8026,missing_file,
8027,missing_file,
8028,missing_file,
8029,missing_file,
8030,missing_file,
8031,missing_file,
8032,missing_file,
8033,missing_file,
8034,missing_file,
8035,missing_file,
8036,missing_file,
8037,missing_file,
8038,missing_file,
8039,missing_file,
8040,missing_file,
8041,missing_file,
8042,missing_file,
8043,missing_file,
8044,missing_file,
8045,missing_file,
8046,missing_file,
8047,missing_file,
8048,missing_file,
8049,missing_file,
8050,missing_file,
8051,missing_file,
8052,missing_file,
8053,missing_file,
8054,missing_file,
8055,missing_file,
8056,missing_file,
8057,missing_file,
8058,missing_file,
8059,missing_file,
8060,missing_file,
8061,missing_file,
8062,missing_file,
8063,missing_file,
8064,missing_file,
8065,missing_file,
8066,missing_file,
8067,missing_file,
8068,missing_file,
8069,missing_file,
8070,missing_file,
8071,missing_file,
8072,missing_file,
8073,missing_file,
8074,missing_file,
8075,missing_file,
8076,missing_file,
8077,missing_file,
8078,missing_file,
8079,missing_file,
8080,missing_file,
8081,missing_file,
8082,missing_file,
8083,missing_file,
8084,missing_file,
8085,missing_file,
8086,missing_file,
8087,missing_file,
8088,missing_file,
8089,missing_file,
8090,missing_file,
8091,missing_file,
8092,missing_file,
8093,missing_file,
8094,missing_file,
8095,missing_file,
8096,missing_file,
8097,missing_file,
8098,missing_file,
8099,missing_file,
8100,missing_file,
8101,missing_file,
8102,missing_file,
8103,missing_file,
8104,missing_file,
8105,missing_file,
8106,missing_file,
8107,missing_file,
8108,missing_file,
8109,missing_file,
8110,missing_file,
8111,missing_file,
8112,missing_file,
8113,missing_file,
8114,missing_file,
8115,missing_file,
8116,missing_file,
8117,missing_file,
8118,missing_file,
8119,missing_file,
8120,missing_file,
8121,missing_file,
8122,missing_file,
8123,missing_file,
8124,missing_file,
8125,missing_file,
8126,missing_file,
8127,missing_file,
8128,missing_file,
8129,missing_file,
8130,missing_file,
8131,missing_file,
8132,missing_file,
8133,missing_file,
8134,missing_file,
8135,missing_file,
8136,missing_file,
8137,missing_file,
8138,missing_file,
8139,missing_file,
8140,missing_file,
8141,missing_file,
8142,missing_file,
8143,missing_file,
8144,missing_file,
8145,missing_file,
8146,missing_file,
8147,missing_file,
8148,missing_file,
8149,missing_file,
8150,missing_file,
8151,missing_file,
8152,missing_file,
8153,missing_file,
8154,missing_file,
8155,missing_file,
8156,missing_file,
8157,missing_file,
8158,missing_file,
8159,missing_file,
8160,missing_file,
8161,missing_file,
8162,missing_file,
8163,missing_file,
8164,missing_file,
8165,missing_file,
8166,missing_file,
8167,missing_file,
8168,missing_file,
8169,missing_file,
8170,missing_file,
8171,missing_file,
8172,missing_file,
8173,missing_file,
8174,missing_file,
8175,missing_file,
8176,missing_file,
8177,missing_file,
8178,missing_file,
8179,missing_file,
8180,missing_file,
8181,missing_file,
8182,missing_file,
8183,missing_file,
8184,missing_file,
8185,missing_file,
8186,missing_file,
8187,missing_file,
8188,missing_file,
8189,missing_file,
8190,missing_file,
8191,missing_file,
8192,missing_file,
8193,missing_file,
8194,missing_file,
8195,missing_file,
8196,missing_file,
8197,missing_file,
8198,missing_file,
8199,missing_file,
8200,missing_file,
8201,missing_file,
8202,missing_file,
8203,missing_file,
8204,missing_file,
8205,missing_file,
8206,missing_file,
8207,missing_file,
8208,missing_file,
8209,missing_file,
8210,missing_file,
8211,missing_file,
8212,missing_file,
8213,missing_file,
8214,missing_file,
8215,missing_file,
8216,missing_file,
8217,missing_file,
8218,missing_file,
8219,missing_file,
8220,missing_file,
8221,missing_file,
8222,missing_file,
8223,missing_file,
8224,missing_file,
8225,missing_file,
8226,missing_file,
8227,missing_file,
8228,missing_file,
8229,missing_file,
8230,missing_file,
8231,missing_file,
8232,missing_file,
8233,missing_file,
8234,missing_file,
8235,missing_file,
8236,missing_file,
8237,missing_file,
8238,missing_file,
8239,missing_file,
8240,missing_file,
8241,missing_file,
8242,missing_file,
8243,missing_file,
8244,missing_file,
8245,missing_file,
8246,missing_file,
8247,missing_file,
8248,missing_file,
8249,missing_file,
8250,missing_file,
8251,missing_file,
8252,missing_file,
8253,missing_file,
8254,missing_file,
8255,missing_file,
8256,missing_file,
8257,missing_file,
8258,missing_file,
8259,missing_file,
8260,missing_file,
8261,missing_file,
8262,missing_file,
8263,missing_file,
8264,missing_file,
8265,missing_file,
8266,missing_file,
8267,missing_file,
8268,missing_file,
8269,missing_file,
8270,missing_file,
8271,missing_file,
8272,missing_file,
8273,missing_file,
8274,missing_file,
8275,missing_file,
8276,missing_file,
8277,missing_file,
8278,missing_file,
8279,missing_file,
8280,missing_file,
8281,missing_file,
8282,missing_file,
8283,missing_file,
8284,missing_file,
8285,missing_file,
8286,missing_file,
8287,missing_file,
8288,missing_file,
8289,missing_file,
8290,missing_file,
8291,missing_file,
8292,missing_file,
8293,missing_file,
8294,missing_file,
8295,missing_file,
8296,missing_file,
8297,missing_file,
8298,missing_file,
8299,missing_file,
8300,missing_file,
8301,missing_file,
8302,missing_file,
8303,missing_file,
8304,missing_file,
8305,missing_file,
8306,missing_file,
8307,missing_file,
8308,missing_file,
8309,missing_file,
8310,missing_file,
8311,missing_file,
8312,missing_file,
8313,missing_file,
8314,missing_file,
8315,missing_file,
8316,missing_file,
8317,missing_file,
8318,missing_file,
8319,missing_file,
8320,missing_file,
8321,missing_file,
8322,missing_file,
8323,missing_file,
8324,missing_file,
8325,missing_file,
8326,missing_file,
8327,missing_file,
8328,missing_file,
8329,missing_file,
8330,missing_file,
8331,missing_file,
8332,missing_file,
8333,missing_file,
8334,missing_file,
8335,missing_file,
8336,missing_file,
8337,missing_file,
8338,missing_file,
8339,missing_file,
8340,missing_file,
8341,missing_file,
8342,missing_file,
8343,missing_file,
8344,missing_file,
8345,missing_file,
8346,missing_file,
8347,missing_file,
8348,missing_file,
8349,missing_file,
8350,missing_file,
8351,missing_file,
8352,missing_file,
8353,missing_file,
8354,missing_file,
8355,missing_file,
8356,missing_file,
8357,missing_file,
8358,missing_file,
8359,missing_file,
8360,missing_file,
8361,missing_file,
8362,missing_file,
8363,missing_file,
8364,missing_file,
8365,missing_file,
8366,missing_file,
8367,missing_file,
8368,missing_file,
8369,missing_file,
8370,missing_file,
8371,missing_file,
8372,missing_file,
8373,missing_file,
8374,missing_file,
8375,missing_file,
8376,missing_file,
8377,missing_file,
8378,missing_file,
8379,missing_file,
8380,missing_file,
8381,missing_file,
8382,missing_file,
8383,missing_file,
8384,missing_file,
8385,missing_file,
8386,missing_file,
8387,missing_file,
8388,missing_file,
8389,missing_file,
8390,missing_file,
8391,missing_file,
8392,missing_file,
8393,missing_file,
8394,missing_file,
8395,missing_file,
8396,missing_file,
8397,missing_file,
8398,missing_file,
8399,missing_file,
8400,missing_file,
8401,missing_file,
8402,missing_file,
8403,missing_file,
8404,missing_file,
8405,missing_file,
8406,missing_file,
8407,missing_file,
8408,missing_file,
8409,missing_file,
8410,missing_file,
8411,missing_file,
8412,missing_file,
8413,missing_file,
8414,missing_file,
8415,missing_file,
8416,missing_file,
8417,missing_file,
8418,missing_file,
8419,missing_file,
8420,missing_file,
8421,missing_file,
8422,missing_file,
8423,missing_file,
8424,missing_file,
8425,missing_file,
8426,missing_file,
8427,missing_file,
8428,missing_file,
8429,missing_file,
8430,missing_file,
8431,missing_file,
8432,missing_file,
8433,missing_file,
8434,missing_file,
8435,missing_file,
8436,missing_file,
8437,missing_file,
8438,missing_file,
8439,missing_file,
8440,missing_file,
8441,missing_file,
8442,missing_file,
8443,missing_file,
8444,missing_file,
8445,missing_file,
8446,missing_file,
8447,missing_file,
8448,missing_file,
8449,missing_file,
8450,missing_file,
8451,missing_file,
8452,missing_file,
8453,missing_file,
8454,missing_file,
8455,missing_file,
8456,missing_file,
8457,missing_file,
8458,missing_file,
8459,missing_file,
8460,missing_file,
8461,missing_file,
8462,missing_file,
8463,missing_file,
8464,missing_file,
8465,missing_file,
8466,missing_file,
8467,missing_file,
8468,missing_file,
8469,missing_file,
8470,missing_file,
8471,missing_file,
8472,missing_file,
8473,missing_file,
8474,missing_file,
8475,missing_file,
8476,missing_file,
8477,missing_file,
8478,missing_file,
8479,missing_file,
8480,missing_file,
8481,missing_file,
8482,missing_file,
8483,missing_file,
8484,missing_file,
8485,missing_file,
8486,missing_file,
8487,missing_file,
8488,missing_file,
8489,missing_file,
8490,missing_file,
8491,missing_file,
8492,missing_file,
8493,missing_file,
8494,missing_file,
8495,missing_file,
8496,missing_file,
8497,missing_file,
8498,missing_file,
8499,missing_file,
8500,missing_file,
8501,missing_file,
8502,missing_file,
8503,missing_file,
8504,missing_file,
8505,missing_file,
8506,missing_file,
8507,missing_file,
8508,missing_file,
8509,missing_file,
8510,missing_file,
8511,missing_file,
8512,missing_file,
8513,missing_file,
8514,missing_file,
8515,missing_file,
8516,missing_file,
8517,missing_file,
8518,missing_file,
8519,missing_file,
8520,missing_file,
8521,missing_file,
8522,missing_file,
8523,missing_file,
8524,missing_file,
8525,missing_file,
8526,missing_file,
8527,missing_file,
8528,missing_file,
8529,missing_file,
8530,missing_file,
8531,missing_file,
8532,missing_file,
8533,missing_file,
8534,missing_file,
8535,missing_file,
8536,missing_file,
8537,missing_file,
8538,missing_file,
8539,missing_file,
8540,missing_file,
8541,missing_file,
8542,missing_file,
8543,missing_file,
8544,missing_file,
8545,missing_file,
8546,missing_file,
8547,missing_file,
8548,missing_file,
8549,missing_file,
8550,missing_file,
8551,missing_file,
8552,missing_file,
8553,missing_file,
8554,missing_file,
8555,missing_file,
8556,missing_file,
8557,missing_file,
8558,missing_file,
8559,missing_file,
8560,missing_file,
8561,missing_file,
8562,missing_file,
8563,missing_file,
8564,missing_file,
8565,missing_file,
8566,missing_file,
8567,missing_file,
8568,missing_file,
8569,missing_file,
8570,missing_file,
8571,missing_file,
8572,missing_file,
8573,missing_file,
8574,missing_file,
8575,missing_file,
8576,missing_file,
8577,missing_file,
8578,missing_file,
8579,missing_file,
8580,missing_file,
8581,missing_file,
8582,missing_file,
8583,missing_file,
8584,missing_file,
8585,missing_file,
8586,missing_file,
8587,missing_file,
8588,missing_file,
8589,missing_file,
8590,missing_file,
8591,missing_file,
8592,missing_file,
8593,missing_file,
8594,missing_file,
8595,missing_file,
8596,missing_file,
8597,missing_file,
8598,missing_file,
8599,missing_file,
8600,missing_file,
8601,missing_file,
8602,missing_file,
8603,missing_file,
8604,missing_file,
8605,missing_file,
8606,missing_file,
8607,missing_file,
8608,missing_file,
8609,missing_file,
8610,missing_file,
8611,missing_file,
8612,missing_file,
8613,missing_file,
8614,missing_file,
8615,missing_file,
8616,missing_file,
8617,missing_file,
8618,missing_file,
8619,missing_file,
8620,missing_file,
8621,missing_file,
8622,missing_file,
8623,missing_file,
8624,missing_file,
8625,missing_file,
8626,missing_file,
8627,missing_file,
8628,missing_file,
8629,missing_file,
8630,missing_file,
8631,missing_file,
8632,missing_file,
8633,missing_file,
8634,missing_file,
8635,missing_file,
8636,missing_file,
8637,missing_file,
8638,missing_file,
8639,missing_file,
8640,missing_file,
8641,missing_file,
8642,missing_file,
8643,missing_file,
8644,missing_file,
8645,missing_file,
8646,missing_file,
8647,missing_file,
8648,missing_file,
8649,missing_file,
8650,missing_file,
8651,missing_file,
8652,missing_file,
8653,missing_file,
8654,missing_file,
8655,missing_file,
8656,missing_file,
8657,missing_file,
8658,missing_file,
8659,missing_file,
8660,missing_file,
8661,missing_file,
8662,missing_file,
8663,missing_file,
8664,missing_file,
8665,missing_file,
8666,missing_file,
8667,missing_file,
8668,missing_file,
8669,missing_file,
8670,missing_file,
8671,missing_file,
8672,missing_file,
8673,missing_file,
8674,missing_file,
8675,missing_file,
8676,missing_file,
8677,missing_file,
8678,missing_file,
8679,missing_file,
8680,missing_file,
8681,missing_file,
8682,missing_file,
8683,missing_file,
8684,missing_file,
8685,missing_file,
8686,missing_file,
8687,missing_file,
8688,missing_file,
8689,missing_file,
8690,missing_file,
8691,missing_file,
8692,missing_file,
8693,missing_file,
8694,missing_file,
8695,missing_file,
8696,missing_file,
8697,missing_file,
8698,missing_file,
8699,missing_file,
8700,missing_file,
8701,missing_file,
8702,missing_file,
8703,missing_file,
8704,missing_file,
8705,missing_file,
8706,missing_file,
8707,missing_file,
8708,missing_file,
8709,missing_file,
8710,missing_file,
8711,missing_file,
8712,missing_file,
8713,missing_file,
8714,missing_file,
8715,missing_file,
8716,missing_file,
8717,missing_file,
8718,missing_file,
8719,missing_file,
8720,missing_file,
8721,missing_file,
8722,missing_file,
8723,missing_file,
8724,missing_file,
8725,missing_file,
8726,missing_file,
8727,missing_file,
8728,missing_file,
8729,missing_file,
8730,missing_file,
8731,missing_file,
8732,missing_file,
8733,missing_file,
8734,missing_file,
8735,missing_file,
8736,missing_file,
8737,missing_file,
8738,missing_file,
8739,missing_file,
8740,missing_file,
8741,missing_file,
8742,missing_file,
8743,missing_file,
8744,missing_file,
8745,missing_file,
8746,missing_file,
8747,missing_file,
8748,missing_file,
8749,missing_file,
8750,missing_file,
8751,missing_file,
8752,missing_file,
8753,missing_file,
8754,missing_file,
8755,missing_file,
8756,missing_file,
8757,missing_file,
8758,missing_file,
8759,missing_file,
8760,missing_file,
8761,missing_file,
8762,missing_file,
8763,missing_file,
8764,missing_file,
8765,missing_file,
8766,missing_file,
8767,missing_file,
8768,missing_file,
8769,missing_file,
8770,missing_file,
8771,missing_file,
8772,missing_file,
8773,missing_file,
8774,missing_file,
8775,missing_file,
8776,missing_file,
8777,missing_file,
8778,missing_file,
8779,missing_file,
8780,missing_file,
8781,missing_file,
8782,missing_file,
8783,missing_file,
8784,missing_file,
8785,missing_file,
8786,missing_file,
8787,missing_file,
8788,missing_file,
8789,missing_file,
8790,missing_file,
8791,missing_file,
8792,missing_file,
8793,missing_file,
8794,missing_file,
8795,missing_file,
8796,missing_file,
8797,missing_file,
8798,missing_file,
8799,missing_file,
8800,missing_file,
8801,missing_file,
8802,missing_file,
8803,missing_file,
8804,missing_file,
8805,missing_file,
8806,missing_file,
8807,missing_file,
8808,missing_file,
8809,missing_file,
8810,missing_file,
8811,missing_file,
8812,missing_file,
8813,missing_file,
8814,missing_file,
8815,missing_file,
8816,missing_file,
8817,missing_file,
8818,missing_file,
8819,missing_file,
8820,missing_file,
8821,missing_file,
8822,missing_file,
8823,missing_file,
8824,missing_file,
8825,missing_file,
8826,missing_file,
8827,missing_file,
8828,missing_file,
8829,missing_file,
8830,missing_file,
8831,missing_file,
8832,missing_file,
8833,missing_file,
8834,missing_file,
8835,missing_file,
8836,missing_file,
8837,missing_file,
8838,missing_file,
8839,missing_file,
8840,missing_file,
8841,missing_file,
8842,missing_file,
8843,missing_file,
8844,missing_file,
8845,missing_file,
8846,missing_file,
8847,missing_file,
8848,missing_file,
8849,missing_file,
8850,missing_file,
8851,missing_file,
8852,missing_file,
8853,missing_file,
8854,missing_file,
8855,missing_file,
8856,missing_file,
8857,missing_file,
8858,missing_file,
8859,missing_file,
8860,missing_file,
8861,missing_file,
8862,missing_file,
8863,missing_file,
8864,missing_file,
8865,missing_file,
8866,missing_file,
8867,missing_file,
8868,missing_file,
8869,missing_file,
8870,missing_file,
8871,missing_file,
8872,missing_file,
8873,missing_file,
8874,missing_file,
8875,missing_file,
8876,missing_file,
8877,missing_file,
8878,missing_file,
8879,missing_file,
8880,missing_file,
8881,missing_file,
8882,missing_file,
8883,missing_file,
8884,missing_file,
8885,missing_file,
8886,missing_file,
8887,missing_file,
8888,missing_file,
8889,missing_file,
8890,missing_file,
8891,missing_file,
8892,missing_file,
8893,missing_file,
8894,missing_file,
8895,missing_file,
8896,missing_file,
8897,missing_file,
8898,missing_file,
8899,missing_file,
8900,missing_file,
8901,missing_file,
8902,missing_file,
8903,missing_file,
8904,missing_file,
8905,missing_file,
8906,missing_file,
8907,missing_file,
8908,missing_file,
8909,missing_file,
8910,missing_file,
8911,missing_file,
8912,missing_file,
8913,missing_file,
8914,missing_file,
8915,missing_file,
8916,missing_file,
8917,missing_file,
8918,missing_file,
8919,missing_file,
8920,missing_file,
8921,missing_file,
8922,missing_file,
8923,missing_file,
8924,missing_file,
8925,missing_file,
8926,missing_file,
8927,missing_file,
8928,missing_file,
8929,missing_file,
8930,missing_file,
8931,missing_file,
8932,missing_file,
8933,missing_file,
8934,missing_file,
8935,missing_file,
8936,missing_file,
8937,missing_file,
8938,missing_file,
8939,missing_file,
8940,missing_file,
8941,missing_file,
8942,missing_file,
8943,missing_file,
8944,missing_file,
8945,missing_file,
8946,missing_file,
8947,missing_file,
8948,missing_file,
8949,missing_file,
8950,missing_file,
8951,missing_file,
8952,missing_file,
8953,missing_file,
8954,missing_file,
8955,missing_file,
8956,missing_file,
8957,missing_file,
8958,missing_file,
8959,missing_file,
8960,missing_file,
8961,missing_file,
8962,missing_file,
8963,missing_file,
8964,missing_file,
8965,missing_file,
8966,missing_file,
8967,missing_file,
8968,missing_file,
8969,missing_file,
8970,missing_file,
8971,missing_file,
8972,missing_file,
8973,missing_file,
8974,missing_file,
8975,missing_file,
8976,missing_file,
8977,missing_file,
8978,missing_file,
8979,missing_file,
8980,missing_file,
8981,missing_file,
8982,missing_file,
8983,missing_file,
8984,missing_file,
8985,missing_file,
8986,missing_file,
8987,missing_file,
8988,missing_file,
8989,missing_file,
8990,missing_file,
8991,missing_file,
8992,missing_file,
8993,missing_file,
8994,missing_file,
8995,missing_file,
8996,missing_file,
8997,missing_file,
8998,missing_file,
8999,missing_file,
9000,missing_file,
9001,missing_file,
9002,missing_file,
9003,missing_file,
9004,missing_file,
9005,missing_file,
9006,missing_file,
9007,missing_file,
9008,missing_file,
9009,missing_file,
9010,missing_file,
9011,missing_file,
9012,missing_file,
9013,missing_file,
9014,missing_file,
9015,missing_file,
9016,missing_file,
9017,missing_file,
9018,missing_file,
9019,missing_file,
9020,missing_file,
9021,missing_file,
9022,missing_file,
9023,missing_file,
9024,missing_file,
9025,missing_file,
9026,missing_file,
9027,missing_file,
9028,missing_file,
9029,missing_file,
9030,missing_file,
9031,missing_file,
9032,missing_file,
9033,missing_file,
9034,missing_file,
9035,missing_file,
9036,missing_file,
9037,missing_file,
9038,missing_file,
9039,missing_file,
9040,missing_file,
9041,missing_file,
9042,missing_file,
9043,missing_file,
9044,missing_file,
9045,missing_file,
9046,missing_file,
9047,missing_file,
9048,missing_file,
9049,missing_file,
9050,missing_file,
9051,missing_file,
9052,missing_file,
9053,missing_file,
9054,missing_file,
9055,missing_file,
9056,missing_file,
9057,missing_file,
9058,missing_file,
9059,missing_file,
9060,missing_file,
9061,missing_file,
9062,missing_file,
9063,missing_file,
9064,missing_file,
9065,missing_file,
9066,missing_file,
9067,missing_file,
9068,missing_file,
9069,missing_file,
9070,missing_file,
9071,missing_file,
9072,missing_file,
9073,missing_file,
9074,missing_file,
9075,missing_file,
9076,missing_file,
9077,missing_file,
9078,missing_file,
9079,missing_file,
9080,missing_file,
9081,missing_file,
9082,missing_file,
9083,missing_file,
9084,missing_file,
9085,missing_file,
9086,missing_file,
9087,missing_file,
9088,missing_file,
9089,missing_file,
9090,missing_file,
9091,missing_file,
9092,missing_file,
9093,missing_file,
9094,missing_file,
9095,missing_file,
9096,missing_file,
9097,missing_file,
9098,missing_file,
9099,missing_file,
9100,missing_file,
9101,missing_file,
9102,missing_file,
9103,missing_file,
9104,missing_file,
9105,missing_file,
9106,missing_file,
9107,missing_file,
9108,missing_file,
9109,missing_file,
9110,missing_file,
9111,missing_file,
9112,missing_file,
9113,missing_file,
9114,missing_file,
9115,missing_file,
9116,missing_file,
9117,missing_file,
9118,missing_file,
9119,missing_file,
9120,missing_file,
9121,missing_file,
9122,missing_file,
9123,missing_file,
9124,missing_file,
9125,missing_file,
9126,missing_file,
9127,missing_file,
9128,missing_file,
9129,missing_file,
9130,missing_file,
9131,missing_file,
9132,missing_file,
9133,missing_file,
9134,missing_file,
9135,missing_file,
9136,missing_file,
9137,missing_file,
9138,missing_file,
9139,missing_file,
9140,missing_file,
9141,missing_file,
9142,missing_file,
9143,missing_file,
9144,missing_file,
9145,missing_file,
9146,missing_file,
9147,missing_file,
9148,missing_file,
9149,missing_file,
9150,missing_file,
9151,missing_file,
9152,missing_file,
9153,missing_file,
9154,missing_file,
9155,missing_file,
9156,missing_file,
9157,missing_file,
9158,missing_file,
9159,missing_file,
9160,missing_file,
9161,missing_file,
9162,missing_file,
9163,missing_file,
9164,missing_file,
9165,missing_file,
9166,missing_file,
9167,missing_file,
9168,missing_file,
9169,missing_file,
9170,missing_file,
9171,missing_file,
9172,missing_file,
9173,missing_file,
9174,missing_file,
9175,missing_file,
9176,missing_file,
9177,missing_file,
9178,missing_file,
9179,missing_file,
9180,missing_file,
9181,missing_file,
9182,missing_file,
9183,missing_file,
9184,missing_file,
9185,missing_file,
9186,missing_file,
9187,missing_file,
9188,missing_file,
9189,missing_file,
9190,missing_file,
9191,missing_file,
9192,missing_file,
9193,missing_file,
9194,missing_file,
9195,missing_file,
9196,missing_file,
9197,missing_file,
9198,missing_file,
9199,missing_file,
9200,missing_file,
9201,missing_file,
9202,missing_file,
9203,missing_file,
9204,missing_file,
9205,missing_file,
9206,missing_file,
9207,missing_file,
9208,missing_file,
9209,missing_file,
9210,missing_file,
9211,missing_file,
9212,missing_file,
9213,missing_file,
9214,missing_file,
9215,missing_file,
9216,missing_file,
9217,missing_file,
9218,missing_file,
9219,missing_file,
9220,missing_file,
9221,missing_file,
9222,missing_file,
9223,missing_file,
9224,missing_file,
9225,missing_file,
9226,missing_file,
9227,missing_file,
9228,missing_file,
9229,missing_file,
9230,missing_file,
9231,missing_file,
9232,missing_file,
9233,missing_file,
9234,missing_file,
9235,missing_file,
9236,missing_file,
9237,missing_file,
9238,missing_file,
9239,missing_file,
9240,missing_file,
9241,missing_file,
9242,missing_file,
9243,missing_file,
9244,missing_file,
9245,missing_file,
9246,missing_file,
9247,missing_file,
9248,missing_file,
9249,missing_file,
9250,missing_file,
9251,missing_file,
9252,missing_file,
9253,missing_file,
9254,missing_file,
9255,missing_file,
9256,missing_file,
9257,missing_file,
9258,missing_file,
9259,missing_file,
9260,missing_file,
9261,missing_file,
9262,missing_file,
9263,missing_file,
9264,missing_file,
9265,missing_file,
9266,missing_file,
9267,missing_file,
9268,missing_file,
9269,missing_file,
9270,missing_file,
9271,missing_file,
9272,missing_file,
9273,missing_file,
9274,missing_file,
9275,missing_file,
9276,missing_file,
9277,missing_file,
9278,missing_file,
9279,missing_file,
9280,missing_file,
9281,missing_file,
9282,missing_file,
9283,missing_file,
9284,missing_file,
9285,missing_file,
9286,missing_file,
9287,missing_file,
9288,missing_file,
9289,missing_file,
9290,missing_file,
9291,missing_file,
9292,missing_file,
9293,missing_file,
9294,missing_file,
9295,missing_file,
9296,missing_file,
9297,missing_file,
9298,missing_file,
9299,missing_file,
9300,missing_file,
9301,missing_file,
9302,missing_file,
9303,missing_file,
9304,missing_file,
9305,missing_file,
9306,missing_file,
9307,missing_file,
9308,missing_file,
9309,missing_file,
9310,missing_file,
9311,missing_file,
9312,missing_file,
9313,missing_file,
9314,missing_file,
9315,missing_file,
9316,missing_file,
9317,missing_file,
9318,missing_file,
9319,missing_file,
9320,missing_file,
9321,missing_file,
9322,missing_file,
9323,missing_file,
9324,missing_file,
9325,missing_file,
9326,missing_file,
9327,missing_file,
9328,missing_file,
9329,missing_file,
9330,missing_file,
9331,missing_file,
9332,missing_file,
9333,missing_file,
9334,missing_file,
9335,missing_file,
9336,missing_file,
9337,missing_file,
9338,missing_file,
9339,missing_file,
9340,missing_file,
9341,missing_file,
9342,missing_file,
9343,missing_file,
9344,missing_file,
9345,missing_file,
9346,missing_file,
9347,missing_file,
9348,missing_file,
9349,missing_file,
9350,missing_file,
9351,missing_file,
9352,missing_file,
9353,missing_file,
9354,missing_file,
9355,missing_file,
9356,missing_file,
9357,missing_file,
9358,missing_file,
9359,missing_file,
9360,missing_file,
9361,missing_file,
9362,missing_file,
9363,missing_file,
9364,missing_file,
9365,missing_file,
9366,missing_file,
9367,missing_file,
9368,missing_file,
9369,missing_file,
9370,missing_file,
9371,missing_file,
9372,missing_file,
9373,missing_file,
9374,missing_file,
9375,missing_file,
9376,missing_file,
9377,missing_file,
9378,missing_file,
9379,missing_file,
9380,missing_file,
9381,missing_file,
9382,missing_file,
9383,missing_file,
9384,missing_file,
9385,missing_file,
9386,missing_file,
9387,missing_file,
9388,missing_file,
9389,missing_file,
9390,missing_file,
9391,missing_file,
9392,missing_file,
9393,missing_file,
9394,missing_file,
9395,missing_file,
9396,missing_file,
9397,missing_file,
9398,missing_file,
9399,missing_file,
9400,missing_file,
9401,missing_file,
9402,missing_file,
9403,missing_file,
9404,missing_file,
9405,missing_file,
9406,missing_file,
9407,missing_file,
9408,missing_file,
9409,missing_file,
9410,missing_file,
9411,missing_file,
9412,missing_file,
9413,missing_file,
9414,missing_file,
9415,missing_file,
9416,missing_file,
9417,missing_file,
9418,missing_file,
9419,missing_file,
9420,missing_file,
9421,missing_file,
9422,missing_file,
9423,missing_file,
9424,missing_file,
9425,missing_file,
9426,missing_file,
9427,missing_file,
9428,missing_file,
9429,missing_file,
9430,missing_file,
9431,missing_file,
9432,missing_file,
9433,missing_file,
9434,missing_file,
9435,missing_file,
9436,missing_file,
9437,missing_file,
9438,missing_file,
9439,missing_file,
9440,missing_file,
9441,missing_file,
9442,missing_file,
9443,missing_file,
9444,missing_file,
9445,missing_file,
9446,missing_file,
9447,missing_file,
9448,missing_file,
9449,missing_file,
9450,missing_file,
9451,missing_file,
9452,missing_file,
9453,missing_file,
9454,missing_file,
9455,missing_file,
9456,missing_file,
9457,missing_file,
9458,missing_file,
9459,missing_file,
9460,missing_file,
9461,missing_file,
9462,missing_file,
9463,missing_file,
9464,missing_file,
9465,missing_file,
9466,missing_file,
9467,missing_file,
9468,missing_file,
9469,missing_file,
9470,missing_file,
9471,missing_file,
9472,missing_file,
9473,missing_file,
9474,missing_file,
9475,missing_file,
9476,missing_file,
9477,missing_file,
9478,missing_file,
9479,missing_file,
9480,missing_file,
9481,missing_file,
9482,missing_file,
9483,missing_file,
9484,missing_file,
9485,missing_file,
9486,missing_file,
9487,missing_file,
9488,missing_file,
9489,missing_file,
9490,missing_file,
9491,missing_file,
9492,missing_file,
9493,missing_file,
9494,missing_file,
9495,missing_file,
9496,missing_file,
9497,missing_file,
9498,missing_file,
9499,missing_file,
9500,missing_file,
9501,missing_file,
9502,missing_file,
9503,missing_file,
9504,missing_file,
9505,missing_file,
9506,missing_file,
9507,missing_file,
9508,missing_file,
9509,missing_file,
9510,missing_file,
9511,missing_file,
9512,missing_file,
9513,missing_file,
9514,missing_file,
9515,missing_file,
9516,missing_file,
9517,missing_file,
9518,missing_file,
9519,missing_file,
9520,missing_file,
9521,missing_file,
9522,missing_file,
9523,missing_file,
9524,missing_file,
9525,missing_file,
9526,missing_file,
9527,missing_file,
9528,missing_file,
9529,missing_file,
9530,missing_file,
9531,missing_file,
9532,missing_file,
9533,missing_file,
9534,missing_file,
9535,missing_file,
9536,missing_file,
9537,missing_file,
9538,missing_file,
9539,missing_file,
9540,missing_file,
9541,missing_file,
9542,missing_file,
9543,missing_file,
9544,missing_file,
9545,missing_file,
9546,missing_file,
9547,missing_file,
9548,missing_file,
9549,missing_file,
9550,missing_file,
9551,missing_file,
9552,missing_file,
9553,missing_file,
9554,missing_file,
9555,missing_file,
9556,missing_file,
9557,missing_file,
9558,missing_file,
9559,missing_file,
9560,missing_file,
9561,missing_file,
9562,missing_file,
9563,missing_file,
9564,missing_file,
9565,missing_file,
9566,missing_file,
9567,missing_file,
9568,missing_file,
9569,missing_file,
9570,missing_file,
9571,missing_file,
9572,missing_file,
9573,missing_file,
9574,missing_file,
9575,missing_file,
9576,missing_file,
9577,missing_file,
9578,missing_file,
9579,missing_file,
9580,missing_file,
9581,missing_file,
9582,missing_file,
9583,missing_file,
9584,missing_file,
9585,missing_file,
9586,missing_file,
9587,missing_file,
9588,missing_file,
9589,missing_file,
9590,missing_file,
9591,missing_file,
9592,missing_file,
9593,missing_file,
9594,missing_file,
9595,missing_file,
9596,missing_file,
9597,missing_file,
9598,missing_file,
9599,missing_file,
9600,missing_file,
9601,missing_file,
9602,missing_file,
9603,missing_file,
9604,missing_file,
9605,missing_file,
9606,missing_file,
9607,missing_file,
9608,missing_file,
9609,missing_file,
9610,missing_file,
9611,missing_file,
9612,missing_file,
9613,missing_file,
9614,missing_file,
9615,missing_file,
9616,missing_file,
9617,missing_file,
9618,missing_file,
9619,missing_file,
9620,missing_file,
9621,missing_file,
9622,missing_file,
9623,missing_file,
9624,missing_file,
9625,missing_file,
9626,missing_file,
9627,missing_file,
9628,missing_file,
9629,missing_file,
9630,missing_file,
9631,missing_file,
9632,missing_file,
9633,missing_file,
9634,missing_file,
9635,missing_file,
9636,missing_file,
9637,missing_file,
9638,missing_file,
9639,missing_file,
9640,missing_file,
9641,missing_file,
9642,missing_file,
9643,missing_file,
9644,missing_file,
9645,missing_file,
9646,missing_file,
9647,missing_file,
9648,missing_file,
9649,missing_file,
9650,missing_file,
9651,missing_file,
9652,missing_file,
9653,missing_file,
9654,missing_file,
9655,missing_file,
9656,missing_file,
9657,missing_file,
9658,missing_file,
9659,missing_file,
9660,missing_file,
9661,missing_file,
9662,missing_file,
9663,missing_file,
9664,missing_file,
9665,missing_file,
9666,missing_file,
9667,missing_file,
9668,missing_file,
9669,missing_file,
9670,missing_file,
9671,missing_file,
9672,missing_file,
9673,missing_file,
9674,missing_file,
9675,missing_file,
9676,missing_file,
9677,missing_file,
9678,missing_file,
9679,missing_file,
9680,missing_file,
9681,missing_file,
9682,missing_file,
9683,missing_file,
9684,missing_file,
9685,missing_file,
9686,missing_file,
9687,missing_file,
9688,missing_file,
9689,missing_file,
9690,missing_file,
9691,missing_file,
9692,missing_file,
9693,missing_file,
9694,missing_file,
9695,missing_file,
9696,missing_file,
9697,missing_file,
9698,missing_file,
9699,missing_file,
9700,missing_file,
9701,missing_file,
9702,missing_file,
9703,missing_file,
9704,missing_file,
9705,missing_file,
9706,missing_file,
9707,missing_file,
9708,missing_file,
9709,missing_file,
9710,missing_file,
9711,missing_file,
9712,missing_file,
9713,missing_file,
9714,missing_file,
9715,missing_file,
9716,missing_file,
9717,missing_file,
9718,missing_file,
9719,missing_file,
9720,missing_file,
9721,missing_file,
9722,missing_file,
9723,missing_file,
9724,missing_file,
9725,missing_file,
9726,missing_file,
9727,missing_file,
9728,missing_file,
9729,missing_file,
9730,missing_file,
9731,missing_file,
9732,missing_file,
9733,missing_file,
9734,missing_file,
9735,missing_file,
9736,missing_file,
9737,missing_file,
9738,missing_file,
9739,missing_file,
9740,missing_file,
9741,missing_file,
9742,missing_file,
9743,missing_file,
9744,missing_file,
9745,missing_file,
9746,missing_file,
9747,missing_file,
9748,missing_file,
9749,missing_file,
9750,missing_file,
9751,missing_file,
9752,missing_file,
9753,missing_file,
9754,missing_file,
9755,missing_file,
9756,missing_file,
9757,missing_file,
9758,missing_file,
9759,missing_file,
9760,missing_file,
9761,missing_file,
9762,missing_file,
9763,missing_file,
9764,missing_file,
9765,missing_file,
9766,missing_file,
9767,missing_file,
9768,missing_file,
9769,missing_file,
9770,missing_file,
9771,missing_file,
9772,missing_file,
9773,missing_file,
9774,missing_file,
9775,missing_file,
9776,missing_file,
9777,missing_file,
9778,missing_file,
9779,missing_file,
9780,missing_file,
9781,missing_file,
9782,missing_file,
9783,missing_file,
9784,missing_file,
9785,missing_file,
9786,missing_file,
9787,missing_file,
9788,missing_file,
9789,missing_file,
9790,missing_file,
9791,missing_file,
9792,missing_file,
9793,missing_file,
9794,missing_file,
9795,missing_file,
9796,missing_file,
9797,missing_file,
9798,missing_file,
9799,missing_file,
9800,missing_file,
9801,missing_file,
9802,missing_file,
9803,missing_file,
9804,missing_file,
9805,missing_file,
9806,missing_file,
9807,missing_file,
9808,missing_file,
9809,missing_file,
9810,missing_file,
9811,missing_file,
9812,missing_file,
9813,missing_file,
9814,missing_file,
9815,missing_file,
9816,missing_file,
9817,missing_file,
9818,missing_file,
9819,missing_file,
9820,missing_file,
9821,missing_file,
9822,missing_file,
9823,missing_file,
9824,missing_file,
9825,missing_file,
9826,missing_file,
9827,missing_file,
9828,missing_file,
9829,missing_file,
9830,missing_file,
9831,missing_file,
9832,missing_file,
9833,missing_file,
9834,missing_file,
9835,missing_file,
9836,missing_file,
9837,missing_file,
9838,missing_file,
9839,missing_file,
9840,missing_file,
9841,missing_file,
9842,missing_file,
9843,missing_file,
9844,missing_file,
9845,missing_file,
9846,missing_file,
9847,missing_file,
9848,missing_file,
9849,missing_file,
9850,missing_file,
9851,missing_file,
9852,missing_file,
9853,missing_file,
9854,missing_file,
9855,missing_file,
9856,missing_file,
9857,missing_file,
9858,missing_file,
9859,missing_file,
9860,missing_file,
9861,missing_file,
9862,missing_file,
9863,missing_file,
9864,missing_file,
9865,missing_file,
9866,missing_file,
9867,missing_file,
9868,missing_file,
9869,missing_file,
9870,missing_file,
9871,missing_file,
9872,missing_file,
9873,missing_file,
9874,missing_file,
9875,missing_file,
9876,missing_file,
9877,missing_file,
9878,missing_file,
9879,missing_file,
9880,missing_file,
9881,missing_file,
9882,missing_file,
9883,missing_file,
9884,missing_file,
9885,missing_file,
9886,missing_file,
9887,missing_file,
9888,missing_file,
9889,missing_file,
9890,missing_file,
9891,missing_file,
9892,missing_file,
9893,missing_file,
9894,missing_file,
9895,missing_file,
9896,missing_file,
9897,missing_file,
9898,missing_file,
9899,missing_file,
9900,missing_file,
9901,missing_file,
9902,missing_file,
9903,missing_file,
9904,missing_file,
9905,missing_file,
9906,missing_file,
9907,missing_file,
9908,missing_file,
9909,missing_file,
9910,missing_file,
9911,missing_file,
9912,missing_file,
9913,missing_file,
9914,missing_file,
9915,missing_file,
9916,missing_file,
9917,missing_file,
9918,missing_file,
9919,missing_file,
9920,missing_file,
9921,missing_file,
9922,missing_file,
9923,missing_file,
9924,missing_file,
9925,missing_file,
9926,missing_file,
9927,missing_file,
9928,missing_file,
9929,missing_file,
9930,missing_file,
9931,missing_file,
9932,missing_file,
9933,missing_file,
9934,missing_file,
9935,missing_file,
9936,missing_file,
9937,missing_file,
9938,missing_file,
9939,missing_file,
9940,missing_file,
9941,missing_file,
9942,missing_file,
9943,missing_file,
9944,missing_file,
9945,missing_file,
9946,missing_file,
9947,missing_file,
9948,missing_file,
9949,missing_file,
9950,missing_file,
9951,missing_file,
9952,missing_file,
9953,missing_file,
9954,missing_file,
9955,missing_file,
9956,missing_file,
9957,missing_file,
9958,missing_file,
9959,missing_file,
9960,missing_file,
9961,missing_file,
9962,missing_file,
9963,missing_file,
9964,missing_file,
9965,missing_file,
9966,missing_file,
9967,missing_file,
9968,missing_file,
9969,missing_file,
9970,missing_file,
9971,missing_file,
9972,missing_file,
9973,missing_file,
9974,missing_file,
9975,missing_file,
9976,missing_file,
9977,missing_file,
9978,missing_file,
9979,missing_file,
9980,missing_file,
9981,missing_file,
9982,missing_file,
9983,missing_file,
9984,missing_file,
9985,missing_file,
9986,missing_file,
9987,missing_file,
9988,missing_file,
9989,missing_file,
9990,missing_file,
9991,missing_file,
9992,missing_file,
9993,missing_file,
9994,missing_file,
9995,missing_file,
9996,missing_file,
9997,missing_file,
9998,missing_file,
9999,missing_file,
10000,missing_file,
10001,missing_file,
10002,missing_file,
10003,missing_file,
10004,missing_file,
10005,missing_file,
10006,missing_file,
10007,missing_file,
10008,missing_file,
10009,missing_file,
10010,missing_file,
10011,missing_file,
10012,missing_file,
10013,missing_file,
10014,missing_file,
10015,missing_file,
10016,missing_file,
10017,missing_file,
10018,missing_file,
10019,missing_file,
10020,missing_file,
10021,missing_file,
10022,missing_file,
10023,missing_file,
10024,missing_file,
10025,missing_file,
10026,missing_file,
10027,missing_file,
10028,missing_file,
10029,missing_file,
10030,missing_file,
10031,missing_file,
10032,missing_file,
10033,missing_file,
10034,missing_file,
10035,missing_file,
10036,missing_file,
10037,missing_file,
10038,missing_file,
10039,missing_file,
10040,missing_file,
10041,missing_file,
10042,missing_file,
10043,missing_file,
10044,missing_file,
10045,missing_file,
10046,missing_file,
10047,missing_file,
10048,missing_file,
10049,missing_file,
10050,missing_file,
10051,missing_file,
10052,missing_file,
10053,missing_file,
10054,missing_file,
10055,missing_file,
10056,missing_file,
10057,missing_file,
10058,missing_file,
10059,missing_file,
10060,missing_file,
10061,missing_file,
10062,missing_file,
10063,missing_file,
10064,missing_file,
10065,missing_file,
10066,missing_file,
10067,missing_file,
10068,missing_file,
10069,missing_file,
10070,missing_file,
10071,missing_file,
10072,missing_file,
10073,missing_file,
10074,missing_file,
10075,missing_file,
10076,missing_file,
10077,missing_file,
10078,missing_file,
10079,missing_file,
10080,missing_file,
10081,missing_file,
10082,missing_file,
10083,missing_file,
10084,missing_file,
10085,missing_file,
10086,missing_file,
10087,missing_file,
10088,missing_file,
10089,missing_file,
10090,missing_file,
10091,missing_file,
10092,missing_file,
10093,missing_file,
10094,missing_file,
10095,missing_file,
10096,missing_file,
10097,missing_file,
10098,missing_file,
10099,missing_file,
10100,missing_file,
10101,missing_file,
10102,missing_file,
10103,missing_file,
10104,missing_file,
10105,missing_file,
10106,missing_file,
10107,missing_file,
10108,missing_file,
10109,missing_file,
10110,missing_file,
10111,missing_file,
10112,missing_file,
10113,missing_file,
10114,missing_file,
10115,missing_file,
10116,missing_file,
10117,missing_file,
10118,missing_file,
10119,missing_file,
10120,missing_file,
10121,missing_file,
10122,missing_file,
10123,missing_file,
10124,missing_file,
10125,missing_file,
10126,missing_file,
10127,missing_file,
10128,missing_file,
10129,missing_file,
10130,missing_file,
10131,missing_file,
10132,missing_file,
10133,missing_file,
10134,missing_file,
10135,missing_file,
10136,missing_file,
10137,missing_file,
10138,missing_file,
10139,missing_file,
10140,missing_file,
10141,missing_file,
10142,missing_file,
10143,missing_file,
10144,missing_file,
10145,missing_file,
10146,missing_file,
10147,missing_file,
10148,missing_file,
10149,missing_file,
10150,missing_file,
10151,missing_file,
10152,missing_file,
10153,missing_file,
10154,missing_file,
10155,missing_file,
10156,missing_file,
10157,missing_file,
10158,missing_file,
10159,missing_file,
10160,missing_file,
10161,missing_file,
10162,missing_file,
10163,missing_file,
10164,missing_file,
10165,missing_file,
10166,missing_file,
10167,missing_file,
10168,missing_file,
10169,missing_file,
10170,missing_file,
10171,missing_file,
10172,missing_file,
10173,missing_file,
10174,missing_file,
10175,missing_file,
10176,missing_file,
10177,missing_file,
10178,missing_file,
10179,missing_file,
10180,missing_file,
10181,missing_file,
10182,missing_file,
10183,missing_file,
10184,missing_file,
10185,missing_file,
10186,missing_file,
10187,missing_file,
10188,missing_file,
10189,missing_file,
10190,missing_file,
10191,missing_file,
10192,missing_file,
10193,missing_file,
10194,missing_file,
10195,missing_file,
10196,missing_file,
10197,missing_file,
10198,missing_file,
10199,missing_file,
10200,missing_file,
10201,missing_file,
10202,missing_file,
10203,missing_file,
10204,missing_file,
10205,missing_file,
10206,missing_file,
10207,missing_file,
10208,missing_file,
10209,missing_file,
10210,missing_file,
10211,missing_file,
10212,missing_file,
10213,missing_file,
10214,missing_file,
10215,missing_file,
10216,missing_file,
10217,missing_file,
10218,missing_file,
10219,missing_file,
10220,missing_file,
10221,missing_file,
10222,missing_file,
10223,missing_file,
10224,missing_file,
10225,missing_file,
10226,missing_file,
10227,missing_file,
10228,missing_file,
10229,missing_file,
10230,missing_file,
10231,missing_file,
10232,missing_file,
10233,missing_file,
10234,missing_file,
10235,missing_file,
10236,missing_file,
10237,missing_file,
10238,missing_file,
10239,missing_file,
10240,missing_file,
10241,missing_file,
10242,missing_file,
10243,missing_file,
10244,missing_file,
10245,missing_file,
10246,missing_file,
10247,missing_file,
10248,missing_file,
10249,missing_file,
10250,missing_file,
10251,missing_file,
10252,missing_file,
10253,missing_file,
10254,missing_file,
10255,missing_file,
10256,missing_file,
10257,missing_file,
10258,missing_file,
10259,missing_file,
10260,missing_file,
10261,missing_file,
10262,missing_file,
10263,missing_file,
10264,missing_file,
10265,missing_file,
10266,missing_file,
10267,missing_file,
10268,missing_file,
10269,missing_file,
10270,missing_file,
10271,missing_file,
10272,missing_file,
10273,missing_file,
10274,missing_file,
10275,missing_file,
10276,missing_file,
10277,missing_file,
10278,missing_file,
10279,missing_file,
10280,missing_file,
10281,missing_file,
10282,missing_file,
10283,missing_file,
10284,missing_file,
10285,missing_file,
10286,missing_file,
10287,missing_file,
10288,missing_file,
10289,missing_file,
10290,missing_file,
10291,missing_file,
10292,missing_file,
10293,missing_file,
10294,missing_file,
10295,missing_file,
10296,missing_file,
10297,missing_file,
10298,missing_file,
10299,missing_file,
10300,missing_file,
10301,missing_file,
10302,missing_file,
10303,missing_file,
10304,missing_file,
10305,missing_file,
10306,missing_file,
10307,missing_file,
10308,missing_file,
10309,missing_file,
10310,missing_file,
10311,missing_file,
10312,missing_file,
10313,missing_file,
10314,missing_file,
10315,missing_file,
10316,missing_file,
10317,missing_file,
10318,missing_file,
10319,missing_file,
10320,missing_file,
10321,missing_file,
10322,missing_file,
10323,missing_file,
10324,missing_file,
10325,missing_file,
10326,missing_file,
10327,missing_file,
10328,missing_file,
10329,missing_file,
10330,missing_file,
10331,missing_file,
10332,missing_file,
10333,missing_file,
10334,missing_file,
10335,missing_file,
10336,missing_file,
10337,missing_file,
10338,missing_file,
10339,missing_file,
10340,missing_file,
10341,missing_file,
10342,missing_file,
10343,missing_file,
10344,missing_file,
10345,missing_file,
10346,missing_file,
10347,missing_file,
10348,missing_file,
10349,missing_file,
10350,missing_file,
10351,missing_file,
10352,missing_file,
10353,missing_file,
10354,missing_file,
10355,missing_file,
10356,missing_file,
10357,missing_file,
10358,missing_file,
10359,missing_file,
10360,missing_file,
10361,missing_file,
10362,missing_file,
10363,missing_file,
10364,missing_file,
10365,missing_file,
10366,missing_file,
10367,missing_file,
10368,missing_file,
10369,missing_file,
10370,missing_file,
10371,missing_file,
10372,missing_file,
10373,missing_file,
10374,missing_file,
10375,missing_file,
10376,missing_file,
10377,missing_file,
10378,missing_file,
10379,missing_file,
10380,missing_file,
10381,missing_file,
10382,missing_file,
10383,missing_file,
10384,missing_file,
10385,missing_file,
10386,missing_file,
10387,missing_file,
10388,missing_file,
10389,missing_file,
10390,missing_file,
10391,missing_file,
10392,missing_file,
10393,missing_file,
10394,missing_file,
10395,missing_file,
10396,missing_file,
10397,missing_file,
10398,missing_file,
10399,missing_file,
10400,missing_file,
10401,missing_file,
10402,missing_file,
10403,missing_file,
10404,missing_file,
10405,missing_file,
10406,missing_file,
10407,missing_file,
10408,missing_file,
10409,missing_file,
10410,missing_file,
10411,missing_file,
10412,missing_file,
10413,missing_file,
10414,missing_file,
10415,missing_file,
10416,missing_file,
10417,missing_file,
10418,missing_file,
10419,missing_file,
10420,missing_file,
10421,missing_file,
10422,missing_file,
10423,missing_file,
10424,missing_file,
10425,missing_file,
10426,missing_file,
10427,missing_file,
10428,missing_file,
10429,missing_file,
10430,missing_file,
10431,missing_file,
10432,missing_file,
10433,missing_file,
10434,missing_file,
10435,missing_file,
10436,missing_file,
10437,missing_file,
10438,missing_file,
10439,missing_file,
10440,missing_file,
10441,missing_file,
10442,missing_file,
10443,missing_file,
10444,missing_file,
10445,missing_file,
10446,missing_file,
10447,missing_file,
10448,missing_file,
10449,missing_file,
10450,missing_file,
10451,missing_file,
10452,missing_file,
10453,missing_file,
10454,missing_file,
10455,missing_file,
10456,missing_file,
10457,missing_file,
10458,missing_file,
10459,missing_file,
10460,missing_file,
10461,missing_file,
10462,missing_file,
10463,missing_file,
10464,missing_file,
10465,missing_file,
10466,missing_file,
10467,missing_file,
10468,missing_file,
10469,missing_file,
10470,missing_file,
10471,missing_file,
10472,missing_file,
10473,missing_file,
10474,missing_file,
10475,missing_file,
10476,missing_file,
10477,missing_file,
10478,missing_file,
10479,missing_file,
10480,missing_file,
10481,missing_file,
10482,missing_file,
10483,missing_file,
10484,missing_file,
10485,missing_file,
10486,missing_file,
10487,missing_file,
10488,missing_file,
10489,missing_file,
10490,missing_file,
10491,missing_file,
10492,missing_file,
10493,missing_file,
10494,missing_file,
10495,missing_file,
10496,missing_file,
10497,missing_file,
10498,missing_file,
10499,missing_file,
10500,missing_file,
10501,missing_file,
10502,missing_file,
10503,missing_file,
10504,missing_file,
10505,missing_file,
10506,missing_file,
10507,missing_file,
10508,missing_file,
10509,missing_file,
10510,missing_file,
10511,missing_file,
10512,missing_file,
10513,missing_file,
10514,missing_file,
10515,missing_file,
10516,missing_file,
10517,missing_file,
10518,missing_file,
10519,missing_file,
10520,missing_file,
10521,missing_file,
10522,missing_file,
10523,missing_file,
10524,missing_file,
10525,missing_file,
10526,missing_file,
10527,missing_file,
10528,missing_file,
10529,missing_file,
10530,missing_file,
10531,missing_file,
10532,missing_file,
10533,missing_file,
10534,missing_file,
10535,missing_file,
10536,missing_file,
10537,missing_file,
10538,missing_file,
10539,missing_file,
10540,missing_file,
10541,missing_file,
10542,missing_file,
10543,missing_file,
10544,missing_file,
10545,missing_file,
10546,missing_file,
10547,missing_file,
10548,missing_file,
10549,missing_file,
10550,missing_file,
10551,missing_file,
10552,missing_file,
10553,missing_file,
10554,missing_file,
10555,missing_file,
10556,missing_file,
10557,missing_file,
10558,missing_file,
10559,missing_file,
10560,missing_file,
10561,missing_file,
10562,missing_file,
10563,missing_file,
10564,missing_file,
10565,missing_file,
10566,missing_file,
10567,missing_file,
10568,missing_file,
10569,missing_file,
10570,missing_file,
10571,missing_file,
10572,missing_file,
10573,missing_file,
10574,missing_file,
10575,missing_file,
10576,missing_file,
10577,missing_file,
10578,missing_file,
10579,missing_file,
10580,missing_file,
10581,missing_file,
10582,missing_file,
10583,missing_file,
10584,missing_file,
10585,missing_file,
10586,missing_file,
10587,missing_file,
10588,missing_file,
10589,missing_file,
10590,missing_file,
10591,missing_file,
10592,missing_file,
10593,missing_file,
10594,missing_file,
10595,missing_file,
10596,missing_file,
10597,missing_file,
10598,missing_file,
10599,missing_file,
10600,missing_file,
10601,missing_file,
10602,missing_file,
10603,missing_file,
10604,missing_file,
10605,missing_file,
10606,missing_file,
10607,missing_file,
10608,missing_file,
10609,missing_file,
10610,missing_file,
10611,missing_file,
10612,missing_file,
10613,missing_file,
10614,missing_file,
10615,missing_file,
10616,missing_file,
10617,missing_file,
10618,missing_file,
10619,missing_file,
10620,missing_file,
10621,missing_file,
10622,missing_file,
10623,missing_file,
10624,missing_file,
10625,missing_file,
10626,missing_file,
10627,missing_file,
10628,missing_file,
10629,missing_file,
10630,missing_file,
10631,missing_file,
10632,missing_file,
10633,missing_file,
10634,missing_file,
10635,missing_file,
10636,missing_file,
10637,missing_file,
10638,missing_file,
10639,missing_file,
10640,missing_file,
10641,missing_file,
10642,missing_file,
10643,missing_file,
10644,missing_file,
10645,missing_file,
10646,missing_file,
10647,missing_file,
10648,missing_file,
10649,missing_file,
10650,missing_file,
10651,missing_file,
10652,missing_file,
10653,missing_file,
10654,missing_file,
10655,missing_file,
10656,missing_file,
10657,missing_file,
10658,missing_file,
10659,missing_file,
10660,missing_file,
10661,missing_file,
10662,missing_file,
10663,missing_file,
10664,missing_file,
10665,missing_file,
10666,missing_file,
10667,missing_file,
10668,missing_file,
10669,missing_file,
10670,missing_file,
10671,missing_file,
10672,missing_file,
10673,missing_file,
10674,missing_file,
10675,missing_file,
10676,missing_file,
10677,missing_file,
10678,missing_file,
10679,missing_file,
10680,missing_file,
10681,missing_file,
10682,missing_file,
10683,missing_file,
10684,missing_file,
10685,missing_file,
10686,missing_file,
10687,missing_file,
10688,missing_file,
10689,missing_file,
10690,missing_file,
10691,missing_file,
10692,missing_file,
10693,missing_file,
10694,missing_file,
10695,missing_file,
10696,missing_file,
10697,missing_file,
10698,missing_file,
10699,missing_file,
10700,missing_file,
10701,missing_file,
10702,missing_file,
10703,missing_file,
10704,missing_file,
10705,missing_file,
10706,missing_file,
10707,missing_file,
10708,missing_file,
10709,missing_file,
10710,missing_file,
10711,missing_file,
10712,missing_file,
10713,missing_file,
10714,missing_file,
10715,missing_file,
10716,missing_file,
10717,missing_file,
10718,missing_file,
10719,missing_file,
10720,missing_file,
10721,missing_file,
10722,missing_file,
10723,missing_file,
10724,missing_file,
10725,missing_file,
10726,missing_file,
10727,missing_file,
10728,missing_file,
10729,missing_file,
10730,missing_file,
10731,missing_file,
10732,missing_file,
10733,missing_file,
10734,missing_file,
10735,missing_file,
10736,missing_file,
10737,missing_file,
10738,missing_file,
10739,missing_file,
10740,missing_file,
10741,missing_file,
10742,missing_file,
10743,missing_file,
10744,missing_file,
10745,missing_file,
10746,missing_file,
10747,missing_file,
10748,missing_file,
10749,missing_file,
10750,missing_file,
10751,missing_file,
10752,missing_file,
10753,missing_file,
10754,missing_file,
10755,missing_file,
10756,missing_file,
10757,missing_file,
10758,missing_file,
10759,missing_file,
10760,missing_file,
10761,missing_file,
10762,missing_file,
10763,missing_file,
10764,missing_file,
10765,missing_file,
10766,missing_file,
10767,missing_file,
10768,missing_file,
10769,missing_file,
10770,missing_file,
10771,missing_file,
10772,missing_file,
10773,missing_file,
10774,missing_file,
10775,missing_file,
10776,missing_file,
10777,missing_file,
10778,missing_file,
10779,missing_file,
10780,missing_file,
10781,missing_file,
10782,missing_file,
10783,missing_file,
10784,missing_file,
10785,missing_file,
10786,missing_file,
10787,missing_file,
10788,missing_file,
10789,missing_file,
10790,missing_file,
10791,missing_file,
10792,missing_file,
10793,missing_file,
10794,missing_file,
10795,missing_file,
10796,missing_file,
10797,missing_file,
10798,missing_file,
10799,missing_file,
10800,missing_file,
10801,missing_file,
10802,missing_file,
10803,missing_file,
10804,missing_file,
10805,missing_file,
10806,missing_file,
10807,missing_file,
10808,missing_file,
10809,missing_file,
10810,missing_file,
10811,missing_file,
10812,missing_file,
10813,missing_file,
10814,missing_file,
10815,missing_file,
10816,missing_file,
10817,missing_file,
10818,missing_file,
10819,missing_file,
10820,missing_file,
10821,missing_file,
10822,missing_file,
10823,missing_file,
10824,missing_file,
10825,missing_file,
10826,missing_file,
10827,missing_file,
10828,missing_file,
10829,missing_file,
10830,missing_file,
10831,missing_file,
10832,missing_file,
10833,missing_file,
10834,missing_file,
10835,missing_file,
10836,missing_file,
10837,missing_file,
10838,missing_file,
10839,missing_file,
10840,missing_file,
10841,missing_file,
10842,missing_file,
10843,missing_file,
10844,missing_file,
10845,missing_file,
10846,missing_file,
10847,missing_file,
10848,missing_file,
10849,missing_file,
10850,missing_file,
10851,missing_file,
10852,missing_file,
10853,missing_file,
10854,missing_file,
10855,missing_file,
10856,missing_file,
10857,missing_file,
10858,missing_file,
10859,missing_file,
10860,missing_file,
10861,missing_file,
10862,missing_file,
10863,missing_file,
10864,missing_file,
10865,missing_file,
10866,missing_file,
10867,missing_file,
10868,missing_file,
10869,missing_file,
10870,missing_file,
10871,missing_file,
10872,missing_file,
10873,missing_file,
10874,missing_file,
10875,missing_file,
10876,missing_file,
10877,missing_file,
10878,missing_file,
10879,missing_file,
10880,missing_file,
10881,missing_file,
10882,missing_file,
10883,missing_file,
10884,missing_file,
10885,missing_file,
10886,missing_file,
10887,missing_file,
10888,missing_file,
10889,missing_file,
10890,missing_file,
10891,missing_file,
10892,missing_file,
10893,missing_file,
10894,missing_file,
10895,missing_file,
10896,missing_file,
10897,missing_file,
10898,missing_file,
10899,missing_file,
10900,missing_file,
10901,missing_file,
10902,missing_file,
10903,missing_file,
10904,missing_file,
10905,missing_file,
10906,missing_file,
10907,missing_file,
10908,missing_file,
10909,missing_file,
10910,missing_file,
10911,missing_file,
10912,missing_file,
10913,missing_file,
10914,missing_file,
10915,missing_file,
10916,missing_file,
10917,missing_file,
10918,missing_file,
10919,missing_file,
10920,missing_file,
10921,missing_file,
10922,missing_file,
10923,missing_file,
10924,missing_file,
10925,missing_file,
10926,missing_file,
10927,missing_file,
10928,missing_file,
10929,missing_file,
10930,missing_file,
10931,missing_file,
10932,missing_file,
10933,missing_file,
10934,missing_file,
10935,missing_file,
10936,missing_file,
10937,missing_file,
10938,missing_file,
10939,missing_file,
10940,missing_file,
10941,missing_file,
10942,missing_file,
10943,missing_file,
10944,missing_file,
10945,missing_file,
10946,missing_file,
10947,missing_file,
10948,missing_file,
10949,missing_file,
10950,missing_file,
10951,missing_file,
10952,missing_file,
10953,missing_file,
10954,missing_file,
10955,missing_file,
10956,missing_file,
10957,missing_file,
10958,missing_file,
10959,missing_file,
10960,missing_file,
10961,missing_file,
10962,missing_file,
10963,missing_file,
10964,missing_file,
10965,missing_file,
10966,missing_file,
10967,missing_file,
10968,missing_file,
10969,missing_file,
10970,missing_file,
10971,missing_file,
10972,missing_file,
10973,missing_file,
10974,missing_file,
10975,missing_file,
10976,missing_file,
10977,missing_file,
10978,missing_file,
10979,missing_file,
10980,missing_file,
10981,missing_file,
10982,missing_file,
10983,missing_file,
10984,missing_file,
10985,missing_file,
10986,missing_file,
10987,missing_file,
10988,missing_file,
10989,missing_file,
10990,missing_file,
10991,missing_file,
10992,missing_file,
10993,missing_file,
10994,missing_file,
10995,missing_file,
10996,missing_file,
10997,missing_file,
10998,missing_file,
10999,missing_file,
11000,missing_file,
11001,missing_file,
11002,missing_file,
11003,missing_file,
11004,missing_file,
11005,missing_file,
11006,missing_file,
11007,missing_file,
11008,missing_file,
11009,missing_file,
11010,missing_file,
11011,missing_file,
11012,missing_file,
11013,missing_file,
11014,missing_file,
11015,missing_file,
11016,missing_file,
11017,missing_file,
11018,missing_file,
11019,missing_file,
11020,missing_file,
11021,missing_file,
11022,missing_file,
11023,missing_file,
11024,missing_file,
11025,missing_file,
11026,missing_file,
11027,missing_file,
11028,missing_file,
11029,missing_file,
11030,missing_file,
11031,missing_file,
11032,missing_file,
11033,missing_file,
11034,missing_file,
11035,missing_file,
11036,missing_file,
11037,missing_file,
11038,missing_file,
11039,missing_file,
11040,missing_file,
11041,missing_file,
11042,missing_file,
11043,missing_file,
11044,missing_file,
11045,missing_file,
11046,missing_file,
11047,missing_file,
11048,missing_file,
11049,missing_file,
11050,missing_file,
11051,missing_file,
11052,missing_file,
11053,missing_file,
11054,missing_file,
11055,missing_file,
11056,missing_file,
11057,missing_file,
11058,missing_file,
11059,missing_file,
11060,missing_file,
11061,missing_file,
11062,missing_file,
11063,missing_file,
11064,missing_file,
11065,missing_file,
11066,missing_file,
11067,missing_file,
11068,missing_file,
11069,missing_file,
11070,missing_file,
11071,missing_file,
11072,missing_file,
11073,missing_file,
11074,missing_file,
11075,missing_file,
11076,missing_file,
11077,missing_file,
11078,missing_file,
11079,missing_file,
11080,missing_file,
11081,missing_file,
11082,missing_file,
11083,missing_file,
11084,missing_file,
11085,missing_file,
11086,missing_file,
11087,missing_file,
11088,missing_file,
11089,missing_file,
11090,missing_file,
11091,missing_file,
11092,missing_file,
11093,missing_file,
11094,missing_file,
11095,missing_file,
11096,missing_file,
11097,missing_file,
11098,missing_file,
11099,missing_file,
11100,missing_file,
11101,missing_file,
11102,missing_file,
11103,missing_file,
11104,missing_file,
11105,missing_file,
11106,missing_file,
11107,missing_file,
11108,missing_file,
11109,missing_file,
11110,missing_file,
11111,missing_file,
11112,missing_file,
11113,missing_file,
11114,missing_file,
11115,missing_file,
11116,missing_file,
11117,missing_file,
11118,missing_file,
11119,missing_file,
11120,missing_file,
11121,missing_file,
11122,missing_file,
11123,missing_file,
11124,missing_file,
11125,missing_file,
11126,missing_file,
11127,missing_file,
11128,missing_file,
11129,missing_file,
11130,missing_file,
11131,missing_file,
11132,missing_file,
11133,missing_file,
11134,missing_file,
11135,missing_file,
11136,missing_file,
11137,missing_file,
11138,missing_file,
11139,missing_file,
11140,missing_file,
11141,missing_file,
11142,missing_file,
11143,missing_file,
11144,missing_file,
11145,missing_file,
11146,missing_file,
11147,missing_file,
11148,missing_file,
11149,missing_file,
11150,missing_file,
11151,missing_file,
11152,missing_file,
11153,missing_file,
11154,missing_file,
11155,missing_file,
11156,missing_file,
11157,missing_file,
11158,missing_file,
11159,missing_file,
11160,missing_file,
11161,missing_file,
11162,missing_file,
11163,missing_file,
11164,missing_file,
11165,missing_file,
11166,missing_file,
11167,missing_file,
11168,missing_file,
11169,missing_file,
11170,missing_file,
11171,missing_file,
11172,missing_file,
11173,missing_file,
11174,missing_file,
11175,missing_file,
11176,missing_file,
11177,missing_file,
11178,missing_file,
11179,missing_file,
11180,missing_file,
11181,missing_file,
11182,missing_file,
11183,missing_file,
11184,missing_file,
11185,missing_file,
11186,missing_file,
11187,missing_file,
11188,missing_file,
11189,missing_file,
11190,missing_file,
11191,missing_file,
11192,missing_file,
11193,missing_file,
11194,missing_file,
11195,missing_file,
11196,missing_file,
11197,missing_file,
11198,missing_file,
11199,missing_file,
11200,missing_file,
11201,missing_file,
11202,missing_file,
11203,missing_file,
11204,missing_file,
11205,missing_file,
11206,missing_file,
11207,missing_file,
11208,missing_file,
11209,missing_file,
11210,missing_file,
11211,missing_file,
11212,missing_file,
11213,missing_file,
11214,missing_file,
11215,missing_file,
11216,missing_file,
11217,missing_file,
11218,missing_file,
11219,missing_file,
11220,missing_file,
11221,missing_file,
11222,missing_file,
11223,missing_file,
11224,missing_file,
11225,missing_file,
11226,missing_file,
11227,missing_file,
11228,missing_file,
11229,missing_file,
11230,missing_file,
11231,missing_file,
11232,missing_file,
11233,missing_file,
11234,missing_file,
11235,missing_file,
11236,missing_file,
11237,missing_file,
11238,missing_file,
11239,missing_file,
11240,missing_file,
11241,missing_file,
11242,missing_file,
11243,missing_file,
11244,missing_file,
11245,missing_file,
11246,missing_file,
11247,missing_file,
11248,missing_file,
11249,missing_file,
11250,missing_file,
11251,missing_file,
11252,missing_file,
11253,missing_file,
11254,missing_file,
11255,missing_file,
11256,missing_file,
11257,missing_file,
11258,missing_file,
11259,missing_file,
11260,missing_file,
11261,missing_file,
11262,missing_file,
11263,missing_file,
11264,missing_file,
11265,missing_file,
11266,missing_file,
11267,missing_file,
11268,missing_file,
11269,missing_file,
11270,missing_file,
11271,missing_file,
11272,missing_file,
11273,missing_file,
11274,missing_file,
11275,missing_file,
11276,missing_file,
11277,missing_file,
11278,missing_file,
11279,missing_file,
11280,missing_file,
11281,missing_file,
11282,missing_file,
11283,missing_file,
11284,missing_file,
11285,missing_file,
11286,missing_file,
11287,missing_file,
11288,missing_file,
11289,missing_file,
11290,missing_file,
11291,missing_file,
11292,missing_file,
11293,missing_file,
11294,missing_file,
11295,missing_file,
11296,missing_file,
11297,missing_file,
11298,missing_file,
11299,missing_file,
11300,missing_file,
11301,missing_file,
11302,missing_file,
11303,missing_file,
11304,missing_file,
11305,missing_file,
11306,missing_file,
11307,missing_file,
11308,missing_file,
11309,missing_file,
11310,missing_file,
11311,missing_file,
11312,missing_file,
11313,missing_file,
11314,missing_file,
11315,missing_file,
11316,missing_file,
11317,missing_file,
11318,missing_file,
11319,missing_file,
11320,missing_file,
11321,missing_file,
11322,missing_file,
11323,missing_file,
11324,missing_file,
11325,missing_file,
11326,missing_file,
11327,missing_file,
11328,missing_file,
11329,missing_file,
11330,missing_file,
11331,missing_file,
11332,missing_file,
11333,missing_file,
11334,missing_file,
11335,missing_file,
11336,missing_file,
11337,missing_file,
11338,missing_file,
11339,missing_file,
11340,missing_file,
11341,missing_file,
11342,missing_file,
11343,missing_file,
11344,missing_file,
11345,missing_file,
11346,missing_file,
11347,missing_file,
11348,missing_file,
11349,missing_file,
11350,missing_file,
11351,missing_file,
11352,missing_file,
11353,missing_file,
11354,missing_file,
11355,missing_file,
11356,missing_file,
11357,missing_file,
11358,missing_file,
11359,missing_file,
11360,missing_file,
11361,missing_file,
11362,missing_file,
11363,missing_file,
11364,missing_file,
11365,missing_file,
11366,missing_file,
11367,missing_file,
11368,missing_file,
11369,missing_file,
11370,missing_file,
11371,missing_file,
11372,missing_file,
11373,missing_file,
11374,missing_file,
11375,missing_file,
11376,missing_file,
11377,missing_file,
11378,missing_file,
11379,missing_file,
11380,missing_file,
11381,missing_file,
11382,missing_file,
11383,missing_file,
11384,missing_file,
11385,missing_file,
11386,missing_file,
11387,missing_file,
11388,missing_file,
11389,missing_file,
11390,missing_file,
11391,missing_file,
11392,missing_file,
11393,missing_file,
11394,missing_file,
11395,missing_file,
11396,missing_file,
11397,missing_file,
11398,missing_file,
11399,missing_file,
11400,missing_file,
11401,missing_file,
11402,missing_file,
11403,missing_file,
11404,missing_file,
11405,missing_file,
11406,missing_file,
11407,missing_file,
11408,missing_file,
11409,missing_file,
11410,missing_file,
11411,missing_file,
11412,missing_file,
11413,missing_file,
11414,missing_file,
11415,missing_file,
11416,missing_file,
11417,missing_file,
11418,missing_file,
11419,missing_file,
11420,missing_file,
11421,missing_file,
11422,missing_file,
11423,missing_file,
11424,missing_file,
11425,missing_file,
11426,missing_file,
11427,missing_file,
11428,missing_file,
11429,missing_file,
11430,missing_file,
11431,missing_file,
11432,missing_file,
11433,missing_file,
11434,missing_file,
11435,missing_file,
11436,missing_file,
11437,missing_file,
11438,missing_file,
11439,missing_file,
11440,missing_file,
11441,missing_file,
11442,missing_file,
11443,missing_file,
11444,missing_file,
11445,missing_file,
11446,missing_file,
11447,missing_file,
11448,missing_file,
11449,missing_file,
11450,missing_file,
11451,missing_file,
11452,missing_file,
11453,missing_file,
11454,missing_file,
11455,missing_file,
11456,missing_file,
11457,missing_file,
11458,missing_file,
11459,missing_file,
11460,missing_file,
11461,missing_file,
11462,missing_file,
11463,missing_file,
11464,missing_file,
11465,missing_file,
11466,missing_file,
11467,missing_file,
11468,missing_file,
11469,missing_file,
11470,missing_file,
11471,missing_file,
11472,missing_file,
11473,missing_file,
11474,missing_file,
11475,missing_file,
11476,missing_file,
11477,missing_file,
11478,missing_file,
11479,missing_file,
11480,missing_file,
11481,missing_file,
11482,missing_file,
11483,missing_file,
11484,missing_file,
11485,missing_file,
11486,missing_file,
11487,missing_file,
11488,missing_file,
11489,missing_file,
11490,missing_file,
11491,missing_file,
11492,missing_file,
11493,missing_file,
11494,missing_file,
11495,missing_file,
11496,missing_file,
11497,missing_file,
11498,missing_file,
11499,missing_file,
11500,missing_file,
11501,missing_file,
11502,missing_file,
11503,missing_file,
11504,missing_file,
11505,missing_file,
11506,missing_file,
11507,missing_file,
11508,missing_file,
11509,missing_file,
11510,missing_file,
11511,missing_file,
11512,missing_file,
11513,missing_file,
11514,missing_file,
11515,missing_file,
11516,missing_file,
11517,missing_file,
11518,missing_file,
11519,missing_file,
11520,missing_file,
11521,missing_file,
11522,missing_file,
11523,missing_file,
11524,missing_file,
11525,missing_file,
11526,missing_file,
11527,missing_file,
11528,missing_file,
11529,missing_file,
11530,missing_file,
11531,missing_file,
11532,missing_file,
11533,missing_file,
11534,missing_file,
11535,missing_file,
11536,missing_file,
11537,missing_file,
11538,missing_file,
11539,missing_file,
11540,missing_file,
11541,missing_file,
11542,missing_file,
11543,missing_file,
11544,missing_file,
11545,missing_file,
11546,missing_file,
11547,missing_file,
11548,missing_file,
11549,missing_file,
11550,missing_file,
11551,missing_file,
11552,missing_file,
11553,missing_file,
11554,missing_file,
11555,missing_file,
11556,missing_file,
11557,missing_file,
11558,missing_file,
11559,missing_file,
11560,missing_file,
11561,missing_file,
11562,missing_file,
11563,missing_file,
11564,missing_file,
11565,missing_file,
11566,missing_file,
11567,missing_file,
11568,missing_file,
11569,missing_file,
11570,missing_file,
11571,missing_file,
11572,missing_file,
11573,missing_file,
11574,missing_file,
11575,missing_file,
11576,missing_file,
11577,missing_file,
11578,missing_file,
11579,missing_file,
11580,missing_file,
11581,missing_file,
11582,missing_file,
11583,missing_file,
11584,missing_file,
11585,missing_file,
11586,missing_file,
11587,missing_file,
11588,missing_file,
11589,missing_file,
11590,missing_file,
11591,missing_file,
11592,missing_file,
11593,missing_file,
11594,missing_file,
11595,missing_file,
11596,missing_file,
11597,missing_file,
11598,missing_file,
11599,missing_file,
11600,missing_file,
11601,missing_file,
11602,missing_file,
11603,missing_file,
11604,missing_file,
11605,missing_file,
11606,missing_file,
11607,missing_file,
11608,missing_file,
11609,missing_file,
11610,missing_file,
11611,missing_file,
11612,missing_file,
11613,missing_file,
11614,missing_file,
11615,missing_file,
11616,missing_file,
11617,missing_file,
11618,missing_file,
11619,missing_file,
11620,missing_file,
11621,missing_file,
11622,missing_file,
11623,missing_file,
11624,missing_file,
11625,missing_file,
11626,missing_file,
11627,missing_file,
11628,missing_file,
11629,missing_file,
11630,missing_file,
11631,missing_file,
11632,missing_file,
11633,missing_file,
11634,missing_file,
11635,missing_file,
11636,missing_file,
11637,missing_file,
11638,missing_file,
11639,missing_file,
11640,missing_file,
11641,missing_file,
11642,missing_file,
11643,missing_file,
11644,missing_file,
11645,missing_file,
11646,missing_file,
11647,missing_file,
11648,missing_file,
11649,missing_file,
11650,missing_file,
11651,missing_file,
11652,missing_file,
11653,missing_file,
11654,missing_file,
11655,missing_file,
11656,missing_file,
11657,missing_file,
11658,missing_file,
11659,missing_file,
11660,missing_file,
11661,missing_file,
11662,missing_file,
11663,missing_file,
11664,missing_file,
11665,missing_file,
11666,missing_file,
11667,missing_file,
11668,missing_file,
11669,missing_file,
11670,missing_file,
11671,missing_file,
11672,missing_file,
11673,missing_file,
11674,missing_file,
11675,missing_file,
11676,missing_file,
11677,missing_file,
11678,missing_file,
11679,missing_file,
11680,missing_file,
11681,missing_file,
11682,missing_file,
11683,missing_file,
11684,missing_file,
11685,missing_file,
11686,missing_file,
11687,missing_file,
11688,missing_file,
11689,missing_file,
11690,missing_file,
11691,missing_file,
11692,missing_file,
11693,missing_file,
11694,missing_file,
11695,missing_file,
11696,missing_file,
11697,missing_file,
11698,missing_file,
11699,missing_file,
11700,missing_file,
11701,missing_file,
11702,missing_file,
11703,missing_file,
11704,missing_file,
11705,missing_file,
11706,missing_file,
11707,missing_file,
11708,missing_file,
11709,missing_file,
11710,missing_file,
11711,missing_file,
11712,missing_file,
11713,missing_file,
11714,missing_file,
11715,missing_file,
11716,missing_file,
11717,missing_file,
11718,missing_file,
11719,missing_file,
11720,missing_file,
11721,missing_file,
11722,missing_file,
11723,missing_file,
11724,missing_file,
11725,missing_file,
11726,missing_file,
11727,missing_file,
11728,missing_file,
11729,missing_file,
11730,missing_file,
11731,missing_file,
11732,missing_file,
11733,missing_file,
11734,missing_file,
11735,missing_file,
11736,missing_file,
11737,missing_file,
11738,missing_file,
11739,missing_file,
11740,missing_file,
11741,missing_file,
11742,missing_file,
11743,missing_file,
11744,missing_file,
11745,missing_file,
11746,missing_file,
11747,missing_file,
11748,missing_file,
11749,missing_file,
11750,missing_file,
11751,missing_file,
11752,missing_file,
11753,missing_file,
11754,missing_file,
11755,missing_file,
11756,missing_file,
11757,missing_file,
11758,missing_file,
11759,missing_file,
11760,missing_file,
11761,missing_file,
11762,missing_file,
11763,missing_file,
11764,missing_file,
11765,missing_file,
11766,missing_file,
11767,missing_file,
11768,missing_file,
11769,missing_file,
11770,missing_file,
11771,missing_file,
11772,missing_file,
11773,missing_file,
11774,missing_file,
11775,missing_file,
11776,missing_file,
11777,missing_file,
11778,missing_file,
11779,missing_file,
11780,missing_file,
11781,missing_file,
11782,missing_file,
11783,missing_file,
11784,missing_file,
11785,missing_file,
11786,missing_file,
11787,missing_file,
11788,missing_file,
11789,missing_file,
11790,missing_file,
11791,missing_file,
11792,missing_file,
11793,missing_file,
11794,missing_file,
11795,missing_file,
11796,missing_file,
11797,missing_file,
11798,missing_file,
11799,missing_file,
11800,missing_file,
11801,missing_file,
11802,missing_file,
11803,missing_file,
11804,missing_file,
11805,missing_file,
11806,missing_file,
11807,missing_file,
11808,missing_file,
11809,missing_file,
11810,missing_file,
11811,missing_file,
11812,missing_file,
11813,missing_file,
11814,missing_file,
11815,missing_file,
11816,missing_file,
11817,missing_file,
11818,missing_file,
11819,missing_file,
11820,missing_file,
11821,missing_file,
11822,missing_file,
11823,missing_file,
11824,missing_file,
11825,missing_file,
11826,missing_file,
11827,missing_file,
11828,missing_file,
11829,missing_file,
11830,missing_file,
11831,missing_file,
11832,missing_file,
11833,missing_file,
11834,missing_file,
11835,missing_file,
11836,missing_file,
11837,missing_file,
11838,missing_file,
11839,missing_file,
11840,missing_file,
11841,missing_file,
11842,missing_file,
11843,missing_file,
11844,missing_file,
11845,missing_file,
11846,missing_file,
11847,missing_file,
11848,missing_file,
11849,missing_file,
11850,missing_file,
11851,missing_file,
11852,missing_file,
11853,missing_file,
11854,missing_file,
11855,missing_file,
11856,missing_file,
11857,missing_file,
11858,missing_file,
11859,missing_file,
11860,missing_file,
11861,missing_file,
11862,missing_file,
11863,missing_file,
11864,missing_file,
11865,missing_file,
11866,missing_file,
11867,missing_file,
11868,missing_file,
11869,missing_file,
11870,missing_file,
11871,missing_file,
11872,missing_file,
11873,missing_file,
11874,missing_file,
11875,missing_file,
11876,missing_file,
11877,missing_file,
11878,missing_file,
11879,missing_file,
11880,missing_file,
11881,missing_file,
11882,missing_file,
11883,missing_file,
11884,missing_file,
11885,missing_file,
11886,missing_file,
11887,missing_file,
11888,missing_file,
11889,missing_file,
11890,missing_file,
11891,missing_file,
11892,missing_file,
11893,missing_file,
11894,missing_file,
11895,missing_file,
11896,missing_file,
11897,missing_file,
11898,missing_file,
11899,missing_file,
11900,missing_file,
11901,missing_file,
11902,missing_file,
11903,missing_file,
11904,missing_file,
11905,missing_file,
11906,missing_file,
11907,missing_file,
11908,missing_file,
11909,missing_file,
11910,missing_file,
11911,missing_file,
11912,missing_file,
11913,missing_file,
11914,missing_file,
11915,missing_file,
11916,missing_file,
11917,missing_file,
11918,missing_file,
11919,missing_file,
11920,missing_file,
11921,missing_file,
11922,missing_file,
11923,missing_file,
11924,missing_file,
11925,missing_file,
11926,missing_file,
11927,missing_file,
11928,missing_file,
11929,missing_file,
11930,missing_file,
11931,missing_file,
11932,missing_file,
11933,missing_file,
11934,missing_file,
11935,missing_file,
11936,missing_file,
11937,missing_file,
11938,missing_file,
11939,missing_file,
11940,missing_file,
11941,missing_file,
11942,missing_file,
11943,missing_file,
11944,missing_file,
11945,missing_file,
11946,missing_file,
11947,missing_file,
11948,missing_file,
11949,missing_file,
11950,missing_file,
11951,missing_file,
11952,missing_file,
11953,missing_file,
11954,missing_file,
11955,missing_file,
11956,missing_file,
11957,missing_file,
11958,missing_file,
11959,missing_file,
11960,missing_file,
11961,missing_file,
11962,missing_file,
11963,missing_file,
11964,missing_file,
11965,missing_file,
11966,missing_file,
11967,missing_file,
11968,missing_file,
11969,missing_file,
11970,missing_file,
11971,missing_file,
11972,missing_file,
11973,missing_file,
11974,missing_file,
11975,missing_file,
11976,missing_file,
11977,missing_file,
11978,missing_file,
11979,missing_file,
11980,missing_file,
11981,missing_file,
11982,missing_file,
11983,missing_file,
11984,missing_file,
11985,missing_file,
11986,missing_file,
11987,missing_file,
11988,missing_file,
11989,missing_file,
11990,missing_file,
11991,missing_file,
11992,missing_file,
11993,missing_file,
11994,missing_file,
11995,missing_file,
11996,missing_file,
11997,missing_file,
11998,missing_file,
11999,missing_file,
12000,missing_file,
12001,missing_file,
12002,missing_file,
12003,missing_file,
12004,missing_file,
12005,missing_file,
12006,missing_file,
12007,missing_file,
12008,missing_file,
12009,missing_file,
12010,missing_file,
12011,missing_file,
12012,missing_file,
12013,missing_file,
12014,missing_file,
12015,missing_file,
12016,missing_file,
12017,missing_file,
12018,missing_file,
12019,missing_file,
12020,missing_file,
12021,missing_file,
12022,missing_file,
12023,missing_file,
12024,missing_file,
12025,missing_file,
12026,missing_file,
12027,missing_file,
12028,missing_file,
12029,missing_file,
12030,missing_file,
12031,missing_file,
12032,missing_file,
12033,missing_file,
12034,missing_file,
12035,missing_file,
12036,missing_file,
12037,missing_file,
12038,missing_file,
12039,missing_file,
12040,missing_file,
12041,missing_file,
12042,missing_file,
12043,missing_file,
12044,missing_file,
12045,missing_file,
12046,missing_file,
12047,missing_file,
12048,missing_file,
12049,missing_file,
12050,missing_file,
12051,missing_file,
12052,missing_file,
12053,missing_file,
12054,missing_file,
12055,missing_file,
12056,missing_file,
12057,missing_file,
12058,missing_file,
12059,missing_file,
12060,missing_file,
12061,missing_file,
12062,missing_file,
12063,missing_file,
12064,missing_file,
12065,missing_file,
12066,missing_file,
12067,missing_file,
12068,missing_file,
12069,missing_file,
12070,missing_file,
12071,missing_file,
12072,missing_file,
12073,missing_file,
12074,missing_file,
12075,missing_file,
12076,missing_file,
12077,missing_file,
12078,missing_file,
12079,missing_file,
12080,missing_file,
12081,missing_file,
12082,missing_file,
12083,missing_file,
12084,missing_file,
12085,missing_file,
12086,missing_file,
12087,missing_file,
12088,missing_file,
12089,missing_file,
12090,missing_file,
12091,missing_file,
12092,missing_file,
12093,missing_file,
12094,missing_file,
12095,missing_file,
12096,missing_file,
12097,missing_file,
12098,missing_file,
12099,missing_file,
12100,missing_file,
12101,missing_file,
12102,missing_file,
12103,missing_file,
12104,missing_file,
12105,missing_file,
12106,missing_file,
12107,missing_file,
12108,missing_file,
12109,missing_file,
12110,missing_file,
12111,missing_file,
12112,missing_file,
12113,missing_file,
12114,missing_file,
12115,missing_file,
12116,missing_file,
12117,missing_file,
12118,missing_file,
12119,missing_file,
12120,missing_file,
12121,missing_file,
12122,missing_file,
12123,missing_file,
12124,missing_file,
12125,missing_file,
12126,missing_file,
12127,missing_file,
12128,missing_file,
12129,missing_file,
12130,missing_file,
12131,missing_file,
12132,missing_file,
12133,missing_file,
12134,missing_file,
12135,missing_file,
12136,missing_file,
12137,missing_file,
12138,missing_file,
12139,missing_file,
12140,missing_file,
12141,missing_file,
12142,missing_file,
12143,missing_file,
12144,missing_file,
12145,missing_file,
12146,missing_file,
12147,missing_file,
12148,missing_file,
12149,missing_file,
12150,missing_file,
12151,missing_file,
12152,missing_file,
12153,missing_file,
12154,missing_file,
12155,missing_file,
12156,missing_file,
12157,missing_file,
12158,missing_file,
12159,missing_file,
12160,missing_file,
12161,missing_file,
12162,missing_file,
12163,missing_file,
12164,missing_file,
12165,missing_file,
12166,missing_file,
12167,missing_file,
12168,missing_file,
12169,missing_file,
12170,missing_file,
12171,missing_file,
12172,missing_file,
12173,missing_file,
12174,missing_file,
12175,missing_file,
12176,missing_file,
12177,missing_file,
12178,missing_file,
12179,missing_file,
12180,missing_file,
12181,missing_file,
12182,missing_file,
12183,missing_file,
12184,missing_file,
12185,missing_file,
12186,missing_file,
12187,missing_file,
12188,missing_file,
12189,missing_file,
12190,missing_file,
12191,missing_file,
12192,missing_file,
12193,missing_file,
12194,missing_file,
12195,missing_file,
12196,missing_file,
12197,missing_file,
12198,missing_file,
12199,missing_file,
12200,missing_file,
12201,missing_file,
12202,missing_file,
12203,missing_file,
12204,missing_file,
12205,missing_file,
12206,missing_file,
12207,missing_file,
12208,missing_file,
12209,missing_file,
12210,missing_file,
12211,missing_file,
12212,missing_file,
12213,missing_file,
12214,missing_file,
12215,missing_file,
12216,missing_file,
12217,missing_file,
12218,missing_file,
12219,missing_file,
12220,missing_file,
12221,missing_file,
12222,missing_file,
12223,missing_file,
12224,missing_file,
12225,missing_file,
12226,missing_file,
12227,missing_file,
12228,missing_file,
12229,missing_file,
12230,missing_file,
12231,missing_file,
12232,missing_file,
12233,missing_file,
12234,missing_file,
12235,missing_file,
12236,missing_file,
12237,missing_file,
12238,missing_file,
12239,missing_file,
12240,missing_file,
12241,missing_file,
12242,missing_file,
12243,missing_file,
12244,missing_file,
12245,missing_file,
12246,missing_file,
12247,missing_file,
12248,missing_file,
12249,missing_file,
12250,missing_file,
12251,missing_file,
12252,missing_file,
12253,missing_file,
12254,missing_file,
12255,missing_file,
12256,missing_file,
12257,missing_file,
12258,missing_file,
12259,missing_file,
12260,missing_file,
12261,missing_file,
12262,missing_file,
12263,missing_file,
12264,missing_file,
12265,missing_file,
12266,missing_file,
12267,missing_file,
12268,missing_file,
12269,missing_file,
12270,missing_file,
12271,missing_file,
12272,missing_file,
12273,missing_file,
12274,missing_file,
12275,missing_file,
12276,missing_file,
12277,missing_file,
12278,missing_file,
12279,missing_file,
12280,missing_file,
12281,missing_file,
12282,missing_file,
12283,missing_file,
12284,missing_file,
12285,missing_file,
12286,missing_file,
12287,missing_file,
12288,missing_file,
12289,missing_file,
12290,missing_file,
12291,missing_file,
12292,missing_file,
12293,missing_file,
12294,missing_file,
12295,missing_file,
12296,missing_file,
12297,missing_file,
12298,missing_file,
12299,missing_file,
12300,missing_file,
12301,missing_file,
12302,missing_file,
12303,missing_file,
12304,missing_file,
12305,missing_file,
12306,missing_file,
12307,missing_file,
12308,missing_file,
12309,missing_file,
12310,missing_file,
12311,missing_file,
12312,missing_file,
12313,missing_file,
12314,missing_file,
12315,missing_file,
12316,missing_file,
12317,missing_file,
12318,missing_file,
12319,missing_file,
12320,missing_file,
12321,missing_file,
12322,missing_file,
12323,missing_file,
12324,missing_file,
12325,missing_file,
12326,missing_file,
12327,missing_file,
12328,missing_file,
12329,missing_file,
12330,missing_file,
12331,missing_file,
12332,missing_file,
12333,missing_file,
12334,missing_file,
12335,missing_file,
12336,missing_file,
12337,missing_file,
12338,missing_file,
12339,missing_file,
12340,missing_file,
12341,missing_file,
12342,missing_file,
12343,missing_file,
12344,missing_file,
12345,missing_file,
12346,missing_file,
12347,missing_file,
12348,missing_file,
12349,missing_file,
12350,missing_file,
12351,missing_file,
12352,missing_file,
12353,missing_file,
12354,missing_file,
12355,missing_file,
12356,missing_file,
12357,missing_file,
12358,missing_file,
12359,missing_file,
12360,missing_file,
12361,missing_file,
12362,missing_file,
12363,missing_file,
12364,missing_file,
12365,missing_file,
12366,missing_file,
12367,missing_file,
12368,missing_file,
12369,missing_file,
12370,missing_file,
12371,missing_file,
12372,missing_file,
12373,missing_file,
12374,missing_file,
12375,missing_file,
12376,missing_file,
12377,missing_file,
12378,missing_file,
12379,missing_file,
12380,missing_file,
12381,missing_file,
12382,missing_file,
12383,missing_file,
12384,missing_file,
12385,missing_file,
12386,missing_file,
12387,missing_file,
12388,missing_file,
12389,missing_file,
12390,missing_file,
12391,missing_file,
12392,missing_file,
12393,missing_file,
12394,missing_file,
12395,missing_file,
12396,missing_file,
12397,missing_file,
12398,missing_file,
12399,missing_file,
12400,missing_file,
12401,missing_file,
12402,missing_file,
12403,missing_file,
12404,missing_file,
12405,missing_file,
12406,missing_file,
12407,missing_file,
12408,missing_file,
12409,missing_file,
12410,missing_file,
12411,missing_file,
12412,missing_file,
12413,missing_file,
12414,missing_file,
12415,missing_file,
12416,missing_file,
12417,missing_file,
12418,missing_file,
12419,missing_file,
12420,missing_file,
12421,missing_file,
12422,missing_file,
12423,missing_file,
12424,missing_file,
12425,missing_file,
12426,missing_file,
12427,missing_file,
12428,missing_file,
12429,missing_file,
12430,missing_file,
12431,missing_file,
12432,missing_file,
12433,missing_file,
12434,missing_file,
12435,missing_file,
12436,missing_file,
12437,missing_file,
12438,missing_file,
12439,missing_file,
12440,missing_file,
12441,missing_file,
12442,missing_file,
12443,missing_file,
12444,missing_file,
12445,missing_file,
12446,missing_file,
12447,missing_file,
12448,missing_file,
12449,missing_file,
12450,missing_file,
12451,missing_file,
12452,missing_file,
12453,missing_file,
12454,missing_file,
12455,missing_file,
12456,missing_file,
12457,missing_file,
12458,missing_file,
12459,missing_file,
12460,missing_file,
12461,missing_file,
12462,missing_file,
12463,missing_file,
12464,missing_file,
12465,missing_file,
12466,missing_file,
12467,missing_file,
12468,missing_file,
12469,missing_file,
12470,missing_file,
12471,missing_file,
12472,missing_file,
12473,missing_file,
12474,missing_file,
12475,missing_file,
12476,missing_file,
12477,missing_file,
12478,missing_file,
12479,missing_file,
12480,missing_file,
12481,missing_file,
12482,missing_file,
12483,missing_file,
12484,missing_file,
12485,missing_file,
12486,missing_file,
12487,missing_file,
12488,missing_file,
12489,missing_file,
12490,missing_file,
12491,missing_file,
12492,missing_file,
12493,missing_file,
12494,missing_file,
12495,missing_file,
12496,missing_file,
12497,missing_file,
12498,missing_file,
12499,missing_file,
12500,missing_file,
12501,missing_file,
12502,missing_file,
12503,missing_file,
12504,missing_file,
12505,missing_file,
12506,missing_file,
12507,missing_file,
12508,missing_file,
12509,missing_file,
12510,missing_file,
12511,missing_file,
12512,missing_file,
12513,missing_file,
12514,missing_file,
12515,missing_file,
12516,missing_file,
12517,missing_file,
12518,missing_file,
12519,missing_file,
12520,missing_file,
12521,missing_file,
12522,missing_file,
12523,missing_file,
12524,missing_file,
12525,missing_file,
12526,missing_file,
12527,missing_file,
12528,missing_file,
12529,missing_file,
12530,missing_file,
12531,missing_file,
12532,missing_file,
12533,missing_file,
12534,missing_file,
12535,missing_file,
12536,missing_file,
12537,missing_file,
12538,missing_file,
12539,missing_file,
12540,missing_file,
12541,missing_file,
12542,missing_file,
12543,missing_file,
12544,missing_file,
12545,missing_file,
12546,missing_file,
12547,missing_file,
12548,missing_file,
12549,missing_file,
12550,missing_file,
12551,missing_file,
12552,missing_file,
12553,missing_file,
12554,missing_file,
12555,missing_file,
12556,missing_file,
12557,missing_file,
12558,missing_file,
12559,missing_file,
12560,missing_file,
12561,missing_file,
12562,missing_file,
12563,missing_file,
12564,missing_file,
12565,missing_file,
12566,missing_file,
12567,missing_file,
12568,missing_file,
12569,missing_file,
12570,missing_file,
12571,missing_file,
12572,missing_file,
12573,missing_file,
12574,missing_file,
12575,missing_file,
12576,missing_file,
12577,missing_file,
12578,missing_file,
12579,missing_file,
12580,missing_file,
12581,missing_file,
12582,missing_file,
12583,missing_file,
12584,missing_file,
12585,missing_file,
12586,missing_file,
12587,missing_file,
12588,missing_file,
12589,missing_file,
12590,missing_file,
12591,missing_file,
12592,missing_file,
12593,missing_file,
12594,missing_file,
12595,missing_file,
12596,missing_file,
12597,missing_file,
12598,missing_file,
12599,missing_file,
12600,missing_file,
12601,missing_file,
12602,missing_file,
12603,missing_file,
12604,missing_file,
12605,missing_file,
12606,missing_file,
12607,missing_file,
12608,missing_file,
12609,missing_file,
12610,missing_file,
12611,missing_file,
12612,missing_file,
12613,missing_file,
12614,missing_file,
12615,missing_file,
12616,missing_file,
12617,missing_file,
12618,missing_file,
12619,missing_file,
12620,missing_file,
12621,missing_file,
12622,missing_file,
12623,missing_file,
12624,missing_file,
12625,missing_file,
12626,missing_file,
12627,missing_file,
12628,missing_file,
12629,missing_file,
12630,missing_file,
12631,missing_file,
12632,missing_file,
12633,missing_file,
12634,missing_file,
12635,missing_file,
12636,missing_file,
12637,missing_file,
12638,missing_file,
12639,missing_file,
12640,missing_file,
12641,missing_file,
12642,missing_file,
12643,missing_file,
12644,missing_file,
12645,missing_file,
12646,missing_file,
12647,missing_file,
12648,missing_file,
12649,missing_file,
12650,missing_file,
12651,missing_file,
12652,missing_file,
12653,missing_file,
12654,missing_file,
12655,missing_file,
12656,missing_file,
12657,missing_file,
12658,missing_file,
12659,missing_file,
12660,missing_file,
12661,missing_file,
12662,missing_file,
12663,missing_file,
12664,missing_file,
12665,missing_file,
12666,missing_file,
12667,missing_file,
12668,missing_file,
12669,missing_file,
12670,missing_file,
12671,missing_file,
12672,missing_file,
12673,missing_file,
12674,missing_file,
12675,missing_file,
12676,missing_file,
12677,missing_file,
12678,missing_file,
12679,missing_file,
12680,missing_file,
12681,missing_file,
12682,missing_file,
12683,missing_file,
12684,missing_file,
12685,missing_file,
12686,missing_file,
12687,missing_file,
12688,missing_file,
12689,missing_file,
12690,missing_file,
12691,missing_file,
12692,missing_file,
12693,missing_file,
12694,missing_file,
12695,missing_file,
12696,missing_file,
12697,missing_file,
12698,missing_file,
12699,missing_file,
12700,missing_file,
12701,missing_file,
12702,missing_file,
12703,missing_file,
12704,missing_file,
12705,missing_file,
12706,missing_file,
12707,missing_file,
12708,missing_file,
12709,missing_file,
12710,missing_file,
12711,missing_file,
12712,missing_file,
12713,missing_file,
12714,missing_file,
12715,missing_file,
12716,missing_file,
12717,missing_file,
12718,missing_file,
12719,missing_file,
12720,missing_file,
12721,missing_file,
12722,missing_file,
12723,missing_file,
12724,missing_file,
12725,missing_file,
12726,missing_file,
12727,missing_file,
12728,missing_file,
12729,missing_file,
12730,missing_file,
12731,missing_file,
12732,missing_file,
12733,missing_file,
12734,missing_file,
12735,missing_file,
12736,missing_file,
12737,missing_file,
12738,missing_file,
12739,missing_file,
12740,missing_file,
12741,missing_file,
12742,missing_file,
12743,missing_file,
12744,missing_file,
12745,missing_file,
12746,missing_file,
12747,missing_file,
12748,missing_file,
12749,missing_file,
12750,missing_file,
12751,missing_file,
12752,missing_file,
12753,missing_file,
12754,missing_file,
12755,missing_file,
12756,missing_file,
12757,missing_file,
12758,missing_file,
12759,missing_file,
12760,missing_file,
12761,missing_file,
12762,missing_file,
12763,missing_file,
12764,missing_file,
12765,missing_file,
12766,missing_file,
12767,missing_file,
12768,missing_file,
12769,missing_file,
12770,missing_file,
12771,missing_file,
12772,missing_file,
12773,missing_file,
12774,missing_file,
12775,missing_file,
12776,missing_file,
12777,missing_file,
12778,missing_file,
12779,missing_file,
12780,missing_file,
12781,missing_file,
12782,missing_file,
12783,missing_file,
12784,missing_file,
12785,missing_file,
12786,missing_file,
12787,missing_file,
12788,missing_file,
12789,missing_file,
12790,missing_file,
12791,missing_file,
12792,missing_file,
12793,missing_file,
12794,missing_file,
12795,missing_file,
12796,missing_file,
12797,missing_file,
12798,missing_file,
12799,missing_file,
12800,missing_file,
12801,missing_file,
12802,missing_file,
12803,missing_file,
12804,missing_file,
12805,missing_file,
12806,missing_file,
12807,missing_file,
12808,missing_file,
12809,missing_file,
12810,missing_file,
12811,missing_file,
12812,missing_file,
12813,missing_file,
12814,missing_file,
12815,missing_file,
12816,missing_file,
12817,missing_file,
12818,missing_file,
12819,missing_file,
12820,missing_file,
12821,missing_file,
12822,missing_file,
12823,missing_file,
12824,missing_file,
12825,missing_file,
12826,missing_file,
12827,missing_file,
12828,missing_file,
12829,missing_file,
12830,missing_file,
12831,missing_file,
12832,missing_file,
12833,missing_file,
12834,missing_file,
12835,missing_file,
12836,missing_file,
12837,missing_file,
12838,missing_file,
12839,missing_file,
12840,missing_file,
12841,missing_file,
12842,missing_file,
12843,missing_file,
12844,missing_file,
12845,missing_file,
12846,missing_file,
12847,missing_file,
12848,missing_file,
12849,missing_file,
12850,missing_file,
12851,missing_file,
12852,missing_file,
12853,missing_file,
12854,missing_file,
12855,missing_file,
12856,missing_file,
12857,missing_file,
12858,missing_file,
12859,missing_file,
12860,missing_file,
12861,missing_file,
12862,missing_file,
12863,missing_file,
12864,missing_file,
12865,missing_file,
12866,missing_file,
12867,missing_file,
12868,missing_file,
12869,missing_file,
12870,missing_file,
12871,missing_file,
12872,missing_file,
12873,missing_file,
12874,missing_file,
12875,missing_file,
12876,missing_file,
12877,missing_file,
12878,missing_file,
12879,missing_file,
12880,missing_file,
12881,missing_file,
12882,missing_file,
12883,missing_file,
12884,missing_file,
12885,missing_file,
12886,missing_file,
12887,missing_file,
12888,missing_file,
12889,missing_file,
12890,missing_file,
12891,missing_file,
12892,missing_file,
12893,missing_file,
12894,missing_file,
12895,missing_file,
12896,missing_file,
12897,missing_file,
12898,missing_file,
12899,missing_file,
12900,missing_file,
12901,missing_file,
12902,missing_file,
12903,missing_file,
12904,missing_file,
12905,missing_file,
12906,missing_file,
12907,missing_file,
12908,missing_file,
12909,missing_file,
12910,missing_file,
12911,missing_file,
12912,missing_file,
12913,missing_file,
12914,missing_file,
12915,missing_file,
12916,missing_file,
12917,missing_file,
12918,missing_file,
12919,missing_file,
12920,missing_file,
12921,missing_file,
12922,missing_file,
12923,missing_file,
12924,missing_file,
12925,missing_file,
12926,missing_file,
12927,missing_file,
12928,missing_file,
12929,missing_file,
12930,missing_file,
12931,missing_file,
12932,missing_file,
12933,missing_file,
12934,missing_file,
12935,missing_file,
12936,missing_file,
12937,missing_file,
12938,missing_file,
12939,missing_file,
12940,missing_file,
12941,missing_file,
12942,missing_file,
12943,missing_file,
12944,missing_file,
12945,missing_file,
12946,missing_file,
12947,missing_file,
12948,missing_file,
12949,missing_file,
12950,missing_file,
12951,missing_file,
12952,missing_file,
12953,missing_file,
12954,missing_file,
12955,missing_file,
12956,missing_file,
12957,missing_file,
12958,missing_file,
12959,missing_file,
12960,missing_file,
12961,missing_file,
12962,missing_file,
12963,missing_file,
12964,missing_file,
12965,missing_file,
12966,missing_file,
12967,missing_file,
12968,missing_file,
12969,missing_file,
12970,missing_file,
12971,missing_file,
12972,missing_file,
12973,missing_file,
12974,missing_file,
12975,missing_file,
12976,missing_file,
12977,missing_file,
12978,missing_file,
12979,missing_file,
12980,missing_file,
12981,missing_file,
12982,missing_file,
12983,missing_file,
12984,missing_file,
12985,missing_file,
12986,missing_file,
12987,missing_file,
12988,missing_file,
12989,missing_file,
12990,missing_file,
12991,missing_file,
12992,missing_file,
12993,missing_file,
12994,missing_file,
12995,missing_file,
12996,missing_file,
12997,missing_file,
12998,missing_file,
12999,missing_file,
13000,missing_file,
13001,missing_file,
13002,missing_file,
13003,missing_file,
13004,missing_file,
13005,missing_file,
13006,missing_file,
13007,missing_file,
13008,missing_file,
13009,missing_file,
13010,missing_file,
13011,missing_file,
13012,missing_file,
13013,missing_file,
13014,missing_file,
13015,missing_file,
13016,missing_file,
13017,missing_file,
13018,missing_file,
13019,missing_file,
13020,missing_file,
13021,missing_file,
13022,missing_file,
13023,missing_file,
13024,missing_file,
13025,missing_file,
13026,missing_file,
13027,missing_file,
13028,missing_file,
13029,missing_file,
13030,missing_file,
13031,missing_file,
13032,missing_file,
13033,missing_file,
13034,missing_file,
13035,missing_file,
13036,missing_file,
13037,missing_file,
13038,missing_file,
13039,missing_file,
13040,missing_file,
13041,missing_file,
13042,missing_file,
13043,missing_file,
13044,missing_file,
13045,missing_file,
13046,missing_file,
13047,missing_file,
13048,missing_file,
13049,missing_file,
13050,missing_file,
13051,missing_file,
13052,missing_file,
13053,missing_file,
13054,missing_file,
13055,missing_file,
13056,missing_file,
13057,missing_file,
13058,missing_file,
13059,missing_file,
13060,missing_file,
13061,missing_file,
13062,missing_file,
13063,missing_file,
13064,missing_file,
13065,missing_file,
13066,missing_file,
13067,missing_file,
13068,missing_file,
13069,missing_file,
13070,missing_file,
13071,missing_file,
13072,missing_file,
13073,missing_file,
13074,missing_file,
13075,missing_file,
13076,missing_file,
13077,missing_file,
13078,missing_file,
13079,missing_file,
13080,missing_file,
13081,missing_file,
13082,missing_file,
13083,missing_file,
13084,missing_file,
13085,missing_file,
13086,missing_file,
13087,missing_file,
13088,missing_file,
13089,missing_file,
13090,missing_file,
13091,missing_file,
13092,missing_file,
13093,missing_file,
13094,missing_file,
13095,missing_file,
13096,missing_file,
13097,missing_file,
13098,missing_file,
13099,missing_file,
13100,missing_file,
13101,missing_file,
13102,missing_file,
13103,missing_file,
13104,missing_file,
13105,missing_file,
13106,missing_file,
13107,missing_file,
13108,missing_file,
13109,missing_file,
13110,missing_file,
13111,missing_file,
13112,missing_file,
13113,missing_file,
13114,missing_file,
13115,missing_file,
13116,missing_file,
13117,missing_file,
13118,missing_file,
13119,missing_file,
13120,missing_file,
13121,missing_file,
13122,missing_file,
13123,missing_file,
13124,missing_file,
13125,missing_file,
13126,missing_file,
13127,missing_file,
13128,missing_file,
13129,missing_file,
13130,missing_file,
13131,missing_file,
13132,missing_file,
13133,missing_file,
13134,missing_file,
13135,missing_file,
13136,missing_file,
13137,missing_file,
13138,missing_file,
13139,missing_file,
13140,missing_file,
13141,missing_file,
13142,missing_file,
13143,missing_file,
13144,missing_file,
13145,missing_file,
13146,missing_file,
13147,missing_file,
13148,missing_file,
13149,missing_file,
13150,missing_file,
13151,missing_file,
13152,missing_file,
13153,missing_file,
13154,missing_file,
13155,missing_file,
13156,missing_file,
13157,missing_file,
13158,missing_file,
13159,missing_file,
13160,missing_file,
13161,missing_file,
13162,missing_file,
13163,missing_file,
13164,missing_file,
13165,missing_file,
13166,missing_file,
13167,missing_file,
13168,missing_file,
13169,missing_file,
13170,missing_file,
13171,missing_file,
13172,missing_file,
13173,missing_file,
13174,missing_file,
13175,missing_file,
13176,missing_file,
13177,missing_file,
13178,missing_file,
13179,missing_file,
13180,missing_file,
13181,missing_file,
13182,missing_file,
13183,missing_file,
13184,missing_file,
13185,missing_file,
13186,missing_file,
13187,missing_file,
13188,missing_file,
13189,missing_file,
13190,missing_file,
13191,missing_file,
13192,missing_file,
13193,missing_file,
13194,missing_file,
13195,missing_file,
13196,missing_file,
13197,missing_file,
13198,missing_file,
13199,missing_file,
13200,missing_file,
13201,missing_file,
13202,missing_file,
13203,missing_file,
13204,missing_file,
13205,missing_file,
13206,missing_file,
13207,missing_file,
13208,missing_file,
13209,missing_file,
13210,missing_file,
13211,missing_file,
13212,missing_file,
13213,missing_file,
13214,missing_file,
13215,missing_file,
13216,missing_file,
13217,missing_file,
13218,missing_file,
13219,missing_file,
13220,missing_file,
13221,missing_file,
13222,missing_file,
13223,missing_file,
13224,missing_file,
13225,missing_file,
13226,missing_file,
13227,missing_file,
13228,missing_file,
13229,missing_file,
13230,missing_file,
13231,missing_file,
13232,missing_file,
13233,missing_file,
13234,missing_file,
13235,missing_file,
13236,missing_file,
13237,missing_file,
13238,missing_file,
13239,missing_file,
13240,missing_file,
13241,missing_file,
13242,missing_file,
13243,missing_file,
13244,missing_file,
13245,missing_file,
13246,missing_file,
13247,missing_file,
13248,missing_file,
13249,missing_file,
13250,missing_file,
13251,missing_file,
13252,missing_file,
13253,missing_file,
13254,missing_file,
13255,missing_file,
13256,missing_file,
13257,missing_file,
13258,missing_file,
13259,missing_file,
13260,missing_file,
13261,missing_file,
13262,missing_file,
13263,missing_file,
13264,missing_file,
13265,missing_file,
13266,missing_file,
13267,missing_file,
13268,missing_file,
13269,missing_file,
13270,missing_file,
13271,missing_file,
13272,missing_file,
13273,missing_file,
13274,missing_file,
13275,missing_file,
13276,missing_file,
13277,missing_file,
13278,missing_file,
13279,missing_file,
13280,missing_file,
13281,missing_file,
13282,missing_file,
13283,missing_file,
13284,missing_file,
13285,missing_file,
13286,missing_file,
13287,missing_file,
13288,missing_file,
13289,missing_file,
13290,missing_file,
13291,missing_file,
13292,missing_file,
13293,missing_file,
13294,missing_file,
13295,missing_file,
13296,missing_file,
13297,missing_file,
13298,missing_file,
13299,missing_file,
13300,missing_file,
13301,missing_file,
13302,missing_file,
13303,missing_file,
13304,missing_file,
13305,missing_file,
13306,missing_file,
13307,missing_file,
13308,missing_file,
13309,missing_file,
13310,missing_file,
13311,missing_file,
13312,missing_file,
13313,missing_file,
13314,missing_file,
13315,missing_file,
13316,missing_file,
13317,missing_file,
13318,missing_file,
13319,missing_file,
13320,missing_file,
13321,missing_file,
13322,missing_file,
13323,missing_file,
13324,missing_file,
13325,missing_file,
13326,missing_file,
13327,missing_file,
13328,missing_file,
13329,missing_file,
13330,missing_file,
13331,missing_file,
13332,missing_file,
13333,missing_file,
13334,missing_file,
13335,missing_file,
13336,missing_file,
13337,missing_file,
13338,missing_file,
13339,missing_file,
13340,missing_file,
13341,missing_file,
13342,missing_file,
13343,missing_file,
13344,missing_file,
13345,missing_file,
13346,missing_file,
13347,missing_file,
13348,missing_file,
13349,missing_file,
13350,missing_file,
13351,missing_file,
13352,missing_file,
13353,missing_file,
13354,missing_file,
13355,missing_file,
13356,missing_file,
13357,missing_file,
13358,missing_file,
13359,missing_file,
13360,missing_file,
13361,missing_file,
13362,missing_file,
13363,missing_file,
13364,missing_file,
13365,missing_file,
13366,missing_file,
13367,missing_file,
13368,missing_file,
13369,missing_file,
13370,missing_file,
13371,missing_file,
13372,missing_file,
13373,missing_file,
13374,missing_file,
13375,missing_file,
13376,missing_file,
13377,missing_file,
13378,missing_file,
13379,missing_file,
13380,missing_file,
13381,missing_file,
13382,missing_file,
13383,missing_file,
13384,missing_file,
13385,missing_file,
13386,missing_file,
13387,missing_file,
13388,missing_file,
13389,missing_file,
13390,missing_file,
13391,missing_file,
13392,missing_file,
13393,missing_file,
13394,missing_file,
13395,missing_file,
13396,missing_file,
13397,missing_file,
13398,missing_file,
13399,missing_file,
13400,missing_file,
13401,missing_file,
13402,missing_file,
13403,missing_file,
13404,missing_file,
13405,missing_file,
13406,missing_file,
13407,missing_file,
13408,missing_file,
13409,missing_file,
13410,missing_file,
13411,missing_file,
13412,missing_file,
13413,missing_file,
13414,missing_file,
13415,missing_file,
13416,missing_file,
13417,missing_file,
13418,missing_file,
13419,missing_file,
13420,missing_file,
13421,missing_file,
13422,missing_file,
13423,missing_file,
13424,missing_file,
13425,missing_file,
13426,missing_file,
13427,missing_file,
13428,missing_file,
13429,missing_file,
13430,missing_file,
13431,missing_file,
13432,missing_file,
13433,missing_file,
13434,missing_file,
13435,missing_file,
13436,missing_file,
13437,missing_file,
13438,missing_file,
13439,missing_file,
13440,missing_file,
13441,missing_file,
13442,missing_file,
13443,missing_file,
13444,missing_file,
13445,missing_file,
13446,missing_file,
13447,missing_file,
13448,missing_file,
13449,missing_file,
13450,missing_file,
13451,missing_file,
13452,missing_file,
13453,missing_file,
13454,missing_file,
13455,missing_file,
13456,missing_file,
13457,missing_file,
13458,missing_file,
13459,missing_file,
13460,missing_file,
13461,missing_file,
13462,missing_file,
13463,missing_file,
13464,missing_file,
13465,missing_file,
13466,missing_file,
13467,missing_file,
13468,missing_file,
13469,missing_file,
13470,missing_file,
13471,missing_file,
13472,missing_file,
13473,missing_file,
13474,missing_file,
13475,missing_file,
13476,missing_file,
13477,missing_file,
13478,missing_file,
13479,missing_file,
13480,missing_file,
13481,missing_file,
13482,missing_file,
13483,missing_file,
13484,missing_file,
13485,missing_file,
13486,missing_file,
13487,missing_file,
13488,missing_file,
13489,missing_file,
13490,missing_file,
13491,missing_file,
13492,missing_file,
13493,missing_file,
13494,missing_file,
13495,missing_file,
13496,missing_file,
13497,missing_file,
13498,missing_file,
13499,missing_file,
13500,missing_file,
13501,missing_file,
13502,missing_file,
13503,missing_file,
13504,missing_file,
13505,missing_file,
13506,missing_file,
13507,missing_file,
13508,missing_file,
13509,missing_file,
13510,missing_file,
13511,missing_file,
13512,missing_file,
13513,missing_file,
13514,missing_file,
13515,missing_file,
13516,missing_file,
13517,missing_file,
13518,missing_file,
13519,missing_file,
13520,missing_file,
13521,missing_file,
13522,missing_file,
13523,missing_file,
13524,missing_file,
13525,missing_file,
13526,missing_file,
13527,missing_file,
13528,missing_file,
13529,missing_file,
13530,missing_file,
13531,missing_file,
13532,missing_file,
13533,missing_file,
13534,missing_file,
13535,missing_file,
13536,missing_file,
13537,missing_file,
13538,missing_file,
13539,missing_file,
13540,missing_file,
13541,missing_file,
13542,missing_file,
13543,missing_file,
13544,missing_file,
13545,missing_file,
13546,missing_file,
13547,missing_file,
13548,missing_file,
13549,missing_file,
13550,missing_file,
13551,missing_file,
13552,missing_file,
13553,missing_file,
13554,missing_file,
13555,missing_file,
13556,missing_file,
13557,missing_file,
13558,missing_file,
13559,missing_file,
13560,missing_file,
13561,missing_file,
13562,missing_file,
13563,missing_file,
13564,missing_file,
13565,missing_file,
13566,missing_file,
13567,missing_file,
13568,missing_file,
13569,missing_file,
13570,missing_file,
13571,missing_file,
13572,missing_file,
13573,missing_file,
13574,missing_file,
13575,missing_file,
13576,missing_file,
13577,missing_file,
13578,missing_file,
13579,missing_file,
13580,missing_file,
13581,missing_file,
13582,missing_file,
13583,missing_file,
13584,missing_file,
13585,missing_file,
13586,missing_file,
13587,missing_file,
13588,missing_file,
13589,missing_file,
13590,missing_file,
13591,missing_file,
13592,missing_file,
13593,missing_file,
13594,missing_file,
13595,missing_file,
13596,missing_file,
13597,missing_file,
13598,missing_file,
13599,missing_file,
13600,missing_file,
13601,missing_file,
13602,missing_file,
13603,missing_file,
13604,missing_file,
13605,missing_file,
13606,missing_file,
13607,missing_file,
13608,missing_file,
13609,missing_file,
13610,missing_file,
13611,missing_file,
13612,missing_file,
13613,missing_file,
13614,missing_file,
13615,missing_file,
13616,missing_file,
13617,missing_file,
13618,missing_file,
13619,missing_file,
13620,missing_file,
13621,missing_file,
13622,missing_file,
13623,missing_file,
13624,missing_file,
13625,missing_file,
13626,missing_file,
13627,missing_file,
13628,missing_file,
13629,missing_file,
13630,missing_file,
13631,missing_file,
13632,missing_file,
13633,missing_file,
13634,missing_file,
13635,missing_file,
13636,missing_file,
13637,missing_file,
13638,missing_file,
13639,missing_file,
13640,missing_file,
13641,missing_file,
13642,missing_file,
13643,missing_file,
13644,missing_file,
13645,missing_file,
13646,missing_file,
13647,missing_file,
13648,missing_file,
13649,missing_file,
13650,missing_file,
13651,missing_file,
13652,missing_file,
13653,missing_file,
13654,missing_file,
13655,missing_file,
13656,missing_file,
13657,missing_file,
13658,missing_file,
13659,missing_file,
13660,missing_file,
13661,missing_file,
13662,missing_file,
13663,missing_file,
13664,missing_file,
13665,missing_file,
13666,missing_file,
13667,missing_file,
13668,missing_file,
13669,missing_file,
13670,missing_file,
13671,missing_file,
13672,missing_file,
13673,missing_file,
13674,missing_file,
13675,missing_file,
13676,missing_file,
13677,missing_file,
13678,missing_file,
13679,missing_file,
13680,missing_file,
13681,missing_file,
13682,missing_file,
13683,missing_file,
13684,missing_file,
13685,missing_file,
13686,missing_file,
13687,missing_file,
13688,missing_file,
13689,missing_file,
13690,missing_file,
13691,missing_file,
13692,missing_file,
13693,missing_file,
13694,missing_file,
13695,missing_file,
13696,missing_file,
13697,missing_file,
13698,missing_file,
13699,missing_file,
13700,missing_file,
13701,missing_file,
13702,missing_file,
13703,missing_file,
13704,missing_file,
13705,missing_file,
13706,missing_file,
13707,missing_file,
13708,missing_file,
13709,missing_file,
13710,missing_file,
13711,missing_file,
13712,missing_file,
13713,missing_file,
13714,missing_file,
13715,missing_file,
13716,missing_file,
13717,missing_file,
13718,missing_file,
13719,missing_file,
13720,missing_file,
13721,missing_file,
13722,missing_file,
13723,missing_file,
13724,missing_file,
13725,missing_file,
13726,missing_file,
13727,missing_file,
13728,missing_file,
13729,missing_file,
13730,missing_file,
13731,missing_file,
13732,missing_file,
13733,missing_file,
13734,missing_file,
13735,missing_file,
13736,missing_file,
13737,missing_file,
13738,missing_file,
13739,missing_file,
13740,missing_file,
13741,missing_file,
13742,missing_file,
13743,missing_file,
13744,missing_file,
13745,missing_file,
13746,missing_file,
13747,missing_file,
13748,missing_file,
13749,missing_file,
13750,missing_file,
13751,missing_file,
13752,missing_file,
13753,missing_file,
13754,missing_file,
13755,missing_file,
13756,missing_file,
13757,missing_file,
13758,missing_file,
13759,missing_file,
13760,missing_file,
13761,missing_file,
13762,missing_file,
13763,missing_file,
13764,missing_file,
13765,missing_file,
13766,missing_file,
13767,missing_file,
13768,missing_file,
13769,missing_file,
13770,missing_file,
13771,missing_file,
13772,missing_file,
13773,missing_file,
13774,missing_file,
13775,missing_file,
13776,missing_file,
13777,missing_file,
13778,missing_file,
13779,missing_file,
13780,missing_file,
13781,missing_file,
13782,missing_file,
13783,missing_file,
13784,missing_file,
13785,missing_file,
13786,missing_file,
13787,missing_file,
13788,missing_file,
13789,missing_file,
13790,missing_file,
13791,missing_file,
13792,missing_file,
13793,missing_file,
13794,missing_file,
13795,missing_file,
13796,missing_file,
13797,missing_file,
13798,missing_file,
13799,missing_file,
13800,missing_file,
13801,missing_file,
13802,missing_file,
13803,missing_file,
13804,missing_file,
13805,missing_file,
13806,missing_file,
13807,missing_file,
13808,missing_file,
13809,missing_file,
13810,missing_file,
13811,missing_file,
13812,missing_file,
13813,missing_file,
13814,missing_file,
13815,missing_file,
13816,missing_file,
13817,missing_file,
13818,missing_file,
13819,missing_file,
13820,missing_file,
13821,missing_file,
13822,missing_file,
13823,missing_file,
13824,missing_file,
13825,missing_file,
13826,missing_file,
13827,missing_file,
13828,missing_file,
13829,missing_file,
13830,missing_file,
13831,missing_file,
13832,missing_file,
13833,missing_file,
13834,missing_file,
13835,missing_file,
13836,missing_file,
13837,missing_file,
13838,missing_file,
13839,missing_file,
13840,missing_file,
13841,missing_file,
13842,missing_file,
13843,missing_file,
13844,missing_file,
13845,missing_file,
13846,missing_file,
13847,missing_file,
13848,missing_file,
13849,missing_file,
13850,missing_file,
13851,missing_file,
13852,missing_file,
13853,missing_file,
13854,missing_file,
13855,missing_file,
13856,missing_file,
13857,missing_file,
13858,missing_file,
13859,missing_file,
13860,missing_file,
13861,missing_file,
13862,missing_file,
13863,missing_file,
13864,missing_file,
13865,missing_file,
13866,missing_file,
13867,missing_file,
13868,missing_file,
13869,missing_file,
13870,missing_file,
13871,missing_file,
13872,missing_file,
13873,missing_file,
13874,missing_file,
13875,missing_file,
13876,missing_file,
13877,missing_file,
13878,missing_file,
13879,missing_file,
13880,missing_file,
13881,missing_file,
13882,missing_file,
13883,missing_file,
13884,missing_file,
13885,missing_file,
13886,missing_file,
13887,missing_file,
13888,missing_file,
13889,missing_file,
13890,missing_file,
13891,missing_file,
13892,missing_file,
13893,missing_file,
13894,missing_file,
13895,missing_file,
13896,missing_file,
13897,missing_file,
13898,missing_file,
13899,missing_file,
13900,missing_file,
13901,missing_file,
13902,missing_file,
13903,missing_file,
13904,missing_file,
13905,missing_file,
13906,missing_file,
13907,missing_file,
13908,missing_file,
13909,missing_file,
13910,missing_file,
13911,missing_file,
13912,missing_file,
13913,missing_file,
13914,missing_file,
13915,missing_file,
13916,missing_file,
13917,missing_file,
13918,missing_file,
13919,missing_file,
13920,missing_file,
13921,missing_file,
13922,missing_file,
13923,missing_file,
13924,missing_file,
13925,missing_file,
13926,missing_file,
13927,missing_file,
13928,missing_file,
13929,missing_file,
13930,missing_file,
13931,missing_file,
13932,missing_file,
13933,missing_file,
13934,missing_file,
13935,missing_file,
13936,missing_file,
13937,missing_file,
13938,missing_file,
13939,missing_file,
13940,missing_file,
13941,missing_file,
13942,missing_file,
13943,missing_file,
13944,missing_file,
13945,missing_file,
13946,missing_file,
13947,missing_file,
13948,missing_file,
13949,missing_file,
13950,missing_file,
13951,missing_file,
13952,missing_file,
13953,missing_file,
13954,missing_file,
13955,missing_file,
13956,missing_file,
13957,missing_file,
13958,missing_file,
13959,missing_file,
13960,missing_file,
13961,missing_file,
13962,missing_file,
13963,missing_file,
13964,missing_file,
13965,missing_file,
13966,missing_file,
13967,missing_file,
13968,missing_file,
13969,missing_file,
13970,missing_file,
13971,missing_file,
13972,missing_file,
13973,missing_file,
13974,missing_file,
13975,missing_file,
13976,missing_file,
13977,missing_file,
13978,missing_file,
13979,missing_file,
13980,missing_file,
13981,missing_file,
13982,missing_file,
13983,missing_file,
13984,missing_file,
13985,missing_file,
13986,missing_file,
13987,missing_file,
13988,missing_file,
13989,missing_file,
13990,missing_file,
13991,missing_file,
13992,missing_file,
13993,missing_file,
13994,missing_file,
13995,missing_file,
13996,missing_file,
13997,missing_file,
13998,missing_file,
13999,missing_file,
14000,missing_file,
14001,missing_file,
14002,missing_file,
14003,missing_file,
14004,missing_file,
14005,missing_file,
14006,missing_file,
14007,missing_file,
14008,missing_file,
14009,missing_file,
14010,missing_file,
14011,missing_file,
14012,missing_file,
14013,missing_file,
14014,missing_file,
14015,missing_file,
14016,missing_file,
14017,missing_file,
14018,missing_file,
14019,missing_file,
14020,missing_file,
14021,missing_file,
14022,missing_file,
14023,missing_file,
14024,missing_file,
14025,missing_file,
14026,missing_file,
14027,missing_file,
14028,missing_file,
14029,missing_file,
14030,missing_file,
14031,missing_file,
14032,missing_file,
14033,missing_file,
14034,missing_file,
14035,missing_file,
14036,missing_file,
14037,missing_file,
14038,missing_file,
14039,missing_file,
14040,missing_file,
14041,missing_file,
14042,missing_file,
14043,missing_file,
14044,missing_file,
14045,missing_file,
14046,missing_file,
14047,missing_file,
14048,missing_file,
14049,missing_file,
14050,missing_file,
14051,missing_file,
14052,missing_file,
14053,missing_file,
14054,missing_file,
14055,missing_file,
14056,missing_file,
14057,missing_file,
14058,missing_file,
14059,missing_file,
14060,missing_file,
14061,missing_file,
14062,missing_file,
14063,missing_file,
14064,missing_file,
14065,missing_file,
14066,missing_file,
14067,missing_file,
14068,missing_file,
14069,missing_file,
14070,missing_file,
14071,missing_file,
14072,missing_file,
14073,missing_file,
14074,missing_file,
14075,missing_file,
14076,missing_file,
14077,missing_file,
14078,missing_file,
14079,missing_file,
14080,missing_file,
14081,missing_file,
14082,missing_file,
14083,missing_file,
14084,missing_file,
14085,missing_file,
14086,missing_file,
14087,missing_file,
14088,missing_file,
14089,missing_file,
14090,missing_file,
14091,missing_file,
14092,missing_file,
14093,missing_file,
14094,missing_file,
14095,missing_file,
14096,missing_file,
14097,missing_file,
14098,missing_file,
14099,missing_file,
14100,missing_file,
14101,missing_file,
14102,missing_file,
14103,missing_file,
14104,missing_file,
14105,missing_file,
14106,missing_file,
14107,missing_file,
14108,missing_file,
14109,missing_file,
14110,missing_file,
14111,missing_file,
14112,missing_file,
14113,missing_file,
14114,missing_file,
14115,missing_file,
14116,missing_file,
14117,missing_file,
14118,missing_file,
14119,missing_file,
14120,missing_file,
14121,missing_file,
14122,missing_file,
14123,missing_file,
14124,missing_file,
14125,missing_file,
14126,missing_file,
14127,missing_file,
14128,missing_file,
14129,missing_file,
14130,missing_file,
14131,missing_file,
14132,missing_file,
14133,missing_file,
14134,missing_file,
14135,missing_file,
14136,missing_file,
14137,missing_file,
14138,missing_file,
14139,missing_file,
14140,missing_file,
14141,missing_file,
14142,missing_file,
14143,missing_file,
14144,missing_file,
14145,missing_file,
14146,missing_file,
14147,missing_file,
14148,missing_file,
14149,missing_file,
14150,missing_file,
14151,missing_file,
14152,missing_file,
14153,missing_file,
14154,missing_file,
14155,missing_file,
14156,missing_file,
14157,missing_file,
14158,missing_file,
14159,missing_file,
14160,missing_file,
14161,missing_file,
14162,missing_file,
14163,missing_file,
14164,missing_file,
14165,missing_file,
14166,missing_file,
14167,missing_file,
14168,missing_file,
14169,missing_file,
14170,missing_file,
14171,missing_file,
14172,missing_file,
14173,missing_file,
14174,missing_file,
14175,missing_file,
14176,missing_file,
14177,missing_file,
14178,missing_file,
14179,missing_file,
14180,missing_file,
14181,missing_file,
14182,missing_file,
14183,missing_file,
14184,missing_file,
14185,missing_file,
14186,missing_file,
14187,missing_file,
14188,missing_file,
14189,missing_file,
14190,missing_file,
14191,missing_file,
14192,missing_file,
14193,missing_file,
14194,missing_file,
14195,missing_file,
14196,missing_file,
14197,missing_file,
14198,missing_file,
14199,missing_file,
14200,missing_file,
14201,missing_file,
14202,missing_file,
14203,missing_file,
14204,missing_file,
14205,missing_file,
14206,missing_file,
14207,missing_file,
14208,missing_file,
14209,missing_file,
14210,missing_file,
14211,missing_file,
14212,missing_file,
14213,missing_file,
14214,missing_file,
14215,missing_file,
14216,missing_file,
14217,missing_file,
14218,missing_file,
14219,missing_file,
14220,missing_file,
14221,missing_file,
14222,missing_file,
14223,missing_file,
14224,missing_file,
14225,missing_file,
14226,missing_file,
14227,missing_file,
14228,missing_file,
14229,missing_file,
14230,missing_file,
14231,missing_file,
14232,missing_file,
14233,missing_file,
14234,missing_file,
14235,missing_file,
14236,missing_file,
14237,missing_file,
14238,missing_file,
14239,missing_file,
14240,missing_file,
14241,missing_file,
14242,missing_file,
14243,missing_file,
14244,missing_file,
14245,missing_file,
14246,missing_file,
14247,missing_file,
14248,missing_file,
14249,missing_file,
14250,missing_file,
14251,missing_file,
14252,missing_file,
14253,missing_file,
14254,missing_file,
14255,missing_file,
14256,missing_file,
14257,missing_file,
14258,missing_file,
14259,missing_file,
14260,missing_file,
14261,missing_file,
14262,missing_file,
14263,missing_file,
14264,missing_file,
14265,missing_file,
14266,missing_file,
14267,missing_file,
14268,missing_file,
14269,missing_file,
14270,missing_file,
14271,missing_file,
14272,missing_file,
14273,missing_file,
14274,missing_file,
14275,missing_file,
14276,missing_file,
14277,missing_file,
14278,missing_file,
14279,missing_file,
14280,missing_file,
14281,missing_file,
14282,missing_file,
14283,missing_file,
14284,missing_file,
14285,missing_file,
14286,missing_file,
14287,missing_file,
14288,missing_file,
14289,missing_file,
14290,missing_file,
14291,missing_file,
14292,missing_file,
14293,missing_file,
14294,missing_file,
14295,missing_file,
14296,missing_file,
14297,missing_file,
14298,missing_file,
14299,missing_file,
14300,missing_file,
14301,missing_file,
14302,missing_file,
14303,missing_file,
14304,missing_file,
14305,missing_file,
14306,missing_file,
14307,missing_file,
14308,missing_file,
14309,missing_file,
14310,missing_file,
14311,missing_file,
14312,missing_file,
14313,missing_file,
14314,missing_file,
14315,missing_file,
14316,missing_file,
14317,missing_file,
14318,missing_file,
14319,missing_file,
14320,missing_file,
14321,missing_file,
14322,missing_file,
14323,missing_file,
14324,missing_file,
14325,missing_file,
14326,missing_file,
14327,missing_file,
14328,missing_file,
14329,missing_file,
14330,missing_file,
14331,missing_file,
14332,missing_file,
14333,missing_file,
14334,missing_file,
14335,missing_file,
14336,missing_file,
14337,missing_file,
14338,missing_file,
14339,missing_file,
14340,missing_file,
14341,missing_file,
14342,missing_file,
14343,missing_file,
14344,missing_file,
14345,missing_file,
14346,missing_file,
14347,missing_file,
14348,missing_file,
14349,missing_file,
14350,missing_file,
14351,missing_file,
14352,missing_file,
14353,missing_file,
14354,missing_file,
14355,missing_file,
14356,missing_file,
14357,missing_file,
14358,missing_file,
14359,missing_file,
14360,missing_file,
14361,missing_file,
14362,missing_file,
14363,missing_file,
14364,missing_file,
14365,missing_file,
14366,missing_file,
14367,missing_file,
14368,missing_file,
14369,missing_file,
14370,missing_file,
14371,missing_file,
14372,missing_file,
14373,missing_file,
14374,missing_file,
14375,missing_file,
14376,missing_file,
14377,missing_file,
14378,missing_file,
14379,missing_file,
14380,missing_file,
14381,missing_file,
14382,missing_file,
14383,missing_file,
14384,missing_file,
14385,missing_file,
14386,missing_file,
14387,missing_file,
14388,missing_file,
14389,missing_file,
14390,missing_file,
14391,missing_file,
14392,missing_file,
14393,missing_file,
14394,missing_file,
14395,missing_file,
14396,missing_file,
14397,missing_file,
14398,missing_file,
14399,missing_file,
14400,missing_file,
14401,missing_file,
14402,missing_file,
14403,missing_file,
14404,missing_file,
14405,missing_file,
14406,missing_file,
14407,missing_file,
14408,missing_file,
14409,missing_file,
14410,missing_file,
14411,missing_file,
14412,missing_file,
14413,missing_file,
14414,missing_file,
14415,missing_file,
14416,missing_file,
14417,missing_file,
14418,missing_file,
